observation_id,observation_date,collected_at,source_id,series_id,series_name,value,unit,source_url
bls_semiconductor_employment_0b28b02eef9d39740ca2,2026-02-01,2026-08-04T18:00:52Z,bls_semiconductor_employment,CES3133441301,U.S. semiconductor and related device manufacturing employment,182.1,thousand employees,https://api.bls.gov/publicAPI/v1/timeseries/data/CES3133441301
bls_semiconductor_employment_0b40831a7609cd50936e,2025-04-01,2026-08-04T18:00:52Z,bls_semiconductor_employment,CES3133441301,U.S. semiconductor and related device manufacturing employment,197.1,thousand employees,https://api.bls.gov/publicAPI/v1/timeseries/data/CES3133441301
bls_semiconductor_employment_18234900d6f4e321301f,2025-02-01,2026-08-04T18:00:52Z,bls_semiconductor_employment,CES3133441301,U.S. semiconductor and related device manufacturing employment,197.9,thousand employees,https://api.bls.gov/publicAPI/v1/timeseries/data/CES3133441301
bls_semiconductor_employment_1932058b012ef7c0a717,2026-04-01,2026-08-04T18:00:52Z,bls_semiconductor_employment,CES3133441301,U.S. semiconductor and related device manufacturing employment,181.1,thousand employees,https://api.bls.gov/publicAPI/v1/timeseries/data/CES3133441301
bls_semiconductor_employment_22a07e542dede34e0900,2024-09-01,2026-08-04T18:00:52Z,bls_semiconductor_employment,CES3133441301,U.S. semiconductor and related device manufacturing employment,205.0,thousand employees,https://api.bls.gov/publicAPI/v1/timeseries/data/CES3133441301
bls_semiconductor_employment_2cc5070b622bbac8b549,2025-07-01,2026-08-04T18:00:52Z,bls_semiconductor_employment,CES3133441301,U.S. semiconductor and related device manufacturing employment,193.9,thousand employees,https://api.bls.gov/publicAPI/v1/timeseries/data/CES3133441301
bls_semiconductor_employment_41c99eb16043a65fe99b,2024-07-01,2026-08-04T18:00:52Z,bls_semiconductor_employment,CES3133441301,U.S. semiconductor and related device manufacturing employment,204.0,thousand employees,https://api.bls.gov/publicAPI/v1/timeseries/data/CES3133441301
bls_semiconductor_employment_4924e14e215a05063d8c,2024-11-01,2026-08-04T18:00:52Z,bls_semiconductor_employment,CES3133441301,U.S. semiconductor and related device manufacturing employment,201.9,thousand employees,https://api.bls.gov/publicAPI/v1/timeseries/data/CES3133441301
bls_semiconductor_employment_5d3c1c8907cc819a35c4,2024-08-01,2026-08-04T18:00:52Z,bls_semiconductor_employment,CES3133441301,U.S. semiconductor and related device manufacturing employment,203.8,thousand employees,https://api.bls.gov/publicAPI/v1/timeseries/data/CES3133441301
bls_semiconductor_employment_85624123bc972985472e,2024-05-01,2026-08-04T18:00:52Z,bls_semiconductor_employment,CES3133441301,U.S. semiconductor and related device manufacturing employment,203.4,thousand employees,https://api.bls.gov/publicAPI/v1/timeseries/data/CES3133441301
bls_semiconductor_employment_85cbf1102f2be4c696c4,2026-06-01,2026-08-08T08:07:07Z,bls_semiconductor_employment,CES3133441301,U.S. semiconductor and related device manufacturing employment,180.3,thousand employees,https://api.bls.gov/publicAPI/v1/timeseries/data/CES3133441301
bls_semiconductor_employment_8a3a0c7c24297476b141,2024-12-01,2026-08-04T18:00:52Z,bls_semiconductor_employment,CES3133441301,U.S. semiconductor and related device manufacturing employment,200.4,thousand employees,https://api.bls.gov/publicAPI/v1/timeseries/data/CES3133441301
bls_semiconductor_employment_8b6bc3086d28aa123dd5,2024-03-01,2026-08-04T18:00:52Z,bls_semiconductor_employment,CES3133441301,U.S. semiconductor and related device manufacturing employment,203.5,thousand employees,https://api.bls.gov/publicAPI/v1/timeseries/data/CES3133441301
bls_semiconductor_employment_8d5525ce23343ac694d0,2025-03-01,2026-08-04T18:00:52Z,bls_semiconductor_employment,CES3133441301,U.S. semiconductor and related device manufacturing employment,198.0,thousand employees,https://api.bls.gov/publicAPI/v1/timeseries/data/CES3133441301
bls_semiconductor_employment_95fc89a677de18984425,2025-10-01,2026-08-04T18:00:52Z,bls_semiconductor_employment,CES3133441301,U.S. semiconductor and related device manufacturing employment,185.8,thousand employees,https://api.bls.gov/publicAPI/v1/timeseries/data/CES3133441301
bls_semiconductor_employment_9858b9e4e8dc09567114,2025-01-01,2026-08-04T18:00:52Z,bls_semiconductor_employment,CES3133441301,U.S. semiconductor and related device manufacturing employment,199.6,thousand employees,https://api.bls.gov/publicAPI/v1/timeseries/data/CES3133441301
bls_semiconductor_employment_9bef99c99ba31bcd0044,2026-05-01,2026-08-04T18:00:52Z,bls_semiconductor_employment,CES3133441301,U.S. semiconductor and related device manufacturing employment,180.1,thousand employees,https://api.bls.gov/publicAPI/v1/timeseries/data/CES3133441301
bls_semiconductor_employment_9f2059fd3e4a5e3766f4,2024-04-01,2026-08-04T18:00:52Z,bls_semiconductor_employment,CES3133441301,U.S. semiconductor and related device manufacturing employment,203.5,thousand employees,https://api.bls.gov/publicAPI/v1/timeseries/data/CES3133441301
bls_semiconductor_employment_a0748b38177bfa5884ce,2024-10-01,2026-08-04T18:00:52Z,bls_semiconductor_employment,CES3133441301,U.S. semiconductor and related device manufacturing employment,203.1,thousand employees,https://api.bls.gov/publicAPI/v1/timeseries/data/CES3133441301
bls_semiconductor_employment_a0a1f8141559ed52de30,2026-01-01,2026-08-04T18:00:52Z,bls_semiconductor_employment,CES3133441301,U.S. semiconductor and related device manufacturing employment,182.8,thousand employees,https://api.bls.gov/publicAPI/v1/timeseries/data/CES3133441301
bls_semiconductor_employment_a34bc9545c92570799a4,2024-06-01,2026-08-04T18:00:52Z,bls_semiconductor_employment,CES3133441301,U.S. semiconductor and related device manufacturing employment,204.2,thousand employees,https://api.bls.gov/publicAPI/v1/timeseries/data/CES3133441301
bls_semiconductor_employment_aa560772976db7a7d01e,2025-11-01,2026-08-04T18:00:52Z,bls_semiconductor_employment,CES3133441301,U.S. semiconductor and related device manufacturing employment,186.0,thousand employees,https://api.bls.gov/publicAPI/v1/timeseries/data/CES3133441301
bls_semiconductor_employment_aab971d2f8a96af4579b,2025-08-01,2026-08-04T18:00:52Z,bls_semiconductor_employment,CES3133441301,U.S. semiconductor and related device manufacturing employment,190.5,thousand employees,https://api.bls.gov/publicAPI/v1/timeseries/data/CES3133441301
bls_semiconductor_employment_abaf210384d2936dd2a9,2025-05-01,2026-08-04T18:00:52Z,bls_semiconductor_employment,CES3133441301,U.S. semiconductor and related device manufacturing employment,196.3,thousand employees,https://api.bls.gov/publicAPI/v1/timeseries/data/CES3133441301
bls_semiconductor_employment_ad52a330273afb9ba352,2024-01-01,2026-08-04T18:00:52Z,bls_semiconductor_employment,CES3133441301,U.S. semiconductor and related device manufacturing employment,203.3,thousand employees,https://api.bls.gov/publicAPI/v1/timeseries/data/CES3133441301
bls_semiconductor_employment_dfbbcc82c0140b665a2d,2025-06-01,2026-08-04T18:00:52Z,bls_semiconductor_employment,CES3133441301,U.S. semiconductor and related device manufacturing employment,194.8,thousand employees,https://api.bls.gov/publicAPI/v1/timeseries/data/CES3133441301
bls_semiconductor_employment_e6f293e8b7fa4cfb7eee,2026-03-01,2026-08-04T18:00:52Z,bls_semiconductor_employment,CES3133441301,U.S. semiconductor and related device manufacturing employment,181.6,thousand employees,https://api.bls.gov/publicAPI/v1/timeseries/data/CES3133441301
bls_semiconductor_employment_f614c636d72a565227d1,2024-02-01,2026-08-04T18:00:52Z,bls_semiconductor_employment,CES3133441301,U.S. semiconductor and related device manufacturing employment,203.6,thousand employees,https://api.bls.gov/publicAPI/v1/timeseries/data/CES3133441301
bls_semiconductor_employment_fcc4ec965652f699a441,2025-09-01,2026-08-04T18:00:52Z,bls_semiconductor_employment,CES3133441301,U.S. semiconductor and related device manufacturing employment,187.5,thousand employees,https://api.bls.gov/publicAPI/v1/timeseries/data/CES3133441301
bls_semiconductor_employment_ffc36f393fc5d0ba7b1c,2025-12-01,2026-08-04T18:00:52Z,bls_semiconductor_employment,CES3133441301,U.S. semiconductor and related device manufacturing employment,185.1,thousand employees,https://api.bls.gov/publicAPI/v1/timeseries/data/CES3133441301
fred_semiconductor_000e784f329094f0396d,2001-11-01,2026-08-11T03:34:54Z,fred_semiconductor,IPG3344S,U.S. industrial production for computer and electronic product manufacturing,7.8071,index,https://fred.stlouisfed.org/series/IPG3344S
fred_semiconductor_004a758a8b16e558f054,1990-05-01,2026-08-11T03:34:54Z,fred_semiconductor,IPG3344S,U.S. industrial production for computer and electronic product manufacturing,0.2931,index,https://fred.stlouisfed.org/series/IPG3344S
fred_semiconductor_006b21de9cab0948eed7,2014-12-01,2026-08-11T03:34:54Z,fred_semiconductor,IPG3344S,U.S. industrial production for computer and electronic product manufacturing,82.1515,index,https://fred.stlouisfed.org/series/IPG3344S
fred_semiconductor_007ef1d849a10cd0e2ed,1993-10-01,2026-08-04T05:04:10Z,fred_semiconductor,PCU3344133441,Semiconductor and related device manufacturing producer price index,105.3,index,https://fred.stlouisfed.org/graph/fredgraph.csv?id=PCU3344133441
fred_semiconductor_0086c8b595666cfc6520,2008-06-01,2026-08-04T05:04:10Z,fred_semiconductor,PCU3344133441,Semiconductor and related device manufacturing producer price index,66.6,index,https://fred.stlouisfed.org/graph/fredgraph.csv?id=PCU3344133441
fred_semiconductor_00a2f61fcacd4e41d8a1,2003-10-01,2026-08-04T05:04:10Z,fred_semiconductor,PCU3344133441,Semiconductor and related device manufacturing producer price index,79.1,index,https://fred.stlouisfed.org/graph/fredgraph.csv?id=PCU3344133441
fred_semiconductor_00adae11d5ade858c9d9,2023-06-01,2026-08-04T05:04:10Z,fred_semiconductor,PCU3344133441,Semiconductor and related device manufacturing producer price index,56.743,index,https://fred.stlouisfed.org/graph/fredgraph.csv?id=PCU3344133441
fred_semiconductor_00b5e2a83bc1b82988a5,2016-03-01,2026-08-11T03:34:54Z,fred_semiconductor,CUSR0000SEEE01,"U.S. consumer price index for computers, peripherals, and smart home assistants",45.269,index,https://fred.stlouisfed.org/series/CUSR0000SEEE01
fred_semiconductor_010b1485bcd0428a6ded,1989-06-01,2026-08-11T03:34:54Z,fred_semiconductor,IPG3344S,U.S. industrial production for computer and electronic product manufacturing,0.2624,index,https://fred.stlouisfed.org/series/IPG3344S
fred_semiconductor_012f9174d7df182083fa,1980-10-01,2026-08-11T03:34:54Z,fred_semiconductor,IPG3344S,U.S. industrial production for computer and electronic product manufacturing,0.0872,index,https://fred.stlouisfed.org/series/IPG3344S
fred_semiconductor_013a0fa0c50e225f5c95,1995-01-01,2026-08-11T03:34:54Z,fred_semiconductor,IPG3344S,U.S. industrial production for computer and electronic product manufacturing,0.7128,index,https://fred.stlouisfed.org/series/IPG3344S
fred_semiconductor_01645d1c87c0e7726c90,2006-06-01,2026-08-11T03:34:54Z,fred_semiconductor,CUSR0000SEEE01,"U.S. consumer price index for computers, peripherals, and smart home assistants",119.8,index,https://fred.stlouisfed.org/series/CUSR0000SEEE01
fred_semiconductor_01b978ff345715942563,2000-05-01,2026-08-04T05:04:10Z,fred_semiconductor,PCU3344133441,Semiconductor and related device manufacturing producer price index,88.5,index,https://fred.stlouisfed.org/graph/fredgraph.csv?id=PCU3344133441
fred_semiconductor_022be3734c51fd388309,1991-08-01,2026-08-04T05:04:10Z,fred_semiconductor,PCU3344133441,Semiconductor and related device manufacturing producer price index,104.8,index,https://fred.stlouisfed.org/graph/fredgraph.csv?id=PCU3344133441
fred_semiconductor_024fe41ad01afde6231c,1992-06-01,2026-08-11T03:34:54Z,fred_semiconductor,IPG3344S,U.S. industrial production for computer and electronic product manufacturing,0.3903,index,https://fred.stlouisfed.org/series/IPG3344S
fred_semiconductor_02583f4a45cc7e1cac91,2012-07-01,2026-08-11T03:34:54Z,fred_semiconductor,IPG3344S,U.S. industrial production for computer and electronic product manufacturing,60.6111,index,https://fred.stlouisfed.org/series/IPG3344S
fred_semiconductor_02746dafb5627c26566a,2023-03-01,2026-08-11T03:34:54Z,fred_semiconductor,IPG3344S,U.S. industrial production for computer and electronic product manufacturing,133.5331,index,https://fred.stlouisfed.org/series/IPG3344S
fred_semiconductor_02de574eceec6c50fc84,1992-01-01,2026-08-11T03:34:54Z,fred_semiconductor,IPG3344S,U.S. industrial production for computer and electronic product manufacturing,0.3592,index,https://fred.stlouisfed.org/series/IPG3344S
fred_semiconductor_034eda22fed666922f09,2004-05-01,2026-08-04T05:04:10Z,fred_semiconductor,PCU3344133441,Semiconductor and related device manufacturing producer price index,78.3,index,https://fred.stlouisfed.org/graph/fredgraph.csv?id=PCU3344133441
fred_semiconductor_0379128035f4f089ed66,2007-02-01,2026-08-11T03:34:54Z,fred_semiconductor,IPG3344S,U.S. industrial production for computer and electronic product manufacturing,25.0646,index,https://fred.stlouisfed.org/series/IPG3344S
fred_semiconductor_03bd5a4507d43c4ae4c7,2009-06-01,2026-08-11T03:34:54Z,fred_semiconductor,CUSR0000SEEE01,"U.S. consumer price index for computers, peripherals, and smart home assistants",83.609,index,https://fred.stlouisfed.org/series/CUSR0000SEEE01
fred_semiconductor_03f46733ba37e2adf1cc,2005-07-01,2026-08-11T03:34:54Z,fred_semiconductor,CUSR0000SEEE01,"U.S. consumer price index for computers, peripherals, and smart home assistants",142.9,index,https://fred.stlouisfed.org/series/CUSR0000SEEE01
fred_semiconductor_04275e44fbbd17338c93,1973-03-01,2026-08-11T03:34:54Z,fred_semiconductor,IPG3344S,U.S. industrial production for computer and electronic product manufacturing,0.0377,index,https://fred.stlouisfed.org/series/IPG3344S
fred_semiconductor_043e22973f95d0f46f23,2015-08-01,2026-08-04T05:04:10Z,fred_semiconductor,PCU3344133441,Semiconductor and related device manufacturing producer price index,58.2,index,https://fred.stlouisfed.org/graph/fredgraph.csv?id=PCU3344133441
fred_semiconductor_047c5b905012d3d69fc1,2026-03-01,2026-08-11T03:34:54Z,fred_semiconductor,IPG3344S,U.S. industrial production for computer and electronic product manufacturing,173.5648,index,https://fred.stlouisfed.org/series/IPG3344S
fred_semiconductor_04b71179e7737b4badee,1996-09-01,2026-08-11T03:34:54Z,fred_semiconductor,IPG3344S,U.S. industrial production for computer and electronic product manufacturing,1.4113,index,https://fred.stlouisfed.org/series/IPG3344S
fred_semiconductor_04ba2aeb6aa4d861e587,1979-11-01,2026-08-11T03:34:54Z,fred_semiconductor,IPG3344S,U.S. industrial production for computer and electronic product manufacturing,0.085,index,https://fred.stlouisfed.org/series/IPG3344S
fred_semiconductor_05238680fd906c521763,1995-04-01,2026-08-11T03:34:54Z,fred_semiconductor,IPG3344S,U.S. industrial production for computer and electronic product manufacturing,0.786,index,https://fred.stlouisfed.org/series/IPG3344S
fred_semiconductor_054f1bc712925275b8b7,2018-10-01,2026-08-11T03:34:54Z,fred_semiconductor,IPG3344S,U.S. industrial production for computer and electronic product manufacturing,105.2557,index,https://fred.stlouisfed.org/series/IPG3344S
fred_semiconductor_05712a075a0682d9e1f7,2022-08-01,2026-08-11T03:34:54Z,fred_semiconductor,IPG3344S,U.S. industrial production for computer and electronic product manufacturing,132.8333,index,https://fred.stlouisfed.org/series/IPG3344S
fred_semiconductor_05ae1a6e38d9596070b6,2009-12-01,2026-08-11T03:34:54Z,fred_semiconductor,CUSR0000SEEE01,"U.S. consumer price index for computers, peripherals, and smart home assistants",78.523,index,https://fred.stlouisfed.org/series/CUSR0000SEEE01
fred_semiconductor_05dcb64470a5aa815c5c,1995-06-01,2026-08-04T05:04:10Z,fred_semiconductor,PCU3344133441,Semiconductor and related device manufacturing producer price index,102.5,index,https://fred.stlouisfed.org/graph/fredgraph.csv?id=PCU3344133441
fred_semiconductor_05ecb1b8d1228494e658,2005-03-01,2026-08-11T03:34:54Z,fred_semiconductor,CUSR0000SEEE01,"U.S. consumer price index for computers, peripherals, and smart home assistants",149.4,index,https://fred.stlouisfed.org/series/CUSR0000SEEE01
fred_semiconductor_0672e49b1eb5d6137374,2022-10-01,2026-08-11T03:34:54Z,fred_semiconductor,IPG3344S,U.S. industrial production for computer and electronic product manufacturing,132.9257,index,https://fred.stlouisfed.org/series/IPG3344S
fred_semiconductor_067f09be10857eee60f7,2012-11-01,2026-08-04T05:04:10Z,fred_semiconductor,PCU3344133441,Semiconductor and related device manufacturing producer price index,59.1,index,https://fred.stlouisfed.org/graph/fredgraph.csv?id=PCU3344133441
fred_semiconductor_069126bf4e3f01d63184,2024-04-01,2026-08-11T03:34:54Z,fred_semiconductor,CUSR0000SEEE01,"U.S. consumer price index for computers, peripherals, and smart home assistants",36.865,index,https://fred.stlouisfed.org/series/CUSR0000SEEE01
fred_semiconductor_06b3b9ecf7a3436cab06,2009-11-01,2026-08-11T03:34:54Z,fred_semiconductor,CUSR0000SEEE01,"U.S. consumer price index for computers, peripherals, and smart home assistants",78.661,index,https://fred.stlouisfed.org/series/CUSR0000SEEE01
fred_semiconductor_06cd85c4d2d8b4f662fa,2007-01-01,2026-08-11T03:34:54Z,fred_semiconductor,IPG3344S,U.S. industrial production for computer and electronic product manufacturing,24.6575,index,https://fred.stlouisfed.org/series/IPG3344S
fred_semiconductor_06e079c68e857b759ea0,2009-04-01,2026-08-11T03:34:54Z,fred_semiconductor,CUSR0000SEEE01,"U.S. consumer price index for computers, peripherals, and smart home assistants",84.491,index,https://fred.stlouisfed.org/series/CUSR0000SEEE01
fred_semiconductor_0700b3d3675bbc62b11d,2018-09-01,2026-08-11T03:34:54Z,fred_semiconductor,IPG3344S,U.S. industrial production for computer and electronic product manufacturing,106.6054,index,https://fred.stlouisfed.org/series/IPG3344S
fred_semiconductor_0705121daa9495dae1fa,1991-12-01,2026-08-04T05:04:10Z,fred_semiconductor,PCU3344133441,Semiconductor and related device manufacturing producer price index,104.5,index,https://fred.stlouisfed.org/graph/fredgraph.csv?id=PCU3344133441
fred_semiconductor_071a897ef9cbbcd45e0c,1993-06-01,2026-08-04T05:04:10Z,fred_semiconductor,PCU3344133441,Semiconductor and related device manufacturing producer price index,105.5,index,https://fred.stlouisfed.org/graph/fredgraph.csv?id=PCU3344133441
fred_semiconductor_072f94c7eb5f71c91efd,1990-05-01,2026-08-04T05:04:10Z,fred_semiconductor,PCU3344133441,Semiconductor and related device manufacturing producer price index,104.8,index,https://fred.stlouisfed.org/graph/fredgraph.csv?id=PCU3344133441
fred_semiconductor_07326f82dd9604478ed7,2015-10-01,2026-08-11T03:34:54Z,fred_semiconductor,IPG3344S,U.S. industrial production for computer and electronic product manufacturing,81.048,index,https://fred.stlouisfed.org/series/IPG3344S
fred_semiconductor_075ce73d045bbeceb7be,1989-03-01,2026-08-11T03:34:54Z,fred_semiconductor,IPG3344S,U.S. industrial production for computer and electronic product manufacturing,0.2528,index,https://fred.stlouisfed.org/series/IPG3344S
fred_semiconductor_076068fb442ef8a3a0a3,1992-08-01,2026-08-11T03:34:54Z,fred_semiconductor,IPG3344S,U.S. industrial production for computer and electronic product manufacturing,0.4037,index,https://fred.stlouisfed.org/series/IPG3344S
fred_semiconductor_07890402b04a7e5849ba,2015-02-01,2026-08-04T05:04:10Z,fred_semiconductor,PCU3344133441,Semiconductor and related device manufacturing producer price index,58.7,index,https://fred.stlouisfed.org/graph/fredgraph.csv?id=PCU3344133441
fred_semiconductor_07bdb6b4352c9c8e6a39,2009-05-01,2026-08-04T05:04:10Z,fred_semiconductor,PCU3344133441,Semiconductor and related device manufacturing producer price index,65.5,index,https://fred.stlouisfed.org/graph/fredgraph.csv?id=PCU3344133441
fred_semiconductor_07c5060597dcc3e6d224,2011-06-01,2026-08-11T03:34:54Z,fred_semiconductor,CUSR0000SEEE01,"U.S. consumer price index for computers, peripherals, and smart home assistants",68.854,index,https://fred.stlouisfed.org/series/CUSR0000SEEE01
fred_semiconductor_07cbebb428bc0f9c4047,2010-08-01,2026-08-04T05:04:10Z,fred_semiconductor,PCU3344133441,Semiconductor and related device manufacturing producer price index,63.8,index,https://fred.stlouisfed.org/graph/fredgraph.csv?id=PCU3344133441
fred_semiconductor_07d38565a80ed222fa38,2004-01-01,2026-08-11T03:34:54Z,fred_semiconductor,IPG3344S,U.S. industrial production for computer and electronic product manufacturing,14.7787,index,https://fred.stlouisfed.org/series/IPG3344S
fred_semiconductor_07e69a1a00499ff5f103,1996-01-01,2026-08-04T05:04:10Z,fred_semiconductor,PCU3344133441,Semiconductor and related device manufacturing producer price index,102.0,index,https://fred.stlouisfed.org/graph/fredgraph.csv?id=PCU3344133441
fred_semiconductor_07fef6418821d950fbbd,1996-03-01,2026-08-11T03:34:54Z,fred_semiconductor,IPG3344S,U.S. industrial production for computer and electronic product manufacturing,1.1712,index,https://fred.stlouisfed.org/series/IPG3344S
fred_semiconductor_083b7136496e5b2d1baf,2004-10-01,2026-08-04T05:04:10Z,fred_semiconductor,PCU3344133441,Semiconductor and related device manufacturing producer price index,78.3,index,https://fred.stlouisfed.org/graph/fredgraph.csv?id=PCU3344133441
fred_semiconductor_084257c26204c88c12c8,1974-10-01,2026-08-11T03:34:54Z,fred_semiconductor,IPG3344S,U.S. industrial production for computer and electronic product manufacturing,0.0399,index,https://fred.stlouisfed.org/series/IPG3344S
fred_semiconductor_085c1e496a02caa58e6e,2014-08-01,2026-08-11T03:34:54Z,fred_semiconductor,CUSR0000SEEE01,"U.S. consumer price index for computers, peripherals, and smart home assistants",52.053,index,https://fred.stlouisfed.org/series/CUSR0000SEEE01
fred_semiconductor_085cd8fb3eb05e387f07,1995-05-01,2026-08-11T03:34:54Z,fred_semiconductor,IPG3344S,U.S. industrial production for computer and electronic product manufacturing,0.8132,index,https://fred.stlouisfed.org/series/IPG3344S
fred_semiconductor_088ce2cfc445a5336672,1989-11-01,2026-08-11T03:34:54Z,fred_semiconductor,IPG3344S,U.S. industrial production for computer and electronic product manufacturing,0.2786,index,https://fred.stlouisfed.org/series/IPG3344S
fred_semiconductor_089216af2fd1c639cbbe,2018-07-01,2026-08-11T03:34:54Z,fred_semiconductor,CUSR0000SEEE01,"U.S. consumer price index for computers, peripherals, and smart home assistants",40.23,index,https://fred.stlouisfed.org/series/CUSR0000SEEE01
fred_semiconductor_08b1e3a4cf237f5d9b35,1994-12-01,2026-08-11T03:34:54Z,fred_semiconductor,IPG3344S,U.S. industrial production for computer and electronic product manufacturing,0.696,index,https://fred.stlouisfed.org/series/IPG3344S
fred_semiconductor_08d334c1b4646f2814c1,1994-03-01,2026-08-04T05:04:10Z,fred_semiconductor,PCU3344133441,Semiconductor and related device manufacturing producer price index,105.4,index,https://fred.stlouisfed.org/graph/fredgraph.csv?id=PCU3344133441
fred_semiconductor_08df66543289d10d4546,2021-06-01,2026-08-11T03:34:54Z,fred_semiconductor,CUSR0000SEEE01,"U.S. consumer price index for computers, peripherals, and smart home assistants",39.662,index,https://fred.stlouisfed.org/series/CUSR0000SEEE01
fred_semiconductor_08e6b7730a071746bfa3,1997-03-01,2026-08-04T05:04:10Z,fred_semiconductor,PCU3344133441,Semiconductor and related device manufacturing producer price index,96.6,index,https://fred.stlouisfed.org/graph/fredgraph.csv?id=PCU3344133441
fred_semiconductor_08e834b8f26fdc2ebbfc,2020-01-01,2026-08-11T03:34:54Z,fred_semiconductor,CUSR0000SEEE01,"U.S. consumer price index for computers, peripherals, and smart home assistants",37.728,index,https://fred.stlouisfed.org/series/CUSR0000SEEE01
fred_semiconductor_08ee73552e5beca97b69,2017-07-01,2026-08-11T03:34:54Z,fred_semiconductor,CUSR0000SEEE01,"U.S. consumer price index for computers, peripherals, and smart home assistants",42.973,index,https://fred.stlouisfed.org/series/CUSR0000SEEE01
fred_semiconductor_0936323f1f6793b219dc,1985-05-01,2026-08-11T03:34:54Z,fred_semiconductor,IPG3344S,U.S. industrial production for computer and electronic product manufacturing,0.1694,index,https://fred.stlouisfed.org/series/IPG3344S
fred_semiconductor_0938732dc9896f893561,2010-10-01,2026-08-04T05:04:10Z,fred_semiconductor,PCU3344133441,Semiconductor and related device manufacturing producer price index,63.2,index,https://fred.stlouisfed.org/graph/fredgraph.csv?id=PCU3344133441
fred_semiconductor_09a82d21b5345fda5001,1991-02-01,2026-08-11T03:34:54Z,fred_semiconductor,IPG3344S,U.S. industrial production for computer and electronic product manufacturing,0.3183,index,https://fred.stlouisfed.org/series/IPG3344S
fred_semiconductor_09f226ecc9744e60e20b,2021-04-01,2026-08-11T03:34:54Z,fred_semiconductor,CUSR0000SEEE01,"U.S. consumer price index for computers, peripherals, and smart home assistants",39.358,index,https://fred.stlouisfed.org/series/CUSR0000SEEE01
fred_semiconductor_09fb6184edec53d8307f,1988-01-01,2026-08-04T05:04:10Z,fred_semiconductor,PCU3344133441,Semiconductor and related device manufacturing producer price index,103.2,index,https://fred.stlouisfed.org/graph/fredgraph.csv?id=PCU3344133441
fred_semiconductor_0a4dd68b327a764f0cc1,2016-04-01,2026-08-11T03:34:54Z,fred_semiconductor,CUSR0000SEEE01,"U.S. consumer price index for computers, peripherals, and smart home assistants",45.282,index,https://fred.stlouisfed.org/series/CUSR0000SEEE01
fred_semiconductor_0a72b0030db8aa7be4a3,2008-07-01,2026-08-11T03:34:54Z,fred_semiconductor,IPG3344S,U.S. industrial production for computer and electronic product manufacturing,36.5835,index,https://fred.stlouisfed.org/series/IPG3344S
fred_semiconductor_0a969b8e261aba692e0c,2013-07-01,2026-08-11T03:34:54Z,fred_semiconductor,CUSR0000SEEE01,"U.S. consumer price index for computers, peripherals, and smart home assistants",56.061,index,https://fred.stlouisfed.org/series/CUSR0000SEEE01
fred_semiconductor_0b0f7e27b0dcb0326814,1982-08-01,2026-08-11T03:34:54Z,fred_semiconductor,IPG3344S,U.S. industrial production for computer and electronic product manufacturing,0.1105,index,https://fred.stlouisfed.org/series/IPG3344S
fred_semiconductor_0b21f6e3f96ce5fcead7,1972-02-01,2026-08-11T03:34:54Z,fred_semiconductor,IPG3344S,U.S. industrial production for computer and electronic product manufacturing,0.0286,index,https://fred.stlouisfed.org/series/IPG3344S
fred_semiconductor_0b2863b0a506dcaf3943,2016-03-01,2026-08-11T03:34:54Z,fred_semiconductor,IPG3344S,U.S. industrial production for computer and electronic product manufacturing,82.9313,index,https://fred.stlouisfed.org/series/IPG3344S
fred_semiconductor_0b4dc95d031048b3e280,2007-04-01,2026-08-11T03:34:54Z,fred_semiconductor,CUSR0000SEEE01,"U.S. consumer price index for computers, peripherals, and smart home assistants",112.435,index,https://fred.stlouisfed.org/series/CUSR0000SEEE01
fred_semiconductor_0b9b4b6a35f011b0585a,2019-03-01,2026-08-11T03:34:54Z,fred_semiconductor,IPG3344S,U.S. industrial production for computer and electronic product manufacturing,105.3679,index,https://fred.stlouisfed.org/series/IPG3344S
fred_semiconductor_0bc358f20f613e721e13,2009-09-01,2026-08-11T03:34:54Z,fred_semiconductor,CUSR0000SEEE01,"U.S. consumer price index for computers, peripherals, and smart home assistants",78.82,index,https://fred.stlouisfed.org/series/CUSR0000SEEE01
fred_semiconductor_0c2602464419f3528623,2011-01-01,2026-08-11T03:34:54Z,fred_semiconductor,CUSR0000SEEE01,"U.S. consumer price index for computers, peripherals, and smart home assistants",72.941,index,https://fred.stlouisfed.org/series/CUSR0000SEEE01
fred_semiconductor_0c42b2d89312c22382ab,2009-03-01,2026-08-11T03:34:54Z,fred_semiconductor,IPG3344S,U.S. industrial production for computer and electronic product manufacturing,27.437,index,https://fred.stlouisfed.org/series/IPG3344S
fred_semiconductor_0c5b6aa965a1bf4ab7e7,1989-02-01,2026-08-11T03:34:54Z,fred_semiconductor,IPG3344S,U.S. industrial production for computer and electronic product manufacturing,0.2545,index,https://fred.stlouisfed.org/series/IPG3344S
fred_semiconductor_0c5f6cdbf0be9280490c,2005-05-01,2026-08-11T03:34:54Z,fred_semiconductor,CUSR0000SEEE01,"U.S. consumer price index for computers, peripherals, and smart home assistants",146.5,index,https://fred.stlouisfed.org/series/CUSR0000SEEE01
fred_semiconductor_0c71060762a0a7c1b79d,1977-09-01,2026-08-11T03:34:54Z,fred_semiconductor,IPG3344S,U.S. industrial production for computer and electronic product manufacturing,0.0572,index,https://fred.stlouisfed.org/series/IPG3344S
fred_semiconductor_0cb18e2aba69259c7198,1985-08-01,2026-08-04T05:04:10Z,fred_semiconductor,PCU3344133441,Semiconductor and related device manufacturing producer price index,100.5,index,https://fred.stlouisfed.org/graph/fredgraph.csv?id=PCU3344133441
fred_semiconductor_0cf44e46fc66460890cb,1986-08-01,2026-08-11T03:34:54Z,fred_semiconductor,IPG3344S,U.S. industrial production for computer and electronic product manufacturing,0.1784,index,https://fred.stlouisfed.org/series/IPG3344S
fred_semiconductor_0d5e82256867782e0b42,2019-05-01,2026-08-11T03:34:54Z,fred_semiconductor,CUSR0000SEEE01,"U.S. consumer price index for computers, peripherals, and smart home assistants",39.339,index,https://fred.stlouisfed.org/series/CUSR0000SEEE01
fred_semiconductor_0dd2f1088610dee52eae,2019-10-01,2026-08-11T03:34:54Z,fred_semiconductor,IPG3344S,U.S. industrial production for computer and electronic product manufacturing,108.9746,index,https://fred.stlouisfed.org/series/IPG3344S
fred_semiconductor_0e067d4a334c7e8bd69d,2025-10-01,2026-08-11T03:34:54Z,fred_semiconductor,IPG3344S,U.S. industrial production for computer and electronic product manufacturing,169.1163,index,https://fred.stlouisfed.org/series/IPG3344S
fred_semiconductor_0e3bf717e2bd2638fea0,2007-04-01,2026-08-11T03:34:54Z,fred_semiconductor,IPG3344S,U.S. industrial production for computer and electronic product manufacturing,27.0673,index,https://fred.stlouisfed.org/series/IPG3344S
fred_semiconductor_0e7b384b61d6fcb5d6e2,2025-06-01,2026-08-11T03:34:54Z,fred_semiconductor,CUSR0000SEEE01,"U.S. consumer price index for computers, peripherals, and smart home assistants",35.685,index,https://fred.stlouisfed.org/series/CUSR0000SEEE01
fred_semiconductor_0e991a8ddd85da10308a,2014-05-01,2026-08-11T03:34:54Z,fred_semiconductor,IPG3344S,U.S. industrial production for computer and electronic product manufacturing,81.8774,index,https://fred.stlouisfed.org/series/IPG3344S
fred_semiconductor_0e9a3ea49eaeeacfaad1,1988-07-01,2026-08-11T03:34:54Z,fred_semiconductor,IPG3344S,U.S. industrial production for computer and electronic product manufacturing,0.2452,index,https://fred.stlouisfed.org/series/IPG3344S
fred_semiconductor_0eaee467e5d64366a66d,2022-10-01,2026-08-11T03:34:54Z,fred_semiconductor,CUSR0000SEEE01,"U.S. consumer price index for computers, peripherals, and smart home assistants",39.076,index,https://fred.stlouisfed.org/series/CUSR0000SEEE01
fred_semiconductor_0eb40f79cfbf13b78756,2005-11-01,2026-08-04T05:04:10Z,fred_semiconductor,PCU3344133441,Semiconductor and related device manufacturing producer price index,75.2,index,https://fred.stlouisfed.org/graph/fredgraph.csv?id=PCU3344133441
fred_semiconductor_0ecc8a8bfeacd2f04bcb,2017-12-01,2026-08-11T03:34:54Z,fred_semiconductor,CUSR0000SEEE01,"U.S. consumer price index for computers, peripherals, and smart home assistants",41.353,index,https://fred.stlouisfed.org/series/CUSR0000SEEE01
fred_semiconductor_0edec4ee303d39b2b91f,2023-02-01,2026-08-11T03:34:54Z,fred_semiconductor,CUSR0000SEEE01,"U.S. consumer price index for computers, peripherals, and smart home assistants",37.712,index,https://fred.stlouisfed.org/series/CUSR0000SEEE01
fred_semiconductor_0f37122b80dfe955ddb1,1993-04-01,2026-08-11T03:34:54Z,fred_semiconductor,IPG3344S,U.S. industrial production for computer and electronic product manufacturing,0.4391,index,https://fred.stlouisfed.org/series/IPG3344S
fred_semiconductor_0f4444e527540c6ee41c,1979-06-01,2026-08-11T03:34:54Z,fred_semiconductor,IPG3344S,U.S. industrial production for computer and electronic product manufacturing,0.0778,index,https://fred.stlouisfed.org/series/IPG3344S
fred_semiconductor_0f461c89db23b9aaa4db,1990-11-01,2026-08-04T05:04:10Z,fred_semiconductor,PCU3344133441,Semiconductor and related device manufacturing producer price index,104.7,index,https://fred.stlouisfed.org/graph/fredgraph.csv?id=PCU3344133441
fred_semiconductor_0f4f1444d0aa2426567a,1988-09-01,2026-08-11T03:34:54Z,fred_semiconductor,IPG3344S,U.S. industrial production for computer and electronic product manufacturing,0.2499,index,https://fred.stlouisfed.org/series/IPG3344S
fred_semiconductor_0fbc3150b069e5d47806,1987-11-01,2026-08-04T05:04:10Z,fred_semiconductor,PCU3344133441,Semiconductor and related device manufacturing producer price index,102.6,index,https://fred.stlouisfed.org/graph/fredgraph.csv?id=PCU3344133441
fred_semiconductor_0fc6eaa275728846b24b,2024-05-01,2026-08-11T03:34:54Z,fred_semiconductor,IPG3344S,U.S. industrial production for computer and electronic product manufacturing,144.2792,index,https://fred.stlouisfed.org/series/IPG3344S
fred_semiconductor_0ffdeb0984a45abd6621,2020-12-01,2026-08-11T03:34:54Z,fred_semiconductor,CUSR0000SEEE01,"U.S. consumer price index for computers, peripherals, and smart home assistants",38.315,index,https://fred.stlouisfed.org/series/CUSR0000SEEE01
fred_semiconductor_10173c0eb398cb730cf1,2002-09-01,2026-08-11T03:34:54Z,fred_semiconductor,IPG3344S,U.S. industrial production for computer and electronic product manufacturing,9.761,index,https://fred.stlouisfed.org/series/IPG3344S
fred_semiconductor_103fc5c80ad7ffb6d214,2007-03-01,2026-08-11T03:34:54Z,fred_semiconductor,IPG3344S,U.S. industrial production for computer and electronic product manufacturing,26.0529,index,https://fred.stlouisfed.org/series/IPG3344S
fred_semiconductor_10435de1f4aef4788c42,2011-12-01,2026-08-11T03:34:54Z,fred_semiconductor,IPG3344S,U.S. industrial production for computer and electronic product manufacturing,55.9485,index,https://fred.stlouisfed.org/series/IPG3344S
fred_semiconductor_108d132231b0ba91b243,1974-05-01,2026-08-11T03:34:54Z,fred_semiconductor,IPG3344S,U.S. industrial production for computer and electronic product manufacturing,0.0434,index,https://fred.stlouisfed.org/series/IPG3344S
fred_semiconductor_10a3e1a2f5b5e72a0d9d,1972-01-01,2026-08-11T03:34:54Z,fred_semiconductor,IPG3344S,U.S. industrial production for computer and electronic product manufacturing,0.029,index,https://fred.stlouisfed.org/series/IPG3344S
fred_semiconductor_10b8b7647588602447bf,1995-11-01,2026-08-04T05:04:10Z,fred_semiconductor,PCU3344133441,Semiconductor and related device manufacturing producer price index,102.3,index,https://fred.stlouisfed.org/graph/fredgraph.csv?id=PCU3344133441
fred_semiconductor_11d0078de3b73a002e9c,1978-03-01,2026-08-11T03:34:54Z,fred_semiconductor,IPG3344S,U.S. industrial production for computer and electronic product manufacturing,0.0606,index,https://fred.stlouisfed.org/series/IPG3344S
fred_semiconductor_11d04e500e3602034d6e,2009-01-01,2026-08-11T03:34:54Z,fred_semiconductor,IPG3344S,U.S. industrial production for computer and electronic product manufacturing,25.7565,index,https://fred.stlouisfed.org/series/IPG3344S
fred_semiconductor_11e7eeb44f28355c3cad,2013-11-01,2026-08-04T05:04:10Z,fred_semiconductor,PCU3344133441,Semiconductor and related device manufacturing producer price index,59.4,index,https://fred.stlouisfed.org/graph/fredgraph.csv?id=PCU3344133441
fred_semiconductor_11f4b7294df2f11a0ad9,2005-09-01,2026-08-11T03:34:54Z,fred_semiconductor,IPG3344S,U.S. industrial production for computer and electronic product manufacturing,21.0523,index,https://fred.stlouisfed.org/series/IPG3344S
fred_semiconductor_123e01587815c1584b09,1984-12-01,2026-08-11T03:34:54Z,fred_semiconductor,IPG3344S,U.S. industrial production for computer and electronic product manufacturing,0.1755,index,https://fred.stlouisfed.org/series/IPG3344S
fred_semiconductor_1299c0f6db073f37e5a5,2014-09-01,2026-08-11T03:34:54Z,fred_semiconductor,CUSR0000SEEE01,"U.S. consumer price index for computers, peripherals, and smart home assistants",51.325,index,https://fred.stlouisfed.org/series/CUSR0000SEEE01
fred_semiconductor_12f8996747cb059b7144,1989-09-01,2026-08-11T03:34:54Z,fred_semiconductor,IPG3344S,U.S. industrial production for computer and electronic product manufacturing,0.2728,index,https://fred.stlouisfed.org/series/IPG3344S
fred_semiconductor_1305b23b952a2d1d5391,1985-07-01,2026-08-04T05:04:10Z,fred_semiconductor,PCU3344133441,Semiconductor and related device manufacturing producer price index,100.4,index,https://fred.stlouisfed.org/graph/fredgraph.csv?id=PCU3344133441
fred_semiconductor_139d996fa00b47046d36,1995-08-01,2026-08-11T03:34:54Z,fred_semiconductor,IPG3344S,U.S. industrial production for computer and electronic product manufacturing,0.8831,index,https://fred.stlouisfed.org/series/IPG3344S
fred_semiconductor_13cd80b141f7fad16719,2026-06-01,2026-08-11T03:34:54Z,fred_semiconductor,CUSR0000SEEE01,"U.S. consumer price index for computers, peripherals, and smart home assistants",35.406,index,https://fred.stlouisfed.org/series/CUSR0000SEEE01
fred_semiconductor_13d3b4c072fd72f107c0,2010-06-01,2026-08-11T03:34:54Z,fred_semiconductor,IPG3344S,U.S. industrial production for computer and electronic product manufacturing,44.9888,index,https://fred.stlouisfed.org/series/IPG3344S
fred_semiconductor_13d7ca01a335af6e3f17,2008-02-01,2026-08-11T03:34:54Z,fred_semiconductor,CUSR0000SEEE01,"U.S. consumer price index for computers, peripherals, and smart home assistants",99.944,index,https://fred.stlouisfed.org/series/CUSR0000SEEE01
fred_semiconductor_13dcbb34c0b7e12f43fd,1997-07-01,2026-08-04T05:04:10Z,fred_semiconductor,PCU3344133441,Semiconductor and related device manufacturing producer price index,95.5,index,https://fred.stlouisfed.org/graph/fredgraph.csv?id=PCU3344133441
fred_semiconductor_140036ffbe8b3468afa6,1977-02-01,2026-08-11T03:34:54Z,fred_semiconductor,IPG3344S,U.S. industrial production for computer and electronic product manufacturing,0.0515,index,https://fred.stlouisfed.org/series/IPG3344S
fred_semiconductor_1408f5cfeacab136199d,2010-11-01,2026-08-11T03:34:54Z,fred_semiconductor,IPG3344S,U.S. industrial production for computer and electronic product manufacturing,50.1826,index,https://fred.stlouisfed.org/series/IPG3344S
fred_semiconductor_14202de6aa3a0b6dc900,1998-08-01,2026-08-04T05:04:10Z,fred_semiconductor,PCU3344133441,Semiconductor and related device manufacturing producer price index,91.5,index,https://fred.stlouisfed.org/graph/fredgraph.csv?id=PCU3344133441
fred_semiconductor_1426b3e28712f0b08be4,1973-04-01,2026-08-11T03:34:54Z,fred_semiconductor,IPG3344S,U.S. industrial production for computer and electronic product manufacturing,0.0382,index,https://fred.stlouisfed.org/series/IPG3344S
fred_semiconductor_144444e2cdb3227561fd,2004-01-01,2026-08-04T05:04:10Z,fred_semiconductor,PCU3344133441,Semiconductor and related device manufacturing producer price index,77.7,index,https://fred.stlouisfed.org/graph/fredgraph.csv?id=PCU3344133441
fred_semiconductor_14a136dcf6d2e21a9e7c,1991-09-01,2026-08-04T05:04:10Z,fred_semiconductor,PCU3344133441,Semiconductor and related device manufacturing producer price index,104.6,index,https://fred.stlouisfed.org/graph/fredgraph.csv?id=PCU3344133441
fred_semiconductor_14b0356e75935f55ccdb,2008-09-01,2026-08-04T05:04:10Z,fred_semiconductor,PCU3344133441,Semiconductor and related device manufacturing producer price index,65.8,index,https://fred.stlouisfed.org/graph/fredgraph.csv?id=PCU3344133441
fred_semiconductor_14cefa18142a335aa682,2007-08-01,2026-08-04T05:04:10Z,fred_semiconductor,PCU3344133441,Semiconductor and related device manufacturing producer price index,69.1,index,https://fred.stlouisfed.org/graph/fredgraph.csv?id=PCU3344133441
fred_semiconductor_150520acb29b10026c08,1978-07-01,2026-08-11T03:34:54Z,fred_semiconductor,IPG3344S,U.S. industrial production for computer and electronic product manufacturing,0.0632,index,https://fred.stlouisfed.org/series/IPG3344S
fred_semiconductor_150ae1de1d7cc225de99,2017-05-01,2026-08-11T03:34:54Z,fred_semiconductor,IPG3344S,U.S. industrial production for computer and electronic product manufacturing,101.0408,index,https://fred.stlouisfed.org/series/IPG3344S
fred_semiconductor_153534664e8a2526a673,2011-09-01,2026-08-04T05:04:10Z,fred_semiconductor,PCU3344133441,Semiconductor and related device manufacturing producer price index,60.9,index,https://fred.stlouisfed.org/graph/fredgraph.csv?id=PCU3344133441
fred_semiconductor_15d3cf7da7f9ae26c202,2023-08-01,2026-08-04T05:04:10Z,fred_semiconductor,PCU3344133441,Semiconductor and related device manufacturing producer price index,57.135,index,https://fred.stlouisfed.org/graph/fredgraph.csv?id=PCU3344133441
fred_semiconductor_15f0ba5d7b2ce410c24f,2020-01-01,2026-08-04T05:04:10Z,fred_semiconductor,PCU3344133441,Semiconductor and related device manufacturing producer price index,55.5,index,https://fred.stlouisfed.org/graph/fredgraph.csv?id=PCU3344133441
fred_semiconductor_167a51d541a97c3d3071,1999-04-01,2026-08-11T03:34:54Z,fred_semiconductor,IPG3344S,U.S. industrial production for computer and electronic product manufacturing,4.3865,index,https://fred.stlouisfed.org/series/IPG3344S
fred_semiconductor_16b17823e433ea2e1e54,1992-12-01,2026-08-11T03:34:54Z,fred_semiconductor,IPG3344S,U.S. industrial production for computer and electronic product manufacturing,0.4328,index,https://fred.stlouisfed.org/series/IPG3344S
fred_semiconductor_16e48e51a915423bd2c3,1986-03-01,2026-08-11T03:34:54Z,fred_semiconductor,IPG3344S,U.S. industrial production for computer and electronic product manufacturing,0.1649,index,https://fred.stlouisfed.org/series/IPG3344S
fred_semiconductor_16f7811c296aaa495f60,2021-09-01,2026-08-04T05:04:10Z,fred_semiconductor,PCU3344133441,Semiconductor and related device manufacturing producer price index,54.885,index,https://fred.stlouisfed.org/graph/fredgraph.csv?id=PCU3344133441
fred_semiconductor_1732d7d8a2e5fac108f3,2004-08-01,2026-08-04T05:04:10Z,fred_semiconductor,PCU3344133441,Semiconductor and related device manufacturing producer price index,78.3,index,https://fred.stlouisfed.org/graph/fredgraph.csv?id=PCU3344133441
fred_semiconductor_175b955e67be44bdb270,2005-04-01,2026-08-04T05:04:10Z,fred_semiconductor,PCU3344133441,Semiconductor and related device manufacturing producer price index,76.9,index,https://fred.stlouisfed.org/graph/fredgraph.csv?id=PCU3344133441
fred_semiconductor_1773b2e63e4c51f04ca9,1999-11-01,2026-08-04T05:04:10Z,fred_semiconductor,PCU3344133441,Semiconductor and related device manufacturing producer price index,89.5,index,https://fred.stlouisfed.org/graph/fredgraph.csv?id=PCU3344133441
fred_semiconductor_17cb284b1174cb4582a5,2008-08-01,2026-08-04T05:04:10Z,fred_semiconductor,PCU3344133441,Semiconductor and related device manufacturing producer price index,66.0,index,https://fred.stlouisfed.org/graph/fredgraph.csv?id=PCU3344133441
fred_semiconductor_17ccd981978ccce354f7,2023-06-01,2026-08-11T03:34:54Z,fred_semiconductor,CUSR0000SEEE01,"U.S. consumer price index for computers, peripherals, and smart home assistants",37.357,index,https://fred.stlouisfed.org/series/CUSR0000SEEE01
fred_semiconductor_17cfa0d220a8fb00c960,1982-07-01,2026-08-11T03:34:54Z,fred_semiconductor,IPG3344S,U.S. industrial production for computer and electronic product manufacturing,0.1108,index,https://fred.stlouisfed.org/series/IPG3344S
fred_semiconductor_17fdd4852818a4e3c8b2,2013-06-01,2026-08-11T03:34:54Z,fred_semiconductor,IPG3344S,U.S. industrial production for computer and electronic product manufacturing,65.7834,index,https://fred.stlouisfed.org/series/IPG3344S
fred_semiconductor_1819549ad23340d65515,2013-10-01,2026-08-11T03:34:54Z,fred_semiconductor,CUSR0000SEEE01,"U.S. consumer price index for computers, peripherals, and smart home assistants",55.227,index,https://fred.stlouisfed.org/series/CUSR0000SEEE01
fred_semiconductor_183bf41d9de6872ef1b3,1985-06-01,2026-08-04T05:04:10Z,fred_semiconductor,PCU3344133441,Semiconductor and related device manufacturing producer price index,100.1,index,https://fred.stlouisfed.org/graph/fredgraph.csv?id=PCU3344133441
fred_semiconductor_1843329a3ca8f7d37575,1991-03-01,2026-08-11T03:34:54Z,fred_semiconductor,IPG3344S,U.S. industrial production for computer and electronic product manufacturing,0.3217,index,https://fred.stlouisfed.org/series/IPG3344S
fred_semiconductor_1858c93031aaf9808506,1999-09-01,2026-08-04T05:04:10Z,fred_semiconductor,PCU3344133441,Semiconductor and related device manufacturing producer price index,90.0,index,https://fred.stlouisfed.org/graph/fredgraph.csv?id=PCU3344133441
fred_semiconductor_18951b09091689f86235,2014-05-01,2026-08-04T05:04:10Z,fred_semiconductor,PCU3344133441,Semiconductor and related device manufacturing producer price index,58.7,index,https://fred.stlouisfed.org/graph/fredgraph.csv?id=PCU3344133441
fred_semiconductor_189fffd86571cb6650e6,2015-06-01,2026-08-11T03:34:54Z,fred_semiconductor,CUSR0000SEEE01,"U.S. consumer price index for computers, peripherals, and smart home assistants",48.03,index,https://fred.stlouisfed.org/series/CUSR0000SEEE01
fred_semiconductor_18d7953dae05e5439041,1990-12-01,2026-08-11T03:34:54Z,fred_semiconductor,IPG3344S,U.S. industrial production for computer and electronic product manufacturing,0.3082,index,https://fred.stlouisfed.org/series/IPG3344S
fred_semiconductor_18e409d3f7a33f0a2adb,2016-12-01,2026-08-11T03:34:54Z,fred_semiconductor,CUSR0000SEEE01,"U.S. consumer price index for computers, peripherals, and smart home assistants",43.377,index,https://fred.stlouisfed.org/series/CUSR0000SEEE01
fred_semiconductor_196c7478e7713fc01790,1983-04-01,2026-08-11T03:34:54Z,fred_semiconductor,IPG3344S,U.S. industrial production for computer and electronic product manufacturing,0.1166,index,https://fred.stlouisfed.org/series/IPG3344S
fred_semiconductor_196db45305c885c7d4da,2006-08-01,2026-08-11T03:34:54Z,fred_semiconductor,CUSR0000SEEE01,"U.S. consumer price index for computers, peripherals, and smart home assistants",119.3,index,https://fred.stlouisfed.org/series/CUSR0000SEEE01
fred_semiconductor_19d274d3dfe8ae688b5d,1994-10-01,2026-08-11T03:34:54Z,fred_semiconductor,IPG3344S,U.S. industrial production for computer and electronic product manufacturing,0.6515,index,https://fred.stlouisfed.org/series/IPG3344S
fred_semiconductor_19d93ee2ab806013901e,2000-06-01,2026-08-11T03:34:54Z,fred_semiconductor,IPG3344S,U.S. industrial production for computer and electronic product manufacturing,6.9542,index,https://fred.stlouisfed.org/series/IPG3344S
fred_semiconductor_19edd8880f884f48b4e6,2025-12-01,2026-08-11T03:34:54Z,fred_semiconductor,IPG3344S,U.S. industrial production for computer and electronic product manufacturing,170.5402,index,https://fred.stlouisfed.org/series/IPG3344S
fred_semiconductor_1a02ee560ae55d7c9be2,2015-08-01,2026-08-11T03:34:54Z,fred_semiconductor,CUSR0000SEEE01,"U.S. consumer price index for computers, peripherals, and smart home assistants",47.314,index,https://fred.stlouisfed.org/series/CUSR0000SEEE01
fred_semiconductor_1a15e8f8c1ebdff410f8,2014-07-01,2026-08-11T03:34:54Z,fred_semiconductor,CUSR0000SEEE01,"U.S. consumer price index for computers, peripherals, and smart home assistants",52.713,index,https://fred.stlouisfed.org/series/CUSR0000SEEE01
fred_semiconductor_1a16d0f678b081cf6bd6,2018-12-01,2026-08-11T03:34:54Z,fred_semiconductor,CUSR0000SEEE01,"U.S. consumer price index for computers, peripherals, and smart home assistants",40.11,index,https://fred.stlouisfed.org/series/CUSR0000SEEE01
fred_semiconductor_1a8126dede6356c33369,1990-02-01,2026-08-04T05:04:10Z,fred_semiconductor,PCU3344133441,Semiconductor and related device manufacturing producer price index,104.8,index,https://fred.stlouisfed.org/graph/fredgraph.csv?id=PCU3344133441
fred_semiconductor_1ab1b83f348cdfcdd858,2003-07-01,2026-08-04T05:04:10Z,fred_semiconductor,PCU3344133441,Semiconductor and related device manufacturing producer price index,82.1,index,https://fred.stlouisfed.org/graph/fredgraph.csv?id=PCU3344133441
fred_semiconductor_1ad1d24aa7a12854b125,1984-04-01,2026-08-11T03:34:54Z,fred_semiconductor,IPG3344S,U.S. industrial production for computer and electronic product manufacturing,0.1581,index,https://fred.stlouisfed.org/series/IPG3344S
fred_semiconductor_1ae7a40aa9ead65d3cd0,2011-01-01,2026-08-11T03:34:54Z,fred_semiconductor,IPG3344S,U.S. industrial production for computer and electronic product manufacturing,53.7716,index,https://fred.stlouisfed.org/series/IPG3344S
fred_semiconductor_1af205744abc9aa5e52e,1999-06-01,2026-08-11T03:34:54Z,fred_semiconductor,IPG3344S,U.S. industrial production for computer and electronic product manufacturing,4.7196,index,https://fred.stlouisfed.org/series/IPG3344S
fred_semiconductor_1b07299783a98c0d1ace,1972-10-01,2026-08-11T03:34:54Z,fred_semiconductor,IPG3344S,U.S. industrial production for computer and electronic product manufacturing,0.0319,index,https://fred.stlouisfed.org/series/IPG3344S
fred_semiconductor_1b0858c5f6ef3efd99dc,2018-04-01,2026-08-04T05:04:10Z,fred_semiconductor,PCU3344133441,Semiconductor and related device manufacturing producer price index,56.4,index,https://fred.stlouisfed.org/graph/fredgraph.csv?id=PCU3344133441
fred_semiconductor_1b16d0f3358fd5ff4aa9,2000-12-01,2026-08-11T03:34:54Z,fred_semiconductor,IPG3344S,U.S. industrial production for computer and electronic product manufacturing,8.2806,index,https://fred.stlouisfed.org/series/IPG3344S
fred_semiconductor_1b394416b326160cba14,2022-05-01,2026-08-04T05:04:10Z,fred_semiconductor,PCU3344133441,Semiconductor and related device manufacturing producer price index,56.634,index,https://fred.stlouisfed.org/graph/fredgraph.csv?id=PCU3344133441
fred_semiconductor_1b98ae074b9c7d5bb96f,2011-10-01,2026-08-11T03:34:54Z,fred_semiconductor,CUSR0000SEEE01,"U.S. consumer price index for computers, peripherals, and smart home assistants",65.9,index,https://fred.stlouisfed.org/series/CUSR0000SEEE01
fred_semiconductor_1b9f4a0dd4c8ab5bdc60,2009-05-01,2026-08-11T03:34:54Z,fred_semiconductor,CUSR0000SEEE01,"U.S. consumer price index for computers, peripherals, and smart home assistants",83.826,index,https://fred.stlouisfed.org/series/CUSR0000SEEE01
fred_semiconductor_1bb454150f42683bf79f,2024-10-01,2026-08-11T03:34:54Z,fred_semiconductor,IPG3344S,U.S. industrial production for computer and electronic product manufacturing,148.7125,index,https://fred.stlouisfed.org/series/IPG3344S
fred_semiconductor_1c09d12e0279227d8541,2015-11-01,2026-08-11T03:34:54Z,fred_semiconductor,IPG3344S,U.S. industrial production for computer and electronic product manufacturing,81.2548,index,https://fred.stlouisfed.org/series/IPG3344S
fred_semiconductor_1c2f95c802cc46075070,2014-12-01,2026-08-11T03:34:54Z,fred_semiconductor,CUSR0000SEEE01,"U.S. consumer price index for computers, peripherals, and smart home assistants",49.52,index,https://fred.stlouisfed.org/series/CUSR0000SEEE01
fred_semiconductor_1c39c55194d60fec0689,2014-07-01,2026-08-04T05:04:10Z,fred_semiconductor,PCU3344133441,Semiconductor and related device manufacturing producer price index,58.8,index,https://fred.stlouisfed.org/graph/fredgraph.csv?id=PCU3344133441
fred_semiconductor_1c4cfd14a79926c23cc8,2012-06-01,2026-08-11T03:34:54Z,fred_semiconductor,CUSR0000SEEE01,"U.S. consumer price index for computers, peripherals, and smart home assistants",63.11,index,https://fred.stlouisfed.org/series/CUSR0000SEEE01
fred_semiconductor_1c7b23d482e272dc8c56,1978-01-01,2026-08-11T03:34:54Z,fred_semiconductor,IPG3344S,U.S. industrial production for computer and electronic product manufacturing,0.0575,index,https://fred.stlouisfed.org/series/IPG3344S
fred_semiconductor_1c9a05717a7e0dbd66f1,1993-02-01,2026-08-04T05:04:10Z,fred_semiconductor,PCU3344133441,Semiconductor and related device manufacturing producer price index,105.2,index,https://fred.stlouisfed.org/graph/fredgraph.csv?id=PCU3344133441
fred_semiconductor_1d27e511d3e73c2e5b1b,1972-07-01,2026-08-11T03:34:54Z,fred_semiconductor,IPG3344S,U.S. industrial production for computer and electronic product manufacturing,0.0298,index,https://fred.stlouisfed.org/series/IPG3344S
fred_semiconductor_1d33423dc0124517da8a,1977-03-01,2026-08-11T03:34:54Z,fred_semiconductor,IPG3344S,U.S. industrial production for computer and electronic product manufacturing,0.0512,index,https://fred.stlouisfed.org/series/IPG3344S
fred_semiconductor_1d397cb832c7843d0c26,1976-08-01,2026-08-11T03:34:54Z,fred_semiconductor,IPG3344S,U.S. industrial production for computer and electronic product manufacturing,0.0449,index,https://fred.stlouisfed.org/series/IPG3344S
fred_semiconductor_1db03c6392b7d3a10a28,2015-12-01,2026-08-11T03:34:54Z,fred_semiconductor,IPG3344S,U.S. industrial production for computer and electronic product manufacturing,82.4698,index,https://fred.stlouisfed.org/series/IPG3344S
fred_semiconductor_1db21e20bca6e3860bbe,2017-03-01,2026-08-04T05:04:10Z,fred_semiconductor,PCU3344133441,Semiconductor and related device manufacturing producer price index,57.3,index,https://fred.stlouisfed.org/graph/fredgraph.csv?id=PCU3344133441
fred_semiconductor_1e11ac95a8859add77b6,1998-04-01,2026-08-04T05:04:10Z,fred_semiconductor,PCU3344133441,Semiconductor and related device manufacturing producer price index,92.4,index,https://fred.stlouisfed.org/graph/fredgraph.csv?id=PCU3344133441
fred_semiconductor_1e3f2c54ba42eea2a6da,2019-12-01,2026-08-04T05:04:10Z,fred_semiconductor,PCU3344133441,Semiconductor and related device manufacturing producer price index,55.6,index,https://fred.stlouisfed.org/graph/fredgraph.csv?id=PCU3344133441
fred_semiconductor_1e985a6f330d221dedbe,2005-06-01,2026-08-11T03:34:54Z,fred_semiconductor,IPG3344S,U.S. industrial production for computer and electronic product manufacturing,19.5147,index,https://fred.stlouisfed.org/series/IPG3344S
fred_semiconductor_1edf908e2ef55eac0f33,2005-08-01,2026-08-11T03:34:54Z,fred_semiconductor,CUSR0000SEEE01,"U.S. consumer price index for computers, peripherals, and smart home assistants",139.6,index,https://fred.stlouisfed.org/series/CUSR0000SEEE01
fred_semiconductor_1efbb37cbda8d48dbf22,2023-07-01,2026-08-11T03:34:54Z,fred_semiconductor,CUSR0000SEEE01,"U.S. consumer price index for computers, peripherals, and smart home assistants",36.82,index,https://fred.stlouisfed.org/series/CUSR0000SEEE01
fred_semiconductor_1f568c78bf68b0ac2b85,1987-04-01,2026-08-04T05:04:10Z,fred_semiconductor,PCU3344133441,Semiconductor and related device manufacturing producer price index,102.5,index,https://fred.stlouisfed.org/graph/fredgraph.csv?id=PCU3344133441
fred_semiconductor_1f9acd0945e1751996fb,2021-01-01,2026-08-11T03:34:54Z,fred_semiconductor,IPG3344S,U.S. industrial production for computer and electronic product manufacturing,120.3158,index,https://fred.stlouisfed.org/series/IPG3344S
fred_semiconductor_200684e0f447f1b8bdb6,1991-11-01,2026-08-04T05:04:10Z,fred_semiconductor,PCU3344133441,Semiconductor and related device manufacturing producer price index,104.4,index,https://fred.stlouisfed.org/graph/fredgraph.csv?id=PCU3344133441
fred_semiconductor_20241ac61d48f66ec44d,1991-04-01,2026-08-04T05:04:10Z,fred_semiconductor,PCU3344133441,Semiconductor and related device manufacturing producer price index,105.3,index,https://fred.stlouisfed.org/graph/fredgraph.csv?id=PCU3344133441
fred_semiconductor_2026fcd407cc5f076d95,2008-07-01,2026-08-11T03:34:54Z,fred_semiconductor,CUSR0000SEEE01,"U.S. consumer price index for computers, peripherals, and smart home assistants",94.899,index,https://fred.stlouisfed.org/series/CUSR0000SEEE01
fred_semiconductor_202c252354ff52e9b25a,2012-10-01,2026-08-11T03:34:54Z,fred_semiconductor,IPG3344S,U.S. industrial production for computer and electronic product manufacturing,62.4098,index,https://fred.stlouisfed.org/series/IPG3344S
fred_semiconductor_20396d9c40d11c9ec8c2,1992-11-01,2026-08-11T03:34:54Z,fred_semiconductor,IPG3344S,U.S. industrial production for computer and electronic product manufacturing,0.4323,index,https://fred.stlouisfed.org/series/IPG3344S
fred_semiconductor_20567763f61ee00f2d07,1983-05-01,2026-08-11T03:34:54Z,fred_semiconductor,IPG3344S,U.S. industrial production for computer and electronic product manufacturing,0.1197,index,https://fred.stlouisfed.org/series/IPG3344S
fred_semiconductor_2087f357f2d052eee8b9,2020-04-01,2026-08-11T03:34:54Z,fred_semiconductor,CUSR0000SEEE01,"U.S. consumer price index for computers, peripherals, and smart home assistants",39.015,index,https://fred.stlouisfed.org/series/CUSR0000SEEE01
fred_semiconductor_208a22d8d023e2c8ca7e,1996-04-01,2026-08-11T03:34:54Z,fred_semiconductor,IPG3344S,U.S. industrial production for computer and electronic product manufacturing,1.1973,index,https://fred.stlouisfed.org/series/IPG3344S
fred_semiconductor_2099a011a81e6496d906,2012-09-01,2026-08-04T05:04:10Z,fred_semiconductor,PCU3344133441,Semiconductor and related device manufacturing producer price index,59.3,index,https://fred.stlouisfed.org/graph/fredgraph.csv?id=PCU3344133441
fred_semiconductor_20e8ee07c190f21b09d0,1990-09-01,2026-08-11T03:34:54Z,fred_semiconductor,IPG3344S,U.S. industrial production for computer and electronic product manufacturing,0.3014,index,https://fred.stlouisfed.org/series/IPG3344S
fred_semiconductor_2106648bd44771877f19,1991-05-01,2026-08-11T03:34:54Z,fred_semiconductor,IPG3344S,U.S. industrial production for computer and electronic product manufacturing,0.3307,index,https://fred.stlouisfed.org/series/IPG3344S
fred_semiconductor_2109d1a3b261adeee970,2016-08-01,2026-08-11T03:34:54Z,fred_semiconductor,IPG3344S,U.S. industrial production for computer and electronic product manufacturing,89.4199,index,https://fred.stlouisfed.org/series/IPG3344S
fred_semiconductor_2111ac02af447ceba3ba,1981-12-01,2026-08-11T03:34:54Z,fred_semiconductor,IPG3344S,U.S. industrial production for computer and electronic product manufacturing,0.1035,index,https://fred.stlouisfed.org/series/IPG3344S
fred_semiconductor_211be1422dc22705e842,1985-12-01,2026-08-04T05:04:10Z,fred_semiconductor,PCU3344133441,Semiconductor and related device manufacturing producer price index,100.8,index,https://fred.stlouisfed.org/graph/fredgraph.csv?id=PCU3344133441
fred_semiconductor_218771f0705f2bf08e51,1998-02-01,2026-08-11T03:34:54Z,fred_semiconductor,IPG3344S,U.S. industrial production for computer and electronic product manufacturing,2.4396,index,https://fred.stlouisfed.org/series/IPG3344S
fred_semiconductor_21a5508733c488bea560,2020-02-01,2026-08-11T03:34:54Z,fred_semiconductor,CUSR0000SEEE01,"U.S. consumer price index for computers, peripherals, and smart home assistants",38.247,index,https://fred.stlouisfed.org/series/CUSR0000SEEE01
fred_semiconductor_21bae36ca72c1b841603,1999-11-01,2026-08-11T03:34:54Z,fred_semiconductor,IPG3344S,U.S. industrial production for computer and electronic product manufacturing,5.3139,index,https://fred.stlouisfed.org/series/IPG3344S
fred_semiconductor_21f3c5524e5fb66a2da5,1980-09-01,2026-08-11T03:34:54Z,fred_semiconductor,IPG3344S,U.S. industrial production for computer and electronic product manufacturing,0.0857,index,https://fred.stlouisfed.org/series/IPG3344S
fred_semiconductor_220e5734b39c68ce2aef,1994-07-01,2026-08-11T03:34:54Z,fred_semiconductor,IPG3344S,U.S. industrial production for computer and electronic product manufacturing,0.5934,index,https://fred.stlouisfed.org/series/IPG3344S
fred_semiconductor_223195cd7f6bd4711f7f,2008-02-01,2026-08-11T03:34:54Z,fred_semiconductor,IPG3344S,U.S. industrial production for computer and electronic product manufacturing,35.8672,index,https://fred.stlouisfed.org/series/IPG3344S
fred_semiconductor_228bb900680eecd40ede,2023-04-01,2026-08-04T05:04:10Z,fred_semiconductor,PCU3344133441,Semiconductor and related device manufacturing producer price index,57.152,index,https://fred.stlouisfed.org/graph/fredgraph.csv?id=PCU3344133441
fred_semiconductor_22b950f220bf74553dec,1997-06-01,2026-08-04T05:04:10Z,fred_semiconductor,PCU3344133441,Semiconductor and related device manufacturing producer price index,95.5,index,https://fred.stlouisfed.org/graph/fredgraph.csv?id=PCU3344133441
fred_semiconductor_22e1c1942c6f9342b123,2020-06-01,2026-08-11T03:34:54Z,fred_semiconductor,CUSR0000SEEE01,"U.S. consumer price index for computers, peripherals, and smart home assistants",38.778,index,https://fred.stlouisfed.org/series/CUSR0000SEEE01
fred_semiconductor_2301645bacb0ae18b3b3,1996-02-01,2026-08-04T05:04:10Z,fred_semiconductor,PCU3344133441,Semiconductor and related device manufacturing producer price index,101.8,index,https://fred.stlouisfed.org/graph/fredgraph.csv?id=PCU3344133441
fred_semiconductor_2329a3de575f65fffed6,2008-01-01,2026-08-04T05:04:10Z,fred_semiconductor,PCU3344133441,Semiconductor and related device manufacturing producer price index,66.7,index,https://fred.stlouisfed.org/graph/fredgraph.csv?id=PCU3344133441
fred_semiconductor_2338287e17c7cf7469e6,1984-03-01,2026-08-11T03:34:54Z,fred_semiconductor,IPG3344S,U.S. industrial production for computer and electronic product manufacturing,0.1535,index,https://fred.stlouisfed.org/series/IPG3344S
fred_semiconductor_2350955087286912e379,2010-11-01,2026-08-04T05:04:10Z,fred_semiconductor,PCU3344133441,Semiconductor and related device manufacturing producer price index,62.2,index,https://fred.stlouisfed.org/graph/fredgraph.csv?id=PCU3344133441
fred_semiconductor_2478d048294485d29c54,1992-04-01,2026-08-04T05:04:10Z,fred_semiconductor,PCU3344133441,Semiconductor and related device manufacturing producer price index,105.4,index,https://fred.stlouisfed.org/graph/fredgraph.csv?id=PCU3344133441
fred_semiconductor_24b830419904486bc1ba,1985-01-01,2026-08-04T05:04:10Z,fred_semiconductor,PCU3344133441,Semiconductor and related device manufacturing producer price index,100.5,index,https://fred.stlouisfed.org/graph/fredgraph.csv?id=PCU3344133441
fred_semiconductor_24fc0d9a57ca4f2ab5b0,1985-03-01,2026-08-04T05:04:10Z,fred_semiconductor,PCU3344133441,Semiconductor and related device manufacturing producer price index,100.9,index,https://fred.stlouisfed.org/graph/fredgraph.csv?id=PCU3344133441
fred_semiconductor_2503e92bcea9c833acc6,2008-11-01,2026-08-11T03:34:54Z,fred_semiconductor,CUSR0000SEEE01,"U.S. consumer price index for computers, peripherals, and smart home assistants",89.514,index,https://fred.stlouisfed.org/series/CUSR0000SEEE01
fred_semiconductor_253d493e82252f24ff6c,2016-09-01,2026-08-11T03:34:54Z,fred_semiconductor,IPG3344S,U.S. industrial production for computer and electronic product manufacturing,91.3266,index,https://fred.stlouisfed.org/series/IPG3344S
fred_semiconductor_25559952f5c226b04fab,2009-01-01,2026-08-11T03:34:54Z,fred_semiconductor,CUSR0000SEEE01,"U.S. consumer price index for computers, peripherals, and smart home assistants",88.389,index,https://fred.stlouisfed.org/series/CUSR0000SEEE01
fred_semiconductor_25fa5aafe59533401f8b,2009-04-01,2026-08-11T03:34:54Z,fred_semiconductor,IPG3344S,U.S. industrial production for computer and electronic product manufacturing,28.1607,index,https://fred.stlouisfed.org/series/IPG3344S
fred_semiconductor_2630774a76d66747fced,2013-12-01,2026-08-11T03:34:54Z,fred_semiconductor,IPG3344S,U.S. industrial production for computer and electronic product manufacturing,72.8464,index,https://fred.stlouisfed.org/series/IPG3344S
fred_semiconductor_266d0139217de07684b8,1983-08-01,2026-08-11T03:34:54Z,fred_semiconductor,IPG3344S,U.S. industrial production for computer and electronic product manufacturing,0.1264,index,https://fred.stlouisfed.org/series/IPG3344S
fred_semiconductor_269cea7a6ff0552bb89d,1988-10-01,2026-08-04T05:04:10Z,fred_semiconductor,PCU3344133441,Semiconductor and related device manufacturing producer price index,104.3,index,https://fred.stlouisfed.org/graph/fredgraph.csv?id=PCU3344133441
fred_semiconductor_26b4d5382851ed258bb6,1995-03-01,2026-08-04T05:04:10Z,fred_semiconductor,PCU3344133441,Semiconductor and related device manufacturing producer price index,102.8,index,https://fred.stlouisfed.org/graph/fredgraph.csv?id=PCU3344133441
fred_semiconductor_26b705c33bd1681eaddd,1998-05-01,2026-08-04T05:04:10Z,fred_semiconductor,PCU3344133441,Semiconductor and related device manufacturing producer price index,92.1,index,https://fred.stlouisfed.org/graph/fredgraph.csv?id=PCU3344133441
fred_semiconductor_26c06959ae77d717491d,2020-11-01,2026-08-11T03:34:54Z,fred_semiconductor,CUSR0000SEEE01,"U.S. consumer price index for computers, peripherals, and smart home assistants",37.964,index,https://fred.stlouisfed.org/series/CUSR0000SEEE01
fred_semiconductor_26e33123b554854f5143,2012-04-01,2026-08-11T03:34:54Z,fred_semiconductor,IPG3344S,U.S. industrial production for computer and electronic product manufacturing,59.087,index,https://fred.stlouisfed.org/series/IPG3344S
fred_semiconductor_26e3502b0e9dacb9aa1d,2003-09-01,2026-08-04T05:04:10Z,fred_semiconductor,PCU3344133441,Semiconductor and related device manufacturing producer price index,79.1,index,https://fred.stlouisfed.org/graph/fredgraph.csv?id=PCU3344133441
fred_semiconductor_270974f880d4cae313c3,1999-03-01,2026-08-11T03:34:54Z,fred_semiconductor,IPG3344S,U.S. industrial production for computer and electronic product manufacturing,4.2019,index,https://fred.stlouisfed.org/series/IPG3344S
fred_semiconductor_273495bd70c329345159,1983-03-01,2026-08-11T03:34:54Z,fred_semiconductor,IPG3344S,U.S. industrial production for computer and electronic product manufacturing,0.1149,index,https://fred.stlouisfed.org/series/IPG3344S
fred_semiconductor_274d045d0fcbe90ca149,2015-04-01,2026-08-11T03:34:54Z,fred_semiconductor,CUSR0000SEEE01,"U.S. consumer price index for computers, peripherals, and smart home assistants",48.707,index,https://fred.stlouisfed.org/series/CUSR0000SEEE01
fred_semiconductor_274fde07af99ad9ca83d,1996-05-01,2026-08-11T03:34:54Z,fred_semiconductor,IPG3344S,U.S. industrial production for computer and electronic product manufacturing,1.2357,index,https://fred.stlouisfed.org/series/IPG3344S
fred_semiconductor_27a315b84bec51912fc3,1984-11-01,2026-08-11T03:34:54Z,fred_semiconductor,IPG3344S,U.S. industrial production for computer and electronic product manufacturing,0.1769,index,https://fred.stlouisfed.org/series/IPG3344S
fred_semiconductor_27f22fa58143f817a695,2000-01-01,2026-08-11T03:34:54Z,fred_semiconductor,IPG3344S,U.S. industrial production for computer and electronic product manufacturing,5.6204,index,https://fred.stlouisfed.org/series/IPG3344S
fred_semiconductor_289753792206968262a7,2018-03-01,2026-08-04T05:04:10Z,fred_semiconductor,PCU3344133441,Semiconductor and related device manufacturing producer price index,56.4,index,https://fred.stlouisfed.org/graph/fredgraph.csv?id=PCU3344133441
fred_semiconductor_28a97a6db5ab866a83a3,2014-02-01,2026-08-04T05:04:10Z,fred_semiconductor,PCU3344133441,Semiconductor and related device manufacturing producer price index,58.8,index,https://fred.stlouisfed.org/graph/fredgraph.csv?id=PCU3344133441
fred_semiconductor_28b271a89bf73c6fc848,2003-02-01,2026-08-11T03:34:54Z,fred_semiconductor,IPG3344S,U.S. industrial production for computer and electronic product manufacturing,10.776,index,https://fred.stlouisfed.org/series/IPG3344S
fred_semiconductor_29026b9e53a949f2a5a1,2007-10-01,2026-08-11T03:34:54Z,fred_semiconductor,CUSR0000SEEE01,"U.S. consumer price index for computers, peripherals, and smart home assistants",104.846,index,https://fred.stlouisfed.org/series/CUSR0000SEEE01
fred_semiconductor_297f9aa30f1e6594bdf4,1993-07-01,2026-08-11T03:34:54Z,fred_semiconductor,IPG3344S,U.S. industrial production for computer and electronic product manufacturing,0.4545,index,https://fred.stlouisfed.org/series/IPG3344S
fred_semiconductor_29a82ff3345e83465937,2003-03-01,2026-08-04T05:04:10Z,fred_semiconductor,PCU3344133441,Semiconductor and related device manufacturing producer price index,82.4,index,https://fred.stlouisfed.org/graph/fredgraph.csv?id=PCU3344133441
fred_semiconductor_29ca1c1f68fa8d8d8575,2010-07-01,2026-08-11T03:34:54Z,fred_semiconductor,IPG3344S,U.S. industrial production for computer and electronic product manufacturing,45.9565,index,https://fred.stlouisfed.org/series/IPG3344S
fred_semiconductor_2a25ee9bddd236b0b1b6,2000-09-01,2026-08-11T03:34:54Z,fred_semiconductor,IPG3344S,U.S. industrial production for computer and electronic product manufacturing,7.5405,index,https://fred.stlouisfed.org/series/IPG3344S
fred_semiconductor_2a8d3b7a9bfa179b5074,2013-01-01,2026-08-04T05:04:10Z,fred_semiconductor,PCU3344133441,Semiconductor and related device manufacturing producer price index,58.9,index,https://fred.stlouisfed.org/graph/fredgraph.csv?id=PCU3344133441
fred_semiconductor_2a9bb9f813dacb0fa2da,2021-01-01,2026-08-04T05:04:10Z,fred_semiconductor,PCU3344133441,Semiconductor and related device manufacturing producer price index,54.2,index,https://fred.stlouisfed.org/graph/fredgraph.csv?id=PCU3344133441
fred_semiconductor_2abf44afb714fa0a3a6b,1998-03-01,2026-08-04T05:04:10Z,fred_semiconductor,PCU3344133441,Semiconductor and related device manufacturing producer price index,92.5,index,https://fred.stlouisfed.org/graph/fredgraph.csv?id=PCU3344133441
fred_semiconductor_2afbc8c3c8ae61b9a944,2011-07-01,2026-08-11T03:34:54Z,fred_semiconductor,IPG3344S,U.S. industrial production for computer and electronic product manufacturing,53.6659,index,https://fred.stlouisfed.org/series/IPG3344S
fred_semiconductor_2b2289fafcfdcb3058bc,2020-01-01,2026-08-11T03:34:54Z,fred_semiconductor,IPG3344S,U.S. industrial production for computer and electronic product manufacturing,110.9344,index,https://fred.stlouisfed.org/series/IPG3344S
fred_semiconductor_2b376d508f2f6371ce38,2014-04-01,2026-08-11T03:34:54Z,fred_semiconductor,CUSR0000SEEE01,"U.S. consumer price index for computers, peripherals, and smart home assistants",53.981,index,https://fred.stlouisfed.org/series/CUSR0000SEEE01
fred_semiconductor_2b8ba12ca91dfd8371e9,2016-01-01,2026-08-11T03:34:54Z,fred_semiconductor,IPG3344S,U.S. industrial production for computer and electronic product manufacturing,81.6281,index,https://fred.stlouisfed.org/series/IPG3344S
fred_semiconductor_2b9cf2c0db80db14954b,2026-01-01,2026-08-04T05:04:10Z,fred_semiconductor,PCU3344133441,Semiconductor and related device manufacturing producer price index,61.583,index,https://fred.stlouisfed.org/graph/fredgraph.csv?id=PCU3344133441
fred_semiconductor_2ba751249caa826b0a1e,2011-03-01,2026-08-11T03:34:54Z,fred_semiconductor,CUSR0000SEEE01,"U.S. consumer price index for computers, peripherals, and smart home assistants",71.509,index,https://fred.stlouisfed.org/series/CUSR0000SEEE01
fred_semiconductor_2baa1617d6d049526a93,2012-03-01,2026-08-04T05:04:10Z,fred_semiconductor,PCU3344133441,Semiconductor and related device manufacturing producer price index,59.7,index,https://fred.stlouisfed.org/graph/fredgraph.csv?id=PCU3344133441
fred_semiconductor_2c11bb296e2eab4608df,2010-03-01,2026-08-11T03:34:54Z,fred_semiconductor,IPG3344S,U.S. industrial production for computer and electronic product manufacturing,41.8052,index,https://fred.stlouisfed.org/series/IPG3344S
fred_semiconductor_2c181e610a4e50ccc62a,2019-01-01,2026-08-04T05:04:10Z,fred_semiconductor,PCU3344133441,Semiconductor and related device manufacturing producer price index,55.1,index,https://fred.stlouisfed.org/graph/fredgraph.csv?id=PCU3344133441
fred_semiconductor_2c4c8c7c37439775d558,2000-07-01,2026-08-04T05:04:10Z,fred_semiconductor,PCU3344133441,Semiconductor and related device manufacturing producer price index,89.3,index,https://fred.stlouisfed.org/graph/fredgraph.csv?id=PCU3344133441
fred_semiconductor_2cecb6933a9b709d96fb,1998-10-01,2026-08-11T03:34:54Z,fred_semiconductor,IPG3344S,U.S. industrial production for computer and electronic product manufacturing,3.3835,index,https://fred.stlouisfed.org/series/IPG3344S
fred_semiconductor_2cfd3ec8097a77e29314,2005-01-01,2026-08-11T03:34:54Z,fred_semiconductor,CUSR0000SEEE01,"U.S. consumer price index for computers, peripherals, and smart home assistants",155.7,index,https://fred.stlouisfed.org/series/CUSR0000SEEE01
fred_semiconductor_2d2672fa2b77a50dd547,2015-03-01,2026-08-04T05:04:10Z,fred_semiconductor,PCU3344133441,Semiconductor and related device manufacturing producer price index,58.6,index,https://fred.stlouisfed.org/graph/fredgraph.csv?id=PCU3344133441
fred_semiconductor_2d2fae72117c493909f4,2011-08-01,2026-08-04T05:04:10Z,fred_semiconductor,PCU3344133441,Semiconductor and related device manufacturing producer price index,61.6,index,https://fred.stlouisfed.org/graph/fredgraph.csv?id=PCU3344133441
fred_semiconductor_2d4821cf2f595f0c1866,2011-07-01,2026-08-11T03:34:54Z,fred_semiconductor,CUSR0000SEEE01,"U.S. consumer price index for computers, peripherals, and smart home assistants",68.685,index,https://fred.stlouisfed.org/series/CUSR0000SEEE01
fred_semiconductor_2da23522c835cee9df6f,2010-01-01,2026-08-04T05:04:10Z,fred_semiconductor,PCU3344133441,Semiconductor and related device manufacturing producer price index,64.6,index,https://fred.stlouisfed.org/graph/fredgraph.csv?id=PCU3344133441
fred_semiconductor_2ddb222a084ee8ee6283,1998-07-01,2026-08-04T05:04:10Z,fred_semiconductor,PCU3344133441,Semiconductor and related device manufacturing producer price index,91.7,index,https://fred.stlouisfed.org/graph/fredgraph.csv?id=PCU3344133441
fred_semiconductor_2e45c6d579cbe3506c36,1988-01-01,2026-08-11T03:34:54Z,fred_semiconductor,IPG3344S,U.S. industrial production for computer and electronic product manufacturing,0.2351,index,https://fred.stlouisfed.org/series/IPG3344S
fred_semiconductor_2eaa65c315ffdaba6a15,2018-06-01,2026-08-11T03:34:54Z,fred_semiconductor,CUSR0000SEEE01,"U.S. consumer price index for computers, peripherals, and smart home assistants",40.986,index,https://fred.stlouisfed.org/series/CUSR0000SEEE01
fred_semiconductor_2edbdf6246fe90203f8a,1994-03-01,2026-08-11T03:34:54Z,fred_semiconductor,IPG3344S,U.S. industrial production for computer and electronic product manufacturing,0.5273,index,https://fred.stlouisfed.org/series/IPG3344S
fred_semiconductor_2ee83dda7fe8a9385159,2003-07-01,2026-08-11T03:34:54Z,fred_semiconductor,IPG3344S,U.S. industrial production for computer and electronic product manufacturing,12.5721,index,https://fred.stlouisfed.org/series/IPG3344S
fred_semiconductor_2f1348fc7d4a01bd7f77,1984-10-01,2026-08-11T03:34:54Z,fred_semiconductor,IPG3344S,U.S. industrial production for computer and electronic product manufacturing,0.1756,index,https://fred.stlouisfed.org/series/IPG3344S
fred_semiconductor_2f99131960fb1d2785de,2015-01-01,2026-08-04T05:04:10Z,fred_semiconductor,PCU3344133441,Semiconductor and related device manufacturing producer price index,58.7,index,https://fred.stlouisfed.org/graph/fredgraph.csv?id=PCU3344133441
fred_semiconductor_2fc598bda1b6e7bcf4e3,2015-01-01,2026-08-11T03:34:54Z,fred_semiconductor,CUSR0000SEEE01,"U.S. consumer price index for computers, peripherals, and smart home assistants",49.19,index,https://fred.stlouisfed.org/series/CUSR0000SEEE01
fred_semiconductor_2fff2c1c54936383570e,1978-08-01,2026-08-11T03:34:54Z,fred_semiconductor,IPG3344S,U.S. industrial production for computer and electronic product manufacturing,0.0649,index,https://fred.stlouisfed.org/series/IPG3344S
fred_semiconductor_3000296663cd3707f35a,1992-03-01,2026-08-11T03:34:54Z,fred_semiconductor,IPG3344S,U.S. industrial production for computer and electronic product manufacturing,0.3675,index,https://fred.stlouisfed.org/series/IPG3344S
fred_semiconductor_307886a753084e67bb99,2011-10-01,2026-08-04T05:04:10Z,fred_semiconductor,PCU3344133441,Semiconductor and related device manufacturing producer price index,61.1,index,https://fred.stlouisfed.org/graph/fredgraph.csv?id=PCU3344133441
fred_semiconductor_30c899619077b70eac52,1988-12-01,2026-08-11T03:34:54Z,fred_semiconductor,IPG3344S,U.S. industrial production for computer and electronic product manufacturing,0.2588,index,https://fred.stlouisfed.org/series/IPG3344S
fred_semiconductor_310e1ed01d7f8eb246e1,1989-12-01,2026-08-11T03:34:54Z,fred_semiconductor,IPG3344S,U.S. industrial production for computer and electronic product manufacturing,0.2807,index,https://fred.stlouisfed.org/series/IPG3344S
fred_semiconductor_310f8470280cdd215dab,2018-08-01,2026-08-04T05:04:10Z,fred_semiconductor,PCU3344133441,Semiconductor and related device manufacturing producer price index,55.5,index,https://fred.stlouisfed.org/graph/fredgraph.csv?id=PCU3344133441
fred_semiconductor_311dc503f171e19bb731,2022-03-01,2026-08-11T03:34:54Z,fred_semiconductor,IPG3344S,U.S. industrial production for computer and electronic product manufacturing,129.5542,index,https://fred.stlouisfed.org/series/IPG3344S
fred_semiconductor_315129ce951e078961cc,2022-06-01,2026-08-11T03:34:54Z,fred_semiconductor,CUSR0000SEEE01,"U.S. consumer price index for computers, peripherals, and smart home assistants",39.421,index,https://fred.stlouisfed.org/series/CUSR0000SEEE01
fred_semiconductor_31561e2910faefaadf7c,2018-08-01,2026-08-11T03:34:54Z,fred_semiconductor,IPG3344S,U.S. industrial production for computer and electronic product manufacturing,107.8675,index,https://fred.stlouisfed.org/series/IPG3344S
fred_semiconductor_3159f877e09022cb32db,1987-05-01,2026-08-04T05:04:10Z,fred_semiconductor,PCU3344133441,Semiconductor and related device manufacturing producer price index,102.2,index,https://fred.stlouisfed.org/graph/fredgraph.csv?id=PCU3344133441
fred_semiconductor_3186611dc2cf68440a39,2020-11-01,2026-08-04T05:04:10Z,fred_semiconductor,PCU3344133441,Semiconductor and related device manufacturing producer price index,53.9,index,https://fred.stlouisfed.org/graph/fredgraph.csv?id=PCU3344133441
fred_semiconductor_31a6143728deb2453d70,2006-01-01,2026-08-04T05:04:10Z,fred_semiconductor,PCU3344133441,Semiconductor and related device manufacturing producer price index,74.6,index,https://fred.stlouisfed.org/graph/fredgraph.csv?id=PCU3344133441
fred_semiconductor_31f020e218c2bd5eeaf4,1991-10-01,2026-08-04T05:04:10Z,fred_semiconductor,PCU3344133441,Semiconductor and related device manufacturing producer price index,104.5,index,https://fred.stlouisfed.org/graph/fredgraph.csv?id=PCU3344133441
fred_semiconductor_329f12348362ac302c99,1974-11-01,2026-08-11T03:34:54Z,fred_semiconductor,IPG3344S,U.S. industrial production for computer and electronic product manufacturing,0.0366,index,https://fred.stlouisfed.org/series/IPG3344S
fred_semiconductor_32e81052d228cc6ff19b,2025-05-01,2026-08-04T05:04:10Z,fred_semiconductor,PCU3344133441,Semiconductor and related device manufacturing producer price index,58.328,index,https://fred.stlouisfed.org/graph/fredgraph.csv?id=PCU3344133441
fred_semiconductor_3371728c6d560e5a3d34,2007-05-01,2026-08-11T03:34:54Z,fred_semiconductor,CUSR0000SEEE01,"U.S. consumer price index for computers, peripherals, and smart home assistants",111.106,index,https://fred.stlouisfed.org/series/CUSR0000SEEE01
fred_semiconductor_338aaa969d3c22cff042,2006-05-01,2026-08-04T05:04:10Z,fred_semiconductor,PCU3344133441,Semiconductor and related device manufacturing producer price index,75.2,index,https://fred.stlouisfed.org/graph/fredgraph.csv?id=PCU3344133441
fred_semiconductor_33c41a595930c0ac24ed,1989-01-01,2026-08-04T05:04:10Z,fred_semiconductor,PCU3344133441,Semiconductor and related device manufacturing producer price index,104.7,index,https://fred.stlouisfed.org/graph/fredgraph.csv?id=PCU3344133441
fred_semiconductor_33f1832330ec66a13460,2014-06-01,2026-08-04T05:04:10Z,fred_semiconductor,PCU3344133441,Semiconductor and related device manufacturing producer price index,58.7,index,https://fred.stlouisfed.org/graph/fredgraph.csv?id=PCU3344133441
fred_semiconductor_33f5213b6f9f43cd1e45,2010-05-01,2026-08-11T03:34:54Z,fred_semiconductor,IPG3344S,U.S. industrial production for computer and electronic product manufacturing,44.5459,index,https://fred.stlouisfed.org/series/IPG3344S
fred_semiconductor_343aa14d9f7d785b8134,2014-10-01,2026-08-11T03:34:54Z,fred_semiconductor,CUSR0000SEEE01,"U.S. consumer price index for computers, peripherals, and smart home assistants",51.022,index,https://fred.stlouisfed.org/series/CUSR0000SEEE01
fred_semiconductor_34c5ba80eac100c3dd85,1998-12-01,2026-08-04T05:04:10Z,fred_semiconductor,PCU3344133441,Semiconductor and related device manufacturing producer price index,91.0,index,https://fred.stlouisfed.org/graph/fredgraph.csv?id=PCU3344133441
fred_semiconductor_3516e12f45ce7a9b42c7,2017-05-01,2026-08-04T05:04:10Z,fred_semiconductor,PCU3344133441,Semiconductor and related device manufacturing producer price index,57.5,index,https://fred.stlouisfed.org/graph/fredgraph.csv?id=PCU3344133441
fred_semiconductor_353d98ce87dcff25309b,1988-05-01,2026-08-04T05:04:10Z,fred_semiconductor,PCU3344133441,Semiconductor and related device manufacturing producer price index,103.8,index,https://fred.stlouisfed.org/graph/fredgraph.csv?id=PCU3344133441
fred_semiconductor_3544cca6d8635b6597fe,1988-06-01,2026-08-11T03:34:54Z,fred_semiconductor,IPG3344S,U.S. industrial production for computer and electronic product manufacturing,0.2425,index,https://fred.stlouisfed.org/series/IPG3344S
fred_semiconductor_354e22746bc945ae5bb9,2025-08-01,2026-08-11T03:34:54Z,fred_semiconductor,CUSR0000SEEE01,"U.S. consumer price index for computers, peripherals, and smart home assistants",35.064,index,https://fred.stlouisfed.org/series/CUSR0000SEEE01
fred_semiconductor_354f94adf5ca6062b520,2001-02-01,2026-08-11T03:34:54Z,fred_semiconductor,IPG3344S,U.S. industrial production for computer and electronic product manufacturing,8.119,index,https://fred.stlouisfed.org/series/IPG3344S
fred_semiconductor_35d9690edfb89ff210d1,1996-07-01,2026-08-11T03:34:54Z,fred_semiconductor,IPG3344S,U.S. industrial production for computer and electronic product manufacturing,1.3083,index,https://fred.stlouisfed.org/series/IPG3344S
fred_semiconductor_36d0cb37e836cb7d86b7,2013-04-01,2026-08-11T03:34:54Z,fred_semiconductor,IPG3344S,U.S. industrial production for computer and electronic product manufacturing,63.8934,index,https://fred.stlouisfed.org/series/IPG3344S
fred_semiconductor_36f4a886be30180066dc,1979-08-01,2026-08-11T03:34:54Z,fred_semiconductor,IPG3344S,U.S. industrial production for computer and electronic product manufacturing,0.0786,index,https://fred.stlouisfed.org/series/IPG3344S
fred_semiconductor_3729dd4389e94452fd23,2003-02-01,2026-08-04T05:04:10Z,fred_semiconductor,PCU3344133441,Semiconductor and related device manufacturing producer price index,82.4,index,https://fred.stlouisfed.org/graph/fredgraph.csv?id=PCU3344133441
fred_semiconductor_3752aba0957da6665099,2022-12-01,2026-08-11T03:34:54Z,fred_semiconductor,IPG3344S,U.S. industrial production for computer and electronic product manufacturing,130.8489,index,https://fred.stlouisfed.org/series/IPG3344S
fred_semiconductor_37c7839e2a889e3e422d,2010-04-01,2026-08-11T03:34:54Z,fred_semiconductor,CUSR0000SEEE01,"U.S. consumer price index for computers, peripherals, and smart home assistants",77.154,index,https://fred.stlouisfed.org/series/CUSR0000SEEE01
fred_semiconductor_37e1b638323ad1855682,1981-09-01,2026-08-11T03:34:54Z,fred_semiconductor,IPG3344S,U.S. industrial production for computer and electronic product manufacturing,0.1015,index,https://fred.stlouisfed.org/series/IPG3344S
fred_semiconductor_384253336865741c0f8b,1988-02-01,2026-08-11T03:34:54Z,fred_semiconductor,IPG3344S,U.S. industrial production for computer and electronic product manufacturing,0.2358,index,https://fred.stlouisfed.org/series/IPG3344S
fred_semiconductor_386837d8233f05ce3a6d,1982-11-01,2026-08-11T03:34:54Z,fred_semiconductor,IPG3344S,U.S. industrial production for computer and electronic product manufacturing,0.1091,index,https://fred.stlouisfed.org/series/IPG3344S
fred_semiconductor_386ff23ba56ce00915e0,2000-08-01,2026-08-04T05:04:10Z,fred_semiconductor,PCU3344133441,Semiconductor and related device manufacturing producer price index,89.2,index,https://fred.stlouisfed.org/graph/fredgraph.csv?id=PCU3344133441
fred_semiconductor_389996f953183bf1334d,2015-11-01,2026-08-04T05:04:10Z,fred_semiconductor,PCU3344133441,Semiconductor and related device manufacturing producer price index,58.1,index,https://fred.stlouisfed.org/graph/fredgraph.csv?id=PCU3344133441
fred_semiconductor_3911c5c3ae8ab911e075,2023-01-01,2026-08-11T03:34:54Z,fred_semiconductor,IPG3344S,U.S. industrial production for computer and electronic product manufacturing,130.0403,index,https://fred.stlouisfed.org/series/IPG3344S
fred_semiconductor_392e6e80510c7d425890,2024-09-01,2026-08-04T05:04:10Z,fred_semiconductor,PCU3344133441,Semiconductor and related device manufacturing producer price index,57.543,index,https://fred.stlouisfed.org/graph/fredgraph.csv?id=PCU3344133441
fred_semiconductor_399c01e5e7034d16f639,2022-11-01,2026-08-04T05:04:10Z,fred_semiconductor,PCU3344133441,Semiconductor and related device manufacturing producer price index,57.601,index,https://fred.stlouisfed.org/graph/fredgraph.csv?id=PCU3344133441
fred_semiconductor_399d362e95ed869645d5,2019-06-01,2026-08-04T05:04:10Z,fred_semiconductor,PCU3344133441,Semiconductor and related device manufacturing producer price index,55.3,index,https://fred.stlouisfed.org/graph/fredgraph.csv?id=PCU3344133441
fred_semiconductor_399f7d9bd563f4c18740,1988-03-01,2026-08-11T03:34:54Z,fred_semiconductor,IPG3344S,U.S. industrial production for computer and electronic product manufacturing,0.2353,index,https://fred.stlouisfed.org/series/IPG3344S
fred_semiconductor_39bf5ab747d7313b1e69,1977-07-01,2026-08-11T03:34:54Z,fred_semiconductor,IPG3344S,U.S. industrial production for computer and electronic product manufacturing,0.0546,index,https://fred.stlouisfed.org/series/IPG3344S
fred_semiconductor_39d3f0951004e489e73f,1974-07-01,2026-08-11T03:34:54Z,fred_semiconductor,IPG3344S,U.S. industrial production for computer and electronic product manufacturing,0.042,index,https://fred.stlouisfed.org/series/IPG3344S
fred_semiconductor_39dcdbd6131d0bca12e1,2021-04-01,2026-08-11T03:34:54Z,fred_semiconductor,IPG3344S,U.S. industrial production for computer and electronic product manufacturing,121.9916,index,https://fred.stlouisfed.org/series/IPG3344S
fred_semiconductor_39edd412a5f5f22e4333,2012-12-01,2026-08-11T03:34:54Z,fred_semiconductor,IPG3344S,U.S. industrial production for computer and electronic product manufacturing,62.3427,index,https://fred.stlouisfed.org/series/IPG3344S
fred_semiconductor_3a33cd306466115500b2,2013-07-01,2026-08-11T03:34:54Z,fred_semiconductor,IPG3344S,U.S. industrial production for computer and electronic product manufacturing,66.8912,index,https://fred.stlouisfed.org/series/IPG3344S
fred_semiconductor_3a410e08d2b33671ebb0,2011-09-01,2026-08-11T03:34:54Z,fred_semiconductor,CUSR0000SEEE01,"U.S. consumer price index for computers, peripherals, and smart home assistants",66.427,index,https://fred.stlouisfed.org/series/CUSR0000SEEE01
fred_semiconductor_3a580c4f3416651cce50,1999-08-01,2026-08-11T03:34:54Z,fred_semiconductor,IPG3344S,U.S. industrial production for computer and electronic product manufacturing,4.9717,index,https://fred.stlouisfed.org/series/IPG3344S
fred_semiconductor_3a66204573e7769e4fb0,2002-03-01,2026-08-04T05:04:10Z,fred_semiconductor,PCU3344133441,Semiconductor and related device manufacturing producer price index,86.1,index,https://fred.stlouisfed.org/graph/fredgraph.csv?id=PCU3344133441
fred_semiconductor_3a6b6dc789583dbf3fe6,2014-06-01,2026-08-11T03:34:54Z,fred_semiconductor,CUSR0000SEEE01,"U.S. consumer price index for computers, peripherals, and smart home assistants",53.18,index,https://fred.stlouisfed.org/series/CUSR0000SEEE01
fred_semiconductor_3ab2f5c9c1821a40a9f5,1999-07-01,2026-08-11T03:34:54Z,fred_semiconductor,IPG3344S,U.S. industrial production for computer and electronic product manufacturing,5.0164,index,https://fred.stlouisfed.org/series/IPG3344S
fred_semiconductor_3b2025ab7f82012f2e0d,2013-01-01,2026-08-11T03:34:54Z,fred_semiconductor,IPG3344S,U.S. industrial production for computer and electronic product manufacturing,62.7268,index,https://fred.stlouisfed.org/series/IPG3344S
fred_semiconductor_3b32aff0682967bcae4d,1988-04-01,2026-08-11T03:34:54Z,fred_semiconductor,IPG3344S,U.S. industrial production for computer and electronic product manufacturing,0.2367,index,https://fred.stlouisfed.org/series/IPG3344S
fred_semiconductor_3b5a2780b12062e202d8,2008-12-01,2026-08-11T03:34:54Z,fred_semiconductor,CUSR0000SEEE01,"U.S. consumer price index for computers, peripherals, and smart home assistants",89.262,index,https://fred.stlouisfed.org/series/CUSR0000SEEE01
fred_semiconductor_3b77988c7e00313c1e25,1999-06-01,2026-08-04T05:04:10Z,fred_semiconductor,PCU3344133441,Semiconductor and related device manufacturing producer price index,89.9,index,https://fred.stlouisfed.org/graph/fredgraph.csv?id=PCU3344133441
fred_semiconductor_3bb305b75cf4e6bedaa8,2011-02-01,2026-08-11T03:34:54Z,fred_semiconductor,CUSR0000SEEE01,"U.S. consumer price index for computers, peripherals, and smart home assistants",72.287,index,https://fred.stlouisfed.org/series/CUSR0000SEEE01
fred_semiconductor_3bfcb213c22d027e5b8f,1973-02-01,2026-08-11T03:34:54Z,fred_semiconductor,IPG3344S,U.S. industrial production for computer and electronic product manufacturing,0.037,index,https://fred.stlouisfed.org/series/IPG3344S
fred_semiconductor_3c51c0cd7f1390a4fdf1,2013-04-01,2026-08-11T03:34:54Z,fred_semiconductor,CUSR0000SEEE01,"U.S. consumer price index for computers, peripherals, and smart home assistants",57.51,index,https://fred.stlouisfed.org/series/CUSR0000SEEE01
fred_semiconductor_3d323d152b4e5913fbc9,2000-10-01,2026-08-04T05:04:10Z,fred_semiconductor,PCU3344133441,Semiconductor and related device manufacturing producer price index,88.8,index,https://fred.stlouisfed.org/graph/fredgraph.csv?id=PCU3344133441
fred_semiconductor_3d45d263ec66d984ade3,1986-12-01,2026-08-04T05:04:10Z,fred_semiconductor,PCU3344133441,Semiconductor and related device manufacturing producer price index,103.2,index,https://fred.stlouisfed.org/graph/fredgraph.csv?id=PCU3344133441
fred_semiconductor_3d5d4bd7621932ce510a,2005-05-01,2026-08-11T03:34:54Z,fred_semiconductor,IPG3344S,U.S. industrial production for computer and electronic product manufacturing,19.3043,index,https://fred.stlouisfed.org/series/IPG3344S
fred_semiconductor_3d82f3a0725bd0d0f5e2,2022-01-01,2026-08-11T03:34:54Z,fred_semiconductor,IPG3344S,U.S. industrial production for computer and electronic product manufacturing,125.773,index,https://fred.stlouisfed.org/series/IPG3344S
fred_semiconductor_3d960adb1d3c579ad1bc,2004-02-01,2026-08-11T03:34:54Z,fred_semiconductor,IPG3344S,U.S. industrial production for computer and electronic product manufacturing,15.1371,index,https://fred.stlouisfed.org/series/IPG3344S
fred_semiconductor_3de6bb758458e522756e,2005-12-01,2026-08-11T03:34:54Z,fred_semiconductor,CUSR0000SEEE01,"U.S. consumer price index for computers, peripherals, and smart home assistants",132.0,index,https://fred.stlouisfed.org/series/CUSR0000SEEE01
fred_semiconductor_3df04bdc132003523bb7,2024-06-01,2026-08-11T03:34:54Z,fred_semiconductor,CUSR0000SEEE01,"U.S. consumer price index for computers, peripherals, and smart home assistants",35.778,index,https://fred.stlouisfed.org/series/CUSR0000SEEE01
fred_semiconductor_3e0f4d525b61a5555d53,1997-05-01,2026-08-04T05:04:10Z,fred_semiconductor,PCU3344133441,Semiconductor and related device manufacturing producer price index,95.4,index,https://fred.stlouisfed.org/graph/fredgraph.csv?id=PCU3344133441
fred_semiconductor_3e3dbb81ffda12b01a39,1983-12-01,2026-08-11T03:34:54Z,fred_semiconductor,IPG3344S,U.S. industrial production for computer and electronic product manufacturing,0.1395,index,https://fred.stlouisfed.org/series/IPG3344S
fred_semiconductor_3e414021a8b5cd90a309,2026-03-01,2026-08-11T03:34:54Z,fred_semiconductor,CUSR0000SEEE01,"U.S. consumer price index for computers, peripherals, and smart home assistants",35.293,index,https://fred.stlouisfed.org/series/CUSR0000SEEE01
fred_semiconductor_3e54e3cddd321be55cc9,1995-12-01,2026-08-11T03:34:54Z,fred_semiconductor,IPG3344S,U.S. industrial production for computer and electronic product manufacturing,1.0278,index,https://fred.stlouisfed.org/series/IPG3344S
fred_semiconductor_3e6c3b32aa63fa969fb4,2021-12-01,2026-08-04T05:04:10Z,fred_semiconductor,PCU3344133441,Semiconductor and related device manufacturing producer price index,55.43,index,https://fred.stlouisfed.org/graph/fredgraph.csv?id=PCU3344133441
fred_semiconductor_3e711464243593946ab3,1991-06-01,2026-08-11T03:34:54Z,fred_semiconductor,IPG3344S,U.S. industrial production for computer and electronic product manufacturing,0.3287,index,https://fred.stlouisfed.org/series/IPG3344S
fred_semiconductor_3e7338d1eefba5440258,1994-10-01,2026-08-04T05:04:10Z,fred_semiconductor,PCU3344133441,Semiconductor and related device manufacturing producer price index,103.6,index,https://fred.stlouisfed.org/graph/fredgraph.csv?id=PCU3344133441
fred_semiconductor_3ea06057b271978ae4cf,2025-12-01,2026-08-11T03:34:54Z,fred_semiconductor,CUSR0000SEEE01,"U.S. consumer price index for computers, peripherals, and smart home assistants",33.73,index,https://fred.stlouisfed.org/series/CUSR0000SEEE01
fred_semiconductor_3ebc82115759089e7199,1975-11-01,2026-08-11T03:34:54Z,fred_semiconductor,IPG3344S,U.S. industrial production for computer and electronic product manufacturing,0.0362,index,https://fred.stlouisfed.org/series/IPG3344S
fred_semiconductor_3f0c2ec95a9d753934a3,2009-04-01,2026-08-04T05:04:10Z,fred_semiconductor,PCU3344133441,Semiconductor and related device manufacturing producer price index,65.4,index,https://fred.stlouisfed.org/graph/fredgraph.csv?id=PCU3344133441
fred_semiconductor_3f48323fbb6151066f68,1976-05-01,2026-08-11T03:34:54Z,fred_semiconductor,IPG3344S,U.S. industrial production for computer and electronic product manufacturing,0.0425,index,https://fred.stlouisfed.org/series/IPG3344S
fred_semiconductor_3f4db9c6a624d880a618,1993-07-01,2026-08-04T05:04:10Z,fred_semiconductor,PCU3344133441,Semiconductor and related device manufacturing producer price index,105.2,index,https://fred.stlouisfed.org/graph/fredgraph.csv?id=PCU3344133441
fred_semiconductor_3f74a29277d16ed64b1f,2015-01-01,2026-08-11T03:34:54Z,fred_semiconductor,IPG3344S,U.S. industrial production for computer and electronic product manufacturing,82.1504,index,https://fred.stlouisfed.org/series/IPG3344S
fred_semiconductor_3fa5b9bc667e667006c4,1993-06-01,2026-08-11T03:34:54Z,fred_semiconductor,IPG3344S,U.S. industrial production for computer and electronic product manufacturing,0.4523,index,https://fred.stlouisfed.org/series/IPG3344S
fred_semiconductor_3fbe2b3bd22c4e1b90ec,2008-04-01,2026-08-04T05:04:10Z,fred_semiconductor,PCU3344133441,Semiconductor and related device manufacturing producer price index,66.6,index,https://fred.stlouisfed.org/graph/fredgraph.csv?id=PCU3344133441
fred_semiconductor_4058ffeb16958bab8348,2007-03-01,2026-08-11T03:34:54Z,fred_semiconductor,CUSR0000SEEE01,"U.S. consumer price index for computers, peripherals, and smart home assistants",112.815,index,https://fred.stlouisfed.org/series/CUSR0000SEEE01
fred_semiconductor_40c8b7a13e1427858a9f,2003-04-01,2026-08-04T05:04:10Z,fred_semiconductor,PCU3344133441,Semiconductor and related device manufacturing producer price index,82.6,index,https://fred.stlouisfed.org/graph/fredgraph.csv?id=PCU3344133441
fred_semiconductor_41252542b01c2c149997,1985-11-01,2026-08-11T03:34:54Z,fred_semiconductor,IPG3344S,U.S. industrial production for computer and electronic product manufacturing,0.1587,index,https://fred.stlouisfed.org/series/IPG3344S
fred_semiconductor_418e5cc96112ef427dbc,2008-03-01,2026-08-11T03:34:54Z,fred_semiconductor,IPG3344S,U.S. industrial production for computer and electronic product manufacturing,36.9496,index,https://fred.stlouisfed.org/series/IPG3344S
fred_semiconductor_41928024070958b73a47,1987-02-01,2026-08-11T03:34:54Z,fred_semiconductor,IPG3344S,U.S. industrial production for computer and electronic product manufacturing,0.2014,index,https://fred.stlouisfed.org/series/IPG3344S
fred_semiconductor_41b83829d03345c91e55,2021-03-01,2026-08-04T05:04:10Z,fred_semiconductor,PCU3344133441,Semiconductor and related device manufacturing producer price index,54.3,index,https://fred.stlouisfed.org/graph/fredgraph.csv?id=PCU3344133441
fred_semiconductor_41f3e92e043b5eb6e544,1993-11-01,2026-08-04T05:04:10Z,fred_semiconductor,PCU3344133441,Semiconductor and related device manufacturing producer price index,105.6,index,https://fred.stlouisfed.org/graph/fredgraph.csv?id=PCU3344133441
fred_semiconductor_41f4cf4055386155fe6c,1978-10-01,2026-08-11T03:34:54Z,fred_semiconductor,IPG3344S,U.S. industrial production for computer and electronic product manufacturing,0.0673,index,https://fred.stlouisfed.org/series/IPG3344S
fred_semiconductor_422bfc51691913293352,1993-11-01,2026-08-11T03:34:54Z,fred_semiconductor,IPG3344S,U.S. industrial production for computer and electronic product manufacturing,0.4708,index,https://fred.stlouisfed.org/series/IPG3344S
fred_semiconductor_423eab494bfdaef63fef,1972-04-01,2026-08-11T03:34:54Z,fred_semiconductor,IPG3344S,U.S. industrial production for computer and electronic product manufacturing,0.029,index,https://fred.stlouisfed.org/series/IPG3344S
fred_semiconductor_42e72edaf6cbefab6f26,2005-01-01,2026-08-04T05:04:10Z,fred_semiconductor,PCU3344133441,Semiconductor and related device manufacturing producer price index,77.7,index,https://fred.stlouisfed.org/graph/fredgraph.csv?id=PCU3344133441
fred_semiconductor_43045966ed211b956796,2005-06-01,2026-08-04T05:04:10Z,fred_semiconductor,PCU3344133441,Semiconductor and related device manufacturing producer price index,76.4,index,https://fred.stlouisfed.org/graph/fredgraph.csv?id=PCU3344133441
fred_semiconductor_436c76e24d441fa5389e,1993-03-01,2026-08-11T03:34:54Z,fred_semiconductor,IPG3344S,U.S. industrial production for computer and electronic product manufacturing,0.4375,index,https://fred.stlouisfed.org/series/IPG3344S
fred_semiconductor_43741e1cf9717cabf978,1988-03-01,2026-08-04T05:04:10Z,fred_semiconductor,PCU3344133441,Semiconductor and related device manufacturing producer price index,103.7,index,https://fred.stlouisfed.org/graph/fredgraph.csv?id=PCU3344133441
fred_semiconductor_437bbbdd4f1eece09adf,2007-12-01,2026-08-11T03:34:54Z,fred_semiconductor,IPG3344S,U.S. industrial production for computer and electronic product manufacturing,34.4632,index,https://fred.stlouisfed.org/series/IPG3344S
fred_semiconductor_439c2abf99293b60270f,1984-02-01,2026-08-11T03:34:54Z,fred_semiconductor,IPG3344S,U.S. industrial production for computer and electronic product manufacturing,0.1501,index,https://fred.stlouisfed.org/series/IPG3344S
fred_semiconductor_439cfe924f017b933d9d,2019-05-01,2026-08-11T03:34:54Z,fred_semiconductor,IPG3344S,U.S. industrial production for computer and electronic product manufacturing,105.8115,index,https://fred.stlouisfed.org/series/IPG3344S
fred_semiconductor_43d274b288f73f544ce7,2017-12-01,2026-08-11T03:34:54Z,fred_semiconductor,IPG3344S,U.S. industrial production for computer and electronic product manufacturing,105.3014,index,https://fred.stlouisfed.org/series/IPG3344S
fred_semiconductor_4408bfe2214f51ed950d,1979-10-01,2026-08-11T03:34:54Z,fred_semiconductor,IPG3344S,U.S. industrial production for computer and electronic product manufacturing,0.0822,index,https://fred.stlouisfed.org/series/IPG3344S
fred_semiconductor_4420aba69bb3e7f10290,1992-01-01,2026-08-04T05:04:10Z,fred_semiconductor,PCU3344133441,Semiconductor and related device manufacturing producer price index,104.3,index,https://fred.stlouisfed.org/graph/fredgraph.csv?id=PCU3344133441
fred_semiconductor_44efe2cacff663172eef,2018-01-01,2026-08-11T03:34:54Z,fred_semiconductor,CUSR0000SEEE01,"U.S. consumer price index for computers, peripherals, and smart home assistants",41.455,index,https://fred.stlouisfed.org/series/CUSR0000SEEE01
fred_semiconductor_452253d5d6db2af19bf6,2015-12-01,2026-08-04T05:04:10Z,fred_semiconductor,PCU3344133441,Semiconductor and related device manufacturing producer price index,58.1,index,https://fred.stlouisfed.org/graph/fredgraph.csv?id=PCU3344133441
fred_semiconductor_45331d256e3ae26bb50e,2013-10-01,2026-08-11T03:34:54Z,fred_semiconductor,IPG3344S,U.S. industrial production for computer and electronic product manufacturing,70.6466,index,https://fred.stlouisfed.org/series/IPG3344S
fred_semiconductor_4592d071b6d0d39fe7b5,1978-02-01,2026-08-11T03:34:54Z,fred_semiconductor,IPG3344S,U.S. industrial production for computer and electronic product manufacturing,0.0578,index,https://fred.stlouisfed.org/series/IPG3344S
fred_semiconductor_45abb583e158d75cea62,1991-05-01,2026-08-04T05:04:10Z,fred_semiconductor,PCU3344133441,Semiconductor and related device manufacturing producer price index,104.9,index,https://fred.stlouisfed.org/graph/fredgraph.csv?id=PCU3344133441
fred_semiconductor_45ebcd69dd23f3dd3b98,2018-10-01,2026-08-04T05:04:10Z,fred_semiconductor,PCU3344133441,Semiconductor and related device manufacturing producer price index,55.6,index,https://fred.stlouisfed.org/graph/fredgraph.csv?id=PCU3344133441
fred_semiconductor_45f2a4039652530a8647,2011-12-01,2026-08-11T03:34:54Z,fred_semiconductor,CUSR0000SEEE01,"U.S. consumer price index for computers, peripherals, and smart home assistants",64.967,index,https://fred.stlouisfed.org/series/CUSR0000SEEE01
fred_semiconductor_46757cf4782ecc44631a,2024-12-01,2026-08-04T05:04:10Z,fred_semiconductor,PCU3344133441,Semiconductor and related device manufacturing producer price index,58.828,index,https://fred.stlouisfed.org/graph/fredgraph.csv?id=PCU3344133441
fred_semiconductor_4698bda1574c5e8223c2,2007-04-01,2026-08-04T05:04:10Z,fred_semiconductor,PCU3344133441,Semiconductor and related device manufacturing producer price index,71.5,index,https://fred.stlouisfed.org/graph/fredgraph.csv?id=PCU3344133441
fred_semiconductor_470894ceaa105ee117fa,2012-05-01,2026-08-11T03:34:54Z,fred_semiconductor,IPG3344S,U.S. industrial production for computer and electronic product manufacturing,59.9974,index,https://fred.stlouisfed.org/series/IPG3344S
fred_semiconductor_47795c23088a9498f887,2002-10-01,2026-08-04T05:04:10Z,fred_semiconductor,PCU3344133441,Semiconductor and related device manufacturing producer price index,84.3,index,https://fred.stlouisfed.org/graph/fredgraph.csv?id=PCU3344133441
fred_semiconductor_477be61ac98c60b52db6,2009-11-01,2026-08-04T05:04:10Z,fred_semiconductor,PCU3344133441,Semiconductor and related device manufacturing producer price index,65.7,index,https://fred.stlouisfed.org/graph/fredgraph.csv?id=PCU3344133441
fred_semiconductor_480542c7eebb65174f82,2011-02-01,2026-08-11T03:34:54Z,fred_semiconductor,IPG3344S,U.S. industrial production for computer and electronic product manufacturing,54.1177,index,https://fred.stlouisfed.org/series/IPG3344S
fred_semiconductor_4806640eb922582b6c9a,2006-11-01,2026-08-04T05:04:10Z,fred_semiconductor,PCU3344133441,Semiconductor and related device manufacturing producer price index,75.4,index,https://fred.stlouisfed.org/graph/fredgraph.csv?id=PCU3344133441
fred_semiconductor_480a7268e181df3ecefd,2014-07-01,2026-08-11T03:34:54Z,fred_semiconductor,IPG3344S,U.S. industrial production for computer and electronic product manufacturing,82.7456,index,https://fred.stlouisfed.org/series/IPG3344S
fred_semiconductor_482fe456a812ef07e342,1994-02-01,2026-08-04T05:04:10Z,fred_semiconductor,PCU3344133441,Semiconductor and related device manufacturing producer price index,105.4,index,https://fred.stlouisfed.org/graph/fredgraph.csv?id=PCU3344133441
fred_semiconductor_4861c89c2f5698b41986,2002-08-01,2026-08-11T03:34:54Z,fred_semiconductor,IPG3344S,U.S. industrial production for computer and electronic product manufacturing,9.6704,index,https://fred.stlouisfed.org/series/IPG3344S
fred_semiconductor_486c0902a02843f6afa7,2014-04-01,2026-08-11T03:34:54Z,fred_semiconductor,IPG3344S,U.S. industrial production for computer and electronic product manufacturing,80.0616,index,https://fred.stlouisfed.org/series/IPG3344S
fred_semiconductor_48b9fd5562cf2a518c7f,1993-08-01,2026-08-11T03:34:54Z,fred_semiconductor,IPG3344S,U.S. industrial production for computer and electronic product manufacturing,0.4599,index,https://fred.stlouisfed.org/series/IPG3344S
fred_semiconductor_48edb9e0da9f73a1a900,2003-05-01,2026-08-04T05:04:10Z,fred_semiconductor,PCU3344133441,Semiconductor and related device manufacturing producer price index,82.7,index,https://fred.stlouisfed.org/graph/fredgraph.csv?id=PCU3344133441
fred_semiconductor_49524122f77d96e00bde,1986-12-01,2026-08-11T03:34:54Z,fred_semiconductor,IPG3344S,U.S. industrial production for computer and electronic product manufacturing,0.1937,index,https://fred.stlouisfed.org/series/IPG3344S
fred_semiconductor_4997b10c5222343d5133,2023-10-01,2026-08-11T03:34:54Z,fred_semiconductor,CUSR0000SEEE01,"U.S. consumer price index for computers, peripherals, and smart home assistants",36.845,index,https://fred.stlouisfed.org/series/CUSR0000SEEE01
fred_semiconductor_49ba3eac0ab884dcdba6,2017-10-01,2026-08-04T05:04:10Z,fred_semiconductor,PCU3344133441,Semiconductor and related device manufacturing producer price index,56.0,index,https://fred.stlouisfed.org/graph/fredgraph.csv?id=PCU3344133441
fred_semiconductor_49bd131ae604416def6b,1997-07-01,2026-08-11T03:34:54Z,fred_semiconductor,IPG3344S,U.S. industrial production for computer and electronic product manufacturing,1.9704,index,https://fred.stlouisfed.org/series/IPG3344S
fred_semiconductor_49cedf099e626f6f8c9a,2018-05-01,2026-08-11T03:34:54Z,fred_semiconductor,IPG3344S,U.S. industrial production for computer and electronic product manufacturing,106.3259,index,https://fred.stlouisfed.org/series/IPG3344S
fred_semiconductor_4a507c1e165fc9103a27,2000-04-01,2026-08-04T05:04:10Z,fred_semiconductor,PCU3344133441,Semiconductor and related device manufacturing producer price index,88.9,index,https://fred.stlouisfed.org/graph/fredgraph.csv?id=PCU3344133441
fred_semiconductor_4a69cf7c147953553cf3,2024-08-01,2026-08-11T03:34:54Z,fred_semiconductor,IPG3344S,U.S. industrial production for computer and electronic product manufacturing,148.7946,index,https://fred.stlouisfed.org/series/IPG3344S
fred_semiconductor_4a775f7d7b6da48af098,2012-11-01,2026-08-11T03:34:54Z,fred_semiconductor,CUSR0000SEEE01,"U.S. consumer price index for computers, peripherals, and smart home assistants",59.775,index,https://fred.stlouisfed.org/series/CUSR0000SEEE01
fred_semiconductor_4a796693888bbc822c32,1995-06-01,2026-08-11T03:34:54Z,fred_semiconductor,IPG3344S,U.S. industrial production for computer and electronic product manufacturing,0.8325,index,https://fred.stlouisfed.org/series/IPG3344S
fred_semiconductor_4a93de4ad1ed40d8ff3c,1994-08-01,2026-08-11T03:34:54Z,fred_semiconductor,IPG3344S,U.S. industrial production for computer and electronic product manufacturing,0.61,index,https://fred.stlouisfed.org/series/IPG3344S
fred_semiconductor_4ab07f0048c32901703c,1984-07-01,2026-08-11T03:34:54Z,fred_semiconductor,IPG3344S,U.S. industrial production for computer and electronic product manufacturing,0.1693,index,https://fred.stlouisfed.org/series/IPG3344S
fred_semiconductor_4af4df9b9814640366b9,2000-02-01,2026-08-04T05:04:10Z,fred_semiconductor,PCU3344133441,Semiconductor and related device manufacturing producer price index,88.6,index,https://fred.stlouisfed.org/graph/fredgraph.csv?id=PCU3344133441
fred_semiconductor_4bba5ace2b012ba5aa70,1997-08-01,2026-08-11T03:34:54Z,fred_semiconductor,IPG3344S,U.S. industrial production for computer and electronic product manufacturing,2.0717,index,https://fred.stlouisfed.org/series/IPG3344S
fred_semiconductor_4c17428577cae3d463a2,2014-09-01,2026-08-04T05:04:10Z,fred_semiconductor,PCU3344133441,Semiconductor and related device manufacturing producer price index,58.8,index,https://fred.stlouisfed.org/graph/fredgraph.csv?id=PCU3344133441
fred_semiconductor_4c1a529bfffca30e23da,1981-03-01,2026-08-11T03:34:54Z,fred_semiconductor,IPG3344S,U.S. industrial production for computer and electronic product manufacturing,0.0912,index,https://fred.stlouisfed.org/series/IPG3344S
fred_semiconductor_4c2bfec05c02ce2362a6,2015-07-01,2026-08-11T03:34:54Z,fred_semiconductor,CUSR0000SEEE01,"U.S. consumer price index for computers, peripherals, and smart home assistants",47.713,index,https://fred.stlouisfed.org/series/CUSR0000SEEE01
fred_semiconductor_4c376ca7fd64735a85f4,2001-06-01,2026-08-11T03:34:54Z,fred_semiconductor,IPG3344S,U.S. industrial production for computer and electronic product manufacturing,7.8019,index,https://fred.stlouisfed.org/series/IPG3344S
fred_semiconductor_4ca432f3ed7ded83381c,2010-07-01,2026-08-04T05:04:10Z,fred_semiconductor,PCU3344133441,Semiconductor and related device manufacturing producer price index,64.3,index,https://fred.stlouisfed.org/graph/fredgraph.csv?id=PCU3344133441
fred_semiconductor_4d29da402131ab8c3594,1987-04-01,2026-08-11T03:34:54Z,fred_semiconductor,IPG3344S,U.S. industrial production for computer and electronic product manufacturing,0.2059,index,https://fred.stlouisfed.org/series/IPG3344S
fred_semiconductor_4d435feb5354c5da901c,1990-09-01,2026-08-04T05:04:10Z,fred_semiconductor,PCU3344133441,Semiconductor and related device manufacturing producer price index,104.8,index,https://fred.stlouisfed.org/graph/fredgraph.csv?id=PCU3344133441
fred_semiconductor_4d4cc99f33e96d8b75a7,1990-04-01,2026-08-11T03:34:54Z,fred_semiconductor,IPG3344S,U.S. industrial production for computer and electronic product manufacturing,0.293,index,https://fred.stlouisfed.org/series/IPG3344S
fred_semiconductor_4d7385219acbfb0bafa8,1997-04-01,2026-08-04T05:04:10Z,fred_semiconductor,PCU3344133441,Semiconductor and related device manufacturing producer price index,96.2,index,https://fred.stlouisfed.org/graph/fredgraph.csv?id=PCU3344133441
fred_semiconductor_4d7f0e4a0333611cd7f6,2009-06-01,2026-08-11T03:34:54Z,fred_semiconductor,IPG3344S,U.S. industrial production for computer and electronic product manufacturing,29.5193,index,https://fred.stlouisfed.org/series/IPG3344S
fred_semiconductor_4da4ee6fa468e9c4d8dd,2023-11-01,2026-08-11T03:34:54Z,fred_semiconductor,IPG3344S,U.S. industrial production for computer and electronic product manufacturing,137.8263,index,https://fred.stlouisfed.org/series/IPG3344S
fred_semiconductor_4db175e7827d8dcfa207,2010-04-01,2026-08-11T03:34:54Z,fred_semiconductor,IPG3344S,U.S. industrial production for computer and electronic product manufacturing,43.3374,index,https://fred.stlouisfed.org/series/IPG3344S
fred_semiconductor_4defde82b891013abe82,2025-03-01,2026-08-11T03:34:54Z,fred_semiconductor,IPG3344S,U.S. industrial production for computer and electronic product manufacturing,159.2281,index,https://fred.stlouisfed.org/series/IPG3344S
fred_semiconductor_4df3584199bc71bd3097,2002-07-01,2026-08-04T05:04:10Z,fred_semiconductor,PCU3344133441,Semiconductor and related device manufacturing producer price index,84.8,index,https://fred.stlouisfed.org/graph/fredgraph.csv?id=PCU3344133441
fred_semiconductor_4df5cdd606f91700ea48,2004-06-01,2026-08-11T03:34:54Z,fred_semiconductor,IPG3344S,U.S. industrial production for computer and electronic product manufacturing,16.1199,index,https://fred.stlouisfed.org/series/IPG3344S
fred_semiconductor_4e024489e844f28f19cc,2023-11-01,2026-08-11T03:34:54Z,fred_semiconductor,CUSR0000SEEE01,"U.S. consumer price index for computers, peripherals, and smart home assistants",36.258,index,https://fred.stlouisfed.org/series/CUSR0000SEEE01
fred_semiconductor_4e099031724c65d3724d,1972-05-01,2026-08-11T03:34:54Z,fred_semiconductor,IPG3344S,U.S. industrial production for computer and electronic product manufacturing,0.0291,index,https://fred.stlouisfed.org/series/IPG3344S
fred_semiconductor_4e0a5706309447ab7ae6,1972-06-01,2026-08-11T03:34:54Z,fred_semiconductor,IPG3344S,U.S. industrial production for computer and electronic product manufacturing,0.0288,index,https://fred.stlouisfed.org/series/IPG3344S
fred_semiconductor_4e19daa286d3f9dd6cfe,2021-03-01,2026-08-11T03:34:54Z,fred_semiconductor,IPG3344S,U.S. industrial production for computer and electronic product manufacturing,119.6459,index,https://fred.stlouisfed.org/series/IPG3344S
fred_semiconductor_4e8f2d76bba68c933db5,1975-02-01,2026-08-11T03:34:54Z,fred_semiconductor,IPG3344S,U.S. industrial production for computer and electronic product manufacturing,0.0319,index,https://fred.stlouisfed.org/series/IPG3344S
fred_semiconductor_4eceea417ffa6684449c,1988-04-01,2026-08-04T05:04:10Z,fred_semiconductor,PCU3344133441,Semiconductor and related device manufacturing producer price index,103.2,index,https://fred.stlouisfed.org/graph/fredgraph.csv?id=PCU3344133441
fred_semiconductor_4f4d89cffbd4fea2f51a,2005-01-01,2026-08-11T03:34:54Z,fred_semiconductor,IPG3344S,U.S. industrial production for computer and electronic product manufacturing,17.6704,index,https://fred.stlouisfed.org/series/IPG3344S
fred_semiconductor_4f56db9c65104c48edbb,1989-05-01,2026-08-04T05:04:10Z,fred_semiconductor,PCU3344133441,Semiconductor and related device manufacturing producer price index,105.1,index,https://fred.stlouisfed.org/graph/fredgraph.csv?id=PCU3344133441
fred_semiconductor_4f63497f66b6f7222e0e,2013-11-01,2026-08-11T03:34:54Z,fred_semiconductor,CUSR0000SEEE01,"U.S. consumer price index for computers, peripherals, and smart home assistants",54.732,index,https://fred.stlouisfed.org/series/CUSR0000SEEE01
fred_semiconductor_4f88aa13c0cb697fa789,1976-07-01,2026-08-11T03:34:54Z,fred_semiconductor,IPG3344S,U.S. industrial production for computer and electronic product manufacturing,0.0434,index,https://fred.stlouisfed.org/series/IPG3344S
fred_semiconductor_4f99333cf646d0f13ed9,2010-11-01,2026-08-11T03:34:54Z,fred_semiconductor,CUSR0000SEEE01,"U.S. consumer price index for computers, peripherals, and smart home assistants",75.38,index,https://fred.stlouisfed.org/series/CUSR0000SEEE01
fred_semiconductor_4fa5e0c99e42259c8dba,1994-05-01,2026-08-11T03:34:54Z,fred_semiconductor,IPG3344S,U.S. industrial production for computer and electronic product manufacturing,0.5692,index,https://fred.stlouisfed.org/series/IPG3344S
fred_semiconductor_5014df97671e0d70e75a,1985-04-01,2026-08-11T03:34:54Z,fred_semiconductor,IPG3344S,U.S. industrial production for computer and electronic product manufacturing,0.167,index,https://fred.stlouisfed.org/series/IPG3344S
fred_semiconductor_50824c6352588ee0a7d2,1995-05-01,2026-08-04T05:04:10Z,fred_semiconductor,PCU3344133441,Semiconductor and related device manufacturing producer price index,102.7,index,https://fred.stlouisfed.org/graph/fredgraph.csv?id=PCU3344133441
fred_semiconductor_50ae61eb1f69d00f1206,2011-04-01,2026-08-11T03:34:54Z,fred_semiconductor,CUSR0000SEEE01,"U.S. consumer price index for computers, peripherals, and smart home assistants",71.106,index,https://fred.stlouisfed.org/series/CUSR0000SEEE01
fred_semiconductor_50cf3c12f0fa91dc4197,2026-04-01,2026-08-04T05:04:10Z,fred_semiconductor,PCU3344133441,Semiconductor and related device manufacturing producer price index,73.294,index,https://fred.stlouisfed.org/graph/fredgraph.csv?id=PCU3344133441
fred_semiconductor_50d66fb1d444f2733a2b,2020-03-01,2026-08-04T05:04:10Z,fred_semiconductor,PCU3344133441,Semiconductor and related device manufacturing producer price index,55.6,index,https://fred.stlouisfed.org/graph/fredgraph.csv?id=PCU3344133441
fred_semiconductor_511349d58ab0a3daef50,2007-09-01,2026-08-04T05:04:10Z,fred_semiconductor,PCU3344133441,Semiconductor and related device manufacturing producer price index,68.5,index,https://fred.stlouisfed.org/graph/fredgraph.csv?id=PCU3344133441
fred_semiconductor_515be91ca24af89d5f01,2018-06-01,2026-08-04T05:04:10Z,fred_semiconductor,PCU3344133441,Semiconductor and related device manufacturing producer price index,56.2,index,https://fred.stlouisfed.org/graph/fredgraph.csv?id=PCU3344133441
fred_semiconductor_515e31898f1d967a43d1,2023-10-01,2026-08-11T03:34:54Z,fred_semiconductor,IPG3344S,U.S. industrial production for computer and electronic product manufacturing,136.4045,index,https://fred.stlouisfed.org/series/IPG3344S
fred_semiconductor_5184f668d5517b84bcd7,1997-04-01,2026-08-11T03:34:54Z,fred_semiconductor,IPG3344S,U.S. industrial production for computer and electronic product manufacturing,1.7981,index,https://fred.stlouisfed.org/series/IPG3344S
fred_semiconductor_518f7c8ce4a480156634,1975-07-01,2026-08-11T03:34:54Z,fred_semiconductor,IPG3344S,U.S. industrial production for computer and electronic product manufacturing,0.0335,index,https://fred.stlouisfed.org/series/IPG3344S
fred_semiconductor_51adec2b4aaecac95ebf,1993-09-01,2026-08-04T05:04:10Z,fred_semiconductor,PCU3344133441,Semiconductor and related device manufacturing producer price index,105.4,index,https://fred.stlouisfed.org/graph/fredgraph.csv?id=PCU3344133441
fred_semiconductor_51d4e76fcb0904c1b00d,2020-08-01,2026-08-11T03:34:54Z,fred_semiconductor,IPG3344S,U.S. industrial production for computer and electronic product manufacturing,112.4082,index,https://fred.stlouisfed.org/series/IPG3344S
fred_semiconductor_5239b5b734ef6ab4062f,2014-12-01,2026-08-04T05:04:10Z,fred_semiconductor,PCU3344133441,Semiconductor and related device manufacturing producer price index,58.7,index,https://fred.stlouisfed.org/graph/fredgraph.csv?id=PCU3344133441
fred_semiconductor_5276b2239038b97f1d98,2016-01-01,2026-08-04T05:04:10Z,fred_semiconductor,PCU3344133441,Semiconductor and related device manufacturing producer price index,57.7,index,https://fred.stlouisfed.org/graph/fredgraph.csv?id=PCU3344133441
fred_semiconductor_52bca3cbb958cb95bb52,1985-02-01,2026-08-04T05:04:10Z,fred_semiconductor,PCU3344133441,Semiconductor and related device manufacturing producer price index,100.8,index,https://fred.stlouisfed.org/graph/fredgraph.csv?id=PCU3344133441
fred_semiconductor_5347d78b307c14fe3c49,1992-09-01,2026-08-04T05:04:10Z,fred_semiconductor,PCU3344133441,Semiconductor and related device manufacturing producer price index,104.2,index,https://fred.stlouisfed.org/graph/fredgraph.csv?id=PCU3344133441
fred_semiconductor_53b4b702bd7796c972d1,2016-05-01,2026-08-11T03:34:54Z,fred_semiconductor,IPG3344S,U.S. industrial production for computer and electronic product manufacturing,84.7635,index,https://fred.stlouisfed.org/series/IPG3344S
fred_semiconductor_53b99d5773079c9c000f,2024-11-01,2026-08-11T03:34:54Z,fred_semiconductor,CUSR0000SEEE01,"U.S. consumer price index for computers, peripherals, and smart home assistants",34.259,index,https://fred.stlouisfed.org/series/CUSR0000SEEE01
fred_semiconductor_53bfb5a4f3b78da079f4,1994-09-01,2026-08-04T05:04:10Z,fred_semiconductor,PCU3344133441,Semiconductor and related device manufacturing producer price index,104.2,index,https://fred.stlouisfed.org/graph/fredgraph.csv?id=PCU3344133441
fred_semiconductor_53c3530d28e2cbbb2b63,1987-07-01,2026-08-11T03:34:54Z,fred_semiconductor,IPG3344S,U.S. industrial production for computer and electronic product manufacturing,0.2213,index,https://fred.stlouisfed.org/series/IPG3344S
fred_semiconductor_53c82ee3aea83608dd86,2004-09-01,2026-08-11T03:34:54Z,fred_semiconductor,IPG3344S,U.S. industrial production for computer and electronic product manufacturing,16.4619,index,https://fred.stlouisfed.org/series/IPG3344S
fred_semiconductor_53d301e69375ba5f250d,2014-03-01,2026-08-04T05:04:10Z,fred_semiconductor,PCU3344133441,Semiconductor and related device manufacturing producer price index,58.8,index,https://fred.stlouisfed.org/graph/fredgraph.csv?id=PCU3344133441
fred_semiconductor_544747cb54478e6288fb,1992-12-01,2026-08-04T05:04:10Z,fred_semiconductor,PCU3344133441,Semiconductor and related device manufacturing producer price index,104.5,index,https://fred.stlouisfed.org/graph/fredgraph.csv?id=PCU3344133441
fred_semiconductor_546b8b30babd0c452bf3,2019-10-01,2026-08-04T05:04:10Z,fred_semiconductor,PCU3344133441,Semiconductor and related device manufacturing producer price index,55.6,index,https://fred.stlouisfed.org/graph/fredgraph.csv?id=PCU3344133441
fred_semiconductor_54c9c6c255918847eb33,2020-09-01,2026-08-11T03:34:54Z,fred_semiconductor,IPG3344S,U.S. industrial production for computer and electronic product manufacturing,115.8024,index,https://fred.stlouisfed.org/series/IPG3344S
fred_semiconductor_54d98c8e222f85de6d22,1987-03-01,2026-08-04T05:04:10Z,fred_semiconductor,PCU3344133441,Semiconductor and related device manufacturing producer price index,102.7,index,https://fred.stlouisfed.org/graph/fredgraph.csv?id=PCU3344133441
fred_semiconductor_54f94546e6fd9a87f7c6,1987-05-01,2026-08-11T03:34:54Z,fred_semiconductor,IPG3344S,U.S. industrial production for computer and electronic product manufacturing,0.2118,index,https://fred.stlouisfed.org/series/IPG3344S
fred_semiconductor_55037e7df4e55eda7a71,1987-08-01,2026-08-04T05:04:10Z,fred_semiconductor,PCU3344133441,Semiconductor and related device manufacturing producer price index,102.6,index,https://fred.stlouisfed.org/graph/fredgraph.csv?id=PCU3344133441
fred_semiconductor_550df964b2aea52041fa,1983-11-01,2026-08-11T03:34:54Z,fred_semiconductor,IPG3344S,U.S. industrial production for computer and electronic product manufacturing,0.1382,index,https://fred.stlouisfed.org/series/IPG3344S
fred_semiconductor_5546c31f2ee17633e179,2014-10-01,2026-08-04T05:04:10Z,fred_semiconductor,PCU3344133441,Semiconductor and related device manufacturing producer price index,58.8,index,https://fred.stlouisfed.org/graph/fredgraph.csv?id=PCU3344133441
fred_semiconductor_5563d45daf506f517f3c,2024-03-01,2026-08-11T03:34:54Z,fred_semiconductor,IPG3344S,U.S. industrial production for computer and electronic product manufacturing,138.3547,index,https://fred.stlouisfed.org/series/IPG3344S
fred_semiconductor_556406347bd7125b50a0,2020-10-01,2026-08-11T03:34:54Z,fred_semiconductor,CUSR0000SEEE01,"U.S. consumer price index for computers, peripherals, and smart home assistants",37.201,index,https://fred.stlouisfed.org/series/CUSR0000SEEE01
fred_semiconductor_5582eff0b6770477255a,2007-10-01,2026-08-04T05:04:10Z,fred_semiconductor,PCU3344133441,Semiconductor and related device manufacturing producer price index,67.8,index,https://fred.stlouisfed.org/graph/fredgraph.csv?id=PCU3344133441
fred_semiconductor_559b4a4a5b758c0e7021,1995-10-01,2026-08-04T05:04:10Z,fred_semiconductor,PCU3344133441,Semiconductor and related device manufacturing producer price index,102.3,index,https://fred.stlouisfed.org/graph/fredgraph.csv?id=PCU3344133441
fred_semiconductor_55e9d96034d261f3b0e5,2013-02-01,2026-08-11T03:34:54Z,fred_semiconductor,IPG3344S,U.S. industrial production for computer and electronic product manufacturing,62.014,index,https://fred.stlouisfed.org/series/IPG3344S
fred_semiconductor_55f7b14b683582cdfeab,1988-10-01,2026-08-11T03:34:54Z,fred_semiconductor,IPG3344S,U.S. industrial production for computer and electronic product manufacturing,0.2519,index,https://fred.stlouisfed.org/series/IPG3344S
fred_semiconductor_5627f61597daca9da8bd,2018-11-01,2026-08-11T03:34:54Z,fred_semiconductor,CUSR0000SEEE01,"U.S. consumer price index for computers, peripherals, and smart home assistants",39.841,index,https://fred.stlouisfed.org/series/CUSR0000SEEE01
fred_semiconductor_563f201573462c33642f,2015-09-01,2026-08-11T03:34:54Z,fred_semiconductor,CUSR0000SEEE01,"U.S. consumer price index for computers, peripherals, and smart home assistants",47.436,index,https://fred.stlouisfed.org/series/CUSR0000SEEE01
fred_semiconductor_566eb4bd53792b62f9b8,2019-08-01,2026-08-11T03:34:54Z,fred_semiconductor,IPG3344S,U.S. industrial production for computer and electronic product manufacturing,109.1758,index,https://fred.stlouisfed.org/series/IPG3344S
fred_semiconductor_5680b2381ca11573c4e8,2017-02-01,2026-08-04T05:04:10Z,fred_semiconductor,PCU3344133441,Semiconductor and related device manufacturing producer price index,57.4,index,https://fred.stlouisfed.org/graph/fredgraph.csv?id=PCU3344133441
fred_semiconductor_5680b588cb7b9f6f7976,2015-07-01,2026-08-11T03:34:54Z,fred_semiconductor,IPG3344S,U.S. industrial production for computer and electronic product manufacturing,79.8745,index,https://fred.stlouisfed.org/series/IPG3344S
fred_semiconductor_56ab514bb2db1a859f78,2015-12-01,2026-08-11T03:34:54Z,fred_semiconductor,CUSR0000SEEE01,"U.S. consumer price index for computers, peripherals, and smart home assistants",46.237,index,https://fred.stlouisfed.org/series/CUSR0000SEEE01
fred_semiconductor_56f184ccb1e2805c2370,1993-04-01,2026-08-04T05:04:10Z,fred_semiconductor,PCU3344133441,Semiconductor and related device manufacturing producer price index,105.7,index,https://fred.stlouisfed.org/graph/fredgraph.csv?id=PCU3344133441
fred_semiconductor_56fcd5cfdc131274f29f,2019-05-01,2026-08-04T05:04:10Z,fred_semiconductor,PCU3344133441,Semiconductor and related device manufacturing producer price index,55.1,index,https://fred.stlouisfed.org/graph/fredgraph.csv?id=PCU3344133441
fred_semiconductor_578c960291763ba57a7d,2005-02-01,2026-08-04T05:04:10Z,fred_semiconductor,PCU3344133441,Semiconductor and related device manufacturing producer price index,77.5,index,https://fred.stlouisfed.org/graph/fredgraph.csv?id=PCU3344133441
fred_semiconductor_579ae0cd159e76ee0fb8,2020-03-01,2026-08-11T03:34:54Z,fred_semiconductor,CUSR0000SEEE01,"U.S. consumer price index for computers, peripherals, and smart home assistants",38.706,index,https://fred.stlouisfed.org/series/CUSR0000SEEE01
fred_semiconductor_57adc64fe42b84aa136b,2022-07-01,2026-08-04T05:04:10Z,fred_semiconductor,PCU3344133441,Semiconductor and related device manufacturing producer price index,56.815,index,https://fred.stlouisfed.org/graph/fredgraph.csv?id=PCU3344133441
fred_semiconductor_58c37c0ce81d069abcbf,1995-07-01,2026-08-11T03:34:54Z,fred_semiconductor,IPG3344S,U.S. industrial production for computer and electronic product manufacturing,0.8408,index,https://fred.stlouisfed.org/series/IPG3344S
fred_semiconductor_58c725ebd7d94af7cb91,1995-11-01,2026-08-11T03:34:54Z,fred_semiconductor,IPG3344S,U.S. industrial production for computer and electronic product manufacturing,0.9781,index,https://fred.stlouisfed.org/series/IPG3344S
fred_semiconductor_5923d740623962d6e854,2009-10-01,2026-08-11T03:34:54Z,fred_semiconductor,IPG3344S,U.S. industrial production for computer and electronic product manufacturing,34.4543,index,https://fred.stlouisfed.org/series/IPG3344S
fred_semiconductor_5962d3b54d91a659d8c8,2004-08-01,2026-08-11T03:34:54Z,fred_semiconductor,IPG3344S,U.S. industrial production for computer and electronic product manufacturing,16.1569,index,https://fred.stlouisfed.org/series/IPG3344S
fred_semiconductor_59a9c334595678198cb5,1993-10-01,2026-08-11T03:34:54Z,fred_semiconductor,IPG3344S,U.S. industrial production for computer and electronic product manufacturing,0.4668,index,https://fred.stlouisfed.org/series/IPG3344S
fred_semiconductor_59aa99ec634968ae5167,2000-03-01,2026-08-11T03:34:54Z,fred_semiconductor,IPG3344S,U.S. industrial production for computer and electronic product manufacturing,6.0549,index,https://fred.stlouisfed.org/series/IPG3344S
fred_semiconductor_59ad11f9680d7f713a40,2019-09-01,2026-08-11T03:34:54Z,fred_semiconductor,CUSR0000SEEE01,"U.S. consumer price index for computers, peripherals, and smart home assistants",39.73,index,https://fred.stlouisfed.org/series/CUSR0000SEEE01
fred_semiconductor_59cc4ec8be87cd8485df,2010-02-01,2026-08-11T03:34:54Z,fred_semiconductor,CUSR0000SEEE01,"U.S. consumer price index for computers, peripherals, and smart home assistants",77.45,index,https://fred.stlouisfed.org/series/CUSR0000SEEE01
fred_semiconductor_59e23752b6920c8bf4e7,2002-02-01,2026-08-04T05:04:10Z,fred_semiconductor,PCU3344133441,Semiconductor and related device manufacturing producer price index,85.8,index,https://fred.stlouisfed.org/graph/fredgraph.csv?id=PCU3344133441
fred_semiconductor_59fae18ce9b4452b2b63,2016-02-01,2026-08-11T03:34:54Z,fred_semiconductor,IPG3344S,U.S. industrial production for computer and electronic product manufacturing,82.5464,index,https://fred.stlouisfed.org/series/IPG3344S
fred_semiconductor_5a0405a0bdd1b80ef68c,2025-03-01,2026-08-04T05:04:10Z,fred_semiconductor,PCU3344133441,Semiconductor and related device manufacturing producer price index,58.425,index,https://fred.stlouisfed.org/graph/fredgraph.csv?id=PCU3344133441
fred_semiconductor_5a0a49598c307c09352c,1983-07-01,2026-08-11T03:34:54Z,fred_semiconductor,IPG3344S,U.S. industrial production for computer and electronic product manufacturing,0.1276,index,https://fred.stlouisfed.org/series/IPG3344S
fred_semiconductor_5a0f0159b07761ad4f96,2025-06-01,2026-08-04T05:04:10Z,fred_semiconductor,PCU3344133441,Semiconductor and related device manufacturing producer price index,57.606,index,https://fred.stlouisfed.org/graph/fredgraph.csv?id=PCU3344133441
fred_semiconductor_5a3aa402f6222638487e,2007-07-01,2026-08-04T05:04:10Z,fred_semiconductor,PCU3344133441,Semiconductor and related device manufacturing producer price index,69.8,index,https://fred.stlouisfed.org/graph/fredgraph.csv?id=PCU3344133441
fred_semiconductor_5a3e26bc5f5fb38a8b12,2014-01-01,2026-08-04T05:04:10Z,fred_semiconductor,PCU3344133441,Semiconductor and related device manufacturing producer price index,58.9,index,https://fred.stlouisfed.org/graph/fredgraph.csv?id=PCU3344133441
fred_semiconductor_5a6bd5fe8c6c7e46c597,1986-01-01,2026-08-04T05:04:10Z,fred_semiconductor,PCU3344133441,Semiconductor and related device manufacturing producer price index,101.4,index,https://fred.stlouisfed.org/graph/fredgraph.csv?id=PCU3344133441
fred_semiconductor_5a6c37450033bae2e79a,2024-03-01,2026-08-04T05:04:10Z,fred_semiconductor,PCU3344133441,Semiconductor and related device manufacturing producer price index,58.105,index,https://fred.stlouisfed.org/graph/fredgraph.csv?id=PCU3344133441
fred_semiconductor_5a8133e59c4e922b4121,2012-06-01,2026-08-11T03:34:54Z,fred_semiconductor,IPG3344S,U.S. industrial production for computer and electronic product manufacturing,61.0013,index,https://fred.stlouisfed.org/series/IPG3344S
fred_semiconductor_5a8319460772a352d568,1983-01-01,2026-08-11T03:34:54Z,fred_semiconductor,IPG3344S,U.S. industrial production for computer and electronic product manufacturing,0.1123,index,https://fred.stlouisfed.org/series/IPG3344S
fred_semiconductor_5a950a4693c8e6571c56,2008-07-01,2026-08-04T05:04:10Z,fred_semiconductor,PCU3344133441,Semiconductor and related device manufacturing producer price index,66.2,index,https://fred.stlouisfed.org/graph/fredgraph.csv?id=PCU3344133441
fred_semiconductor_5abb7a61afc628ccc5fb,2014-02-01,2026-08-11T03:34:54Z,fred_semiconductor,CUSR0000SEEE01,"U.S. consumer price index for computers, peripherals, and smart home assistants",54.34,index,https://fred.stlouisfed.org/series/CUSR0000SEEE01
fred_semiconductor_5b46ed937451d8a70861,1999-04-01,2026-08-04T05:04:10Z,fred_semiconductor,PCU3344133441,Semiconductor and related device manufacturing producer price index,90.5,index,https://fred.stlouisfed.org/graph/fredgraph.csv?id=PCU3344133441
fred_semiconductor_5b97152bcf32bd7bce74,1991-07-01,2026-08-11T03:34:54Z,fred_semiconductor,IPG3344S,U.S. industrial production for computer and electronic product manufacturing,0.3341,index,https://fred.stlouisfed.org/series/IPG3344S
fred_semiconductor_5b9ffba4d5a53bfbccf4,1978-05-01,2026-08-11T03:34:54Z,fred_semiconductor,IPG3344S,U.S. industrial production for computer and electronic product manufacturing,0.0613,index,https://fred.stlouisfed.org/series/IPG3344S
fred_semiconductor_5bbf81efdfb27f9169d2,2003-12-01,2026-08-04T05:04:10Z,fred_semiconductor,PCU3344133441,Semiconductor and related device manufacturing producer price index,78.4,index,https://fred.stlouisfed.org/graph/fredgraph.csv?id=PCU3344133441
fred_semiconductor_5bce99d0baefdfa49a0d,1995-12-01,2026-08-04T05:04:10Z,fred_semiconductor,PCU3344133441,Semiconductor and related device manufacturing producer price index,102.2,index,https://fred.stlouisfed.org/graph/fredgraph.csv?id=PCU3344133441
fred_semiconductor_5c129afb5a6d36b3ca67,1990-11-01,2026-08-11T03:34:54Z,fred_semiconductor,IPG3344S,U.S. industrial production for computer and electronic product manufacturing,0.3063,index,https://fred.stlouisfed.org/series/IPG3344S
fred_semiconductor_5c191c41c63336557d03,2021-07-01,2026-08-11T03:34:54Z,fred_semiconductor,IPG3344S,U.S. industrial production for computer and electronic product manufacturing,117.7423,index,https://fred.stlouisfed.org/series/IPG3344S
fred_semiconductor_5c5484f98a14f99ca9e7,2002-06-01,2026-08-04T05:04:10Z,fred_semiconductor,PCU3344133441,Semiconductor and related device manufacturing producer price index,84.8,index,https://fred.stlouisfed.org/graph/fredgraph.csv?id=PCU3344133441
fred_semiconductor_5c5f85fab286214f5d4f,2005-02-01,2026-08-11T03:34:54Z,fred_semiconductor,CUSR0000SEEE01,"U.S. consumer price index for computers, peripherals, and smart home assistants",151.0,index,https://fred.stlouisfed.org/series/CUSR0000SEEE01
fred_semiconductor_5c74b66f504a33c95bfd,2023-05-01,2026-08-04T05:04:10Z,fred_semiconductor,PCU3344133441,Semiconductor and related device manufacturing producer price index,56.59,index,https://fred.stlouisfed.org/graph/fredgraph.csv?id=PCU3344133441
fred_semiconductor_5c8fb811ee1d79dec511,2017-11-01,2026-08-11T03:34:54Z,fred_semiconductor,IPG3344S,U.S. industrial production for computer and electronic product manufacturing,103.144,index,https://fred.stlouisfed.org/series/IPG3344S
fred_semiconductor_5cafcb32b760ece4d811,1982-01-01,2026-08-11T03:34:54Z,fred_semiconductor,IPG3344S,U.S. industrial production for computer and electronic product manufacturing,0.1018,index,https://fred.stlouisfed.org/series/IPG3344S
fred_semiconductor_5d6e3f8efd95587f56dc,2002-04-01,2026-08-11T03:34:54Z,fred_semiconductor,IPG3344S,U.S. industrial production for computer and electronic product manufacturing,9.0789,index,https://fred.stlouisfed.org/series/IPG3344S
fred_semiconductor_5dfb721ed6b859a5afe6,2026-03-01,2026-08-04T05:04:10Z,fred_semiconductor,PCU3344133441,Semiconductor and related device manufacturing producer price index,68.274,index,https://fred.stlouisfed.org/graph/fredgraph.csv?id=PCU3344133441
fred_semiconductor_5e0598f80ac560b310c2,2018-07-01,2026-08-04T05:04:10Z,fred_semiconductor,PCU3344133441,Semiconductor and related device manufacturing producer price index,55.9,index,https://fred.stlouisfed.org/graph/fredgraph.csv?id=PCU3344133441
fred_semiconductor_5e0a5d3f1d5c26e44eff,2015-03-01,2026-08-11T03:34:54Z,fred_semiconductor,IPG3344S,U.S. industrial production for computer and electronic product manufacturing,81.026,index,https://fred.stlouisfed.org/series/IPG3344S
fred_semiconductor_5e467afb7e3ad76d18b9,1997-10-01,2026-08-11T03:34:54Z,fred_semiconductor,IPG3344S,U.S. industrial production for computer and electronic product manufacturing,2.2375,index,https://fred.stlouisfed.org/series/IPG3344S
fred_semiconductor_5e9c02fb3748924d79f6,2009-09-01,2026-08-11T03:34:54Z,fred_semiconductor,IPG3344S,U.S. industrial production for computer and electronic product manufacturing,33.2342,index,https://fred.stlouisfed.org/series/IPG3344S
fred_semiconductor_5e9d004d580362c84922,1994-06-01,2026-08-04T05:04:10Z,fred_semiconductor,PCU3344133441,Semiconductor and related device manufacturing producer price index,105.5,index,https://fred.stlouisfed.org/graph/fredgraph.csv?id=PCU3344133441
fred_semiconductor_5ef87e82ebbed86943e4,2018-01-01,2026-08-11T03:34:54Z,fred_semiconductor,IPG3344S,U.S. industrial production for computer and electronic product manufacturing,106.5123,index,https://fred.stlouisfed.org/series/IPG3344S
fred_semiconductor_5f22cb3482be27aa8dda,1991-03-01,2026-08-04T05:04:10Z,fred_semiconductor,PCU3344133441,Semiconductor and related device manufacturing producer price index,105.3,index,https://fred.stlouisfed.org/graph/fredgraph.csv?id=PCU3344133441
fred_semiconductor_5f6c4237375439b680ec,2021-06-01,2026-08-04T05:04:10Z,fred_semiconductor,PCU3344133441,Semiconductor and related device manufacturing producer price index,54.7,index,https://fred.stlouisfed.org/graph/fredgraph.csv?id=PCU3344133441
fred_semiconductor_5f81d3fd398b6de1f2b7,2020-10-01,2026-08-04T05:04:10Z,fred_semiconductor,PCU3344133441,Semiconductor and related device manufacturing producer price index,53.8,index,https://fred.stlouisfed.org/graph/fredgraph.csv?id=PCU3344133441
fred_semiconductor_5f95bd5f687d19636e8d,1980-02-01,2026-08-11T03:34:54Z,fred_semiconductor,IPG3344S,U.S. industrial production for computer and electronic product manufacturing,0.0897,index,https://fred.stlouisfed.org/series/IPG3344S
fred_semiconductor_5fd386f6535d5fc2b62c,2011-06-01,2026-08-04T05:04:10Z,fred_semiconductor,PCU3344133441,Semiconductor and related device manufacturing producer price index,62.1,index,https://fred.stlouisfed.org/graph/fredgraph.csv?id=PCU3344133441
fred_semiconductor_5fe586a1a301cd465f7f,1972-03-01,2026-08-11T03:34:54Z,fred_semiconductor,IPG3344S,U.S. industrial production for computer and electronic product manufacturing,0.0286,index,https://fred.stlouisfed.org/series/IPG3344S
fred_semiconductor_5ff09832ef7d24c488c2,2023-09-01,2026-08-11T03:34:54Z,fred_semiconductor,IPG3344S,U.S. industrial production for computer and electronic product manufacturing,134.4233,index,https://fred.stlouisfed.org/series/IPG3344S
fred_semiconductor_601efd8c00d53c1d7f4b,2013-08-01,2026-08-11T03:34:54Z,fred_semiconductor,IPG3344S,U.S. industrial production for computer and electronic product manufacturing,68.0148,index,https://fred.stlouisfed.org/series/IPG3344S
fred_semiconductor_607a987de77cf65de86a,1998-01-01,2026-08-11T03:34:54Z,fred_semiconductor,IPG3344S,U.S. industrial production for computer and electronic product manufacturing,2.4334,index,https://fred.stlouisfed.org/series/IPG3344S
fred_semiconductor_607f4249fc4703baae92,2016-09-01,2026-08-11T03:34:54Z,fred_semiconductor,CUSR0000SEEE01,"U.S. consumer price index for computers, peripherals, and smart home assistants",43.77,index,https://fred.stlouisfed.org/series/CUSR0000SEEE01
fred_semiconductor_609c58067b7b1692f55d,2026-01-01,2026-08-11T03:34:54Z,fred_semiconductor,CUSR0000SEEE01,"U.S. consumer price index for computers, peripherals, and smart home assistants",34.773,index,https://fred.stlouisfed.org/series/CUSR0000SEEE01
fred_semiconductor_60abd2071babd82cf259,2011-07-01,2026-08-04T05:04:10Z,fred_semiconductor,PCU3344133441,Semiconductor and related device manufacturing producer price index,61.8,index,https://fred.stlouisfed.org/graph/fredgraph.csv?id=PCU3344133441
fred_semiconductor_60abfc80b8f03c420e2b,2024-01-01,2026-08-11T03:34:54Z,fred_semiconductor,IPG3344S,U.S. industrial production for computer and electronic product manufacturing,139.4212,index,https://fred.stlouisfed.org/series/IPG3344S
fred_semiconductor_60c89b4818f99d68f2c8,2024-06-01,2026-08-04T05:04:10Z,fred_semiconductor,PCU3344133441,Semiconductor and related device manufacturing producer price index,58.062,index,https://fred.stlouisfed.org/graph/fredgraph.csv?id=PCU3344133441
fred_semiconductor_612168906f94957b6793,1986-11-01,2026-08-11T03:34:54Z,fred_semiconductor,IPG3344S,U.S. industrial production for computer and electronic product manufacturing,0.1879,index,https://fred.stlouisfed.org/series/IPG3344S
fred_semiconductor_61222eac80bd02b047c5,1977-08-01,2026-08-11T03:34:54Z,fred_semiconductor,IPG3344S,U.S. industrial production for computer and electronic product manufacturing,0.0567,index,https://fred.stlouisfed.org/series/IPG3344S
fred_semiconductor_612b4fdb0a9175b7730e,2012-03-01,2026-08-11T03:34:54Z,fred_semiconductor,CUSR0000SEEE01,"U.S. consumer price index for computers, peripherals, and smart home assistants",63.725,index,https://fred.stlouisfed.org/series/CUSR0000SEEE01
fred_semiconductor_613273801a488eba391f,2005-11-01,2026-08-11T03:34:54Z,fred_semiconductor,IPG3344S,U.S. industrial production for computer and electronic product manufacturing,21.5232,index,https://fred.stlouisfed.org/series/IPG3344S
fred_semiconductor_614be9b8fcc9301237c7,1997-03-01,2026-08-11T03:34:54Z,fred_semiconductor,IPG3344S,U.S. industrial production for computer and electronic product manufacturing,1.747,index,https://fred.stlouisfed.org/series/IPG3344S
fred_semiconductor_6167c69edd516d0d8748,1988-05-01,2026-08-11T03:34:54Z,fred_semiconductor,IPG3344S,U.S. industrial production for computer and electronic product manufacturing,0.2394,index,https://fred.stlouisfed.org/series/IPG3344S
fred_semiconductor_617e9e96a275ef81402f,1991-10-01,2026-08-11T03:34:54Z,fred_semiconductor,IPG3344S,U.S. industrial production for computer and electronic product manufacturing,0.3401,index,https://fred.stlouisfed.org/series/IPG3344S
fred_semiconductor_619b421e721dc009ec9c,2016-09-01,2026-08-04T05:04:10Z,fred_semiconductor,PCU3344133441,Semiconductor and related device manufacturing producer price index,57.1,index,https://fred.stlouisfed.org/graph/fredgraph.csv?id=PCU3344133441
fred_semiconductor_61acb3bdb139e9d53bd0,1977-12-01,2026-08-11T03:34:54Z,fred_semiconductor,IPG3344S,U.S. industrial production for computer and electronic product manufacturing,0.0583,index,https://fred.stlouisfed.org/series/IPG3344S
fred_semiconductor_61c3de30850125091837,2020-06-01,2026-08-04T05:04:10Z,fred_semiconductor,PCU3344133441,Semiconductor and related device manufacturing producer price index,54.9,index,https://fred.stlouisfed.org/graph/fredgraph.csv?id=PCU3344133441
fred_semiconductor_6207c3ab288f08b67a4b,2013-05-01,2026-08-11T03:34:54Z,fred_semiconductor,IPG3344S,U.S. industrial production for computer and electronic product manufacturing,64.9148,index,https://fred.stlouisfed.org/series/IPG3344S
fred_semiconductor_62222e5a61a83a00b51b,2018-11-01,2026-08-11T03:34:54Z,fred_semiconductor,IPG3344S,U.S. industrial production for computer and electronic product manufacturing,103.0036,index,https://fred.stlouisfed.org/series/IPG3344S
fred_semiconductor_62300ba0ecc7dd2e446f,1992-07-01,2026-08-04T05:04:10Z,fred_semiconductor,PCU3344133441,Semiconductor and related device manufacturing producer price index,104.5,index,https://fred.stlouisfed.org/graph/fredgraph.csv?id=PCU3344133441
fred_semiconductor_62475b9c5a37cbd7ad2e,2009-12-01,2026-08-04T05:04:10Z,fred_semiconductor,PCU3344133441,Semiconductor and related device manufacturing producer price index,65.4,index,https://fred.stlouisfed.org/graph/fredgraph.csv?id=PCU3344133441
fred_semiconductor_62882c5ecbe2bade5662,2002-12-01,2026-08-04T05:04:10Z,fred_semiconductor,PCU3344133441,Semiconductor and related device manufacturing producer price index,83.0,index,https://fred.stlouisfed.org/graph/fredgraph.csv?id=PCU3344133441
fred_semiconductor_62e5e37d3fe1e849fa6f,2011-11-01,2026-08-11T03:34:54Z,fred_semiconductor,IPG3344S,U.S. industrial production for computer and electronic product manufacturing,55.2388,index,https://fred.stlouisfed.org/series/IPG3344S
fred_semiconductor_6340b3a4b68113de59d7,2005-10-01,2026-08-04T05:04:10Z,fred_semiconductor,PCU3344133441,Semiconductor and related device manufacturing producer price index,75.9,index,https://fred.stlouisfed.org/graph/fredgraph.csv?id=PCU3344133441
fred_semiconductor_6352c6ef416e7137cd18,1990-08-01,2026-08-11T03:34:54Z,fred_semiconductor,IPG3344S,U.S. industrial production for computer and electronic product manufacturing,0.2966,index,https://fred.stlouisfed.org/series/IPG3344S
fred_semiconductor_6358ea3b5294d1bf1e18,1994-11-01,2026-08-04T05:04:10Z,fred_semiconductor,PCU3344133441,Semiconductor and related device manufacturing producer price index,103.5,index,https://fred.stlouisfed.org/graph/fredgraph.csv?id=PCU3344133441
fred_semiconductor_63790511ef8a820ac525,1990-12-01,2026-08-04T05:04:10Z,fred_semiconductor,PCU3344133441,Semiconductor and related device manufacturing producer price index,104.9,index,https://fred.stlouisfed.org/graph/fredgraph.csv?id=PCU3344133441
fred_semiconductor_638f527d255bc048f6dd,2013-01-01,2026-08-11T03:34:54Z,fred_semiconductor,CUSR0000SEEE01,"U.S. consumer price index for computers, peripherals, and smart home assistants",59.194,index,https://fred.stlouisfed.org/series/CUSR0000SEEE01
fred_semiconductor_639ae3be158e4af6102a,1997-11-01,2026-08-11T03:34:54Z,fred_semiconductor,IPG3344S,U.S. industrial production for computer and electronic product manufacturing,2.3128,index,https://fred.stlouisfed.org/series/IPG3344S
fred_semiconductor_63eb25b1379732f80197,1980-08-01,2026-08-11T03:34:54Z,fred_semiconductor,IPG3344S,U.S. industrial production for computer and electronic product manufacturing,0.0855,index,https://fred.stlouisfed.org/series/IPG3344S
fred_semiconductor_6409057774c54086f6d2,2016-07-01,2026-08-04T05:04:10Z,fred_semiconductor,PCU3344133441,Semiconductor and related device manufacturing producer price index,57.4,index,https://fred.stlouisfed.org/graph/fredgraph.csv?id=PCU3344133441
fred_semiconductor_6422debd3e0edc2895d9,2017-10-01,2026-08-11T03:34:54Z,fred_semiconductor,IPG3344S,U.S. industrial production for computer and electronic product manufacturing,101.3948,index,https://fred.stlouisfed.org/series/IPG3344S
fred_semiconductor_6447b1dc9cc1d84ebe96,1990-04-01,2026-08-04T05:04:10Z,fred_semiconductor,PCU3344133441,Semiconductor and related device manufacturing producer price index,104.8,index,https://fred.stlouisfed.org/graph/fredgraph.csv?id=PCU3344133441
fred_semiconductor_6472178690d23ad49092,2023-10-01,2026-08-04T05:04:10Z,fred_semiconductor,PCU3344133441,Semiconductor and related device manufacturing producer price index,57.384,index,https://fred.stlouisfed.org/graph/fredgraph.csv?id=PCU3344133441
fred_semiconductor_649dc4f10f0c553b7ca3,2015-05-01,2026-08-11T03:34:54Z,fred_semiconductor,CUSR0000SEEE01,"U.S. consumer price index for computers, peripherals, and smart home assistants",48.458,index,https://fred.stlouisfed.org/series/CUSR0000SEEE01
fred_semiconductor_64b41b7cabeadd12ec25,2014-11-01,2026-08-04T05:04:10Z,fred_semiconductor,PCU3344133441,Semiconductor and related device manufacturing producer price index,58.8,index,https://fred.stlouisfed.org/graph/fredgraph.csv?id=PCU3344133441
fred_semiconductor_64b4a476649a413c10a6,2006-06-01,2026-08-04T05:04:10Z,fred_semiconductor,PCU3344133441,Semiconductor and related device manufacturing producer price index,75.1,index,https://fred.stlouisfed.org/graph/fredgraph.csv?id=PCU3344133441
fred_semiconductor_64b9f1d760a114794f43,2018-03-01,2026-08-11T03:34:54Z,fred_semiconductor,IPG3344S,U.S. industrial production for computer and electronic product manufacturing,105.5107,index,https://fred.stlouisfed.org/series/IPG3344S
fred_semiconductor_64e4760e4468767e1db2,2012-08-01,2026-08-04T05:04:10Z,fred_semiconductor,PCU3344133441,Semiconductor and related device manufacturing producer price index,59.4,index,https://fred.stlouisfed.org/graph/fredgraph.csv?id=PCU3344133441
fred_semiconductor_653aa834574ba659f6a6,1974-06-01,2026-08-11T03:34:54Z,fred_semiconductor,IPG3344S,U.S. industrial production for computer and electronic product manufacturing,0.0432,index,https://fred.stlouisfed.org/series/IPG3344S
fred_semiconductor_656d00f35e88adfd209a,2015-06-01,2026-08-04T05:04:10Z,fred_semiconductor,PCU3344133441,Semiconductor and related device manufacturing producer price index,58.3,index,https://fred.stlouisfed.org/graph/fredgraph.csv?id=PCU3344133441
fred_semiconductor_6584b69e482153b83505,1999-05-01,2026-08-04T05:04:10Z,fred_semiconductor,PCU3344133441,Semiconductor and related device manufacturing producer price index,90.4,index,https://fred.stlouisfed.org/graph/fredgraph.csv?id=PCU3344133441
fred_semiconductor_65bd5f2e074e5b3bbf76,2007-08-01,2026-08-11T03:34:54Z,fred_semiconductor,IPG3344S,U.S. industrial production for computer and electronic product manufacturing,29.9392,index,https://fred.stlouisfed.org/series/IPG3344S
fred_semiconductor_65c69d49f3d984258d72,2001-07-01,2026-08-04T05:04:10Z,fred_semiconductor,PCU3344133441,Semiconductor and related device manufacturing producer price index,86.3,index,https://fred.stlouisfed.org/graph/fredgraph.csv?id=PCU3344133441
fred_semiconductor_666ab7bd8f2058ddfba2,2026-01-01,2026-08-11T03:34:54Z,fred_semiconductor,IPG3344S,U.S. industrial production for computer and electronic product manufacturing,176.7104,index,https://fred.stlouisfed.org/series/IPG3344S
fred_semiconductor_6677db8b7832345a9236,2013-08-01,2026-08-04T05:04:10Z,fred_semiconductor,PCU3344133441,Semiconductor and related device manufacturing producer price index,59.4,index,https://fred.stlouisfed.org/graph/fredgraph.csv?id=PCU3344133441
fred_semiconductor_667cdd6497d57e69fa36,1991-09-01,2026-08-11T03:34:54Z,fred_semiconductor,IPG3344S,U.S. industrial production for computer and electronic product manufacturing,0.336,index,https://fred.stlouisfed.org/series/IPG3344S
fred_semiconductor_6695e0e1a25a811bcb02,1989-12-01,2026-08-04T05:04:10Z,fred_semiconductor,PCU3344133441,Semiconductor and related device manufacturing producer price index,104.9,index,https://fred.stlouisfed.org/graph/fredgraph.csv?id=PCU3344133441
fred_semiconductor_66ac38a8d96a91c6dcaa,1976-02-01,2026-08-11T03:34:54Z,fred_semiconductor,IPG3344S,U.S. industrial production for computer and electronic product manufacturing,0.038,index,https://fred.stlouisfed.org/series/IPG3344S
fred_semiconductor_66fda3c0182b220b8eeb,1976-10-01,2026-08-11T03:34:54Z,fred_semiconductor,IPG3344S,U.S. industrial production for computer and electronic product manufacturing,0.0475,index,https://fred.stlouisfed.org/series/IPG3344S
fred_semiconductor_67084c2f58facdf4d971,1977-10-01,2026-08-11T03:34:54Z,fred_semiconductor,IPG3344S,U.S. industrial production for computer and electronic product manufacturing,0.0571,index,https://fred.stlouisfed.org/series/IPG3344S
fred_semiconductor_672ba443d3db8bcac15f,2012-05-01,2026-08-11T03:34:54Z,fred_semiconductor,CUSR0000SEEE01,"U.S. consumer price index for computers, peripherals, and smart home assistants",63.041,index,https://fred.stlouisfed.org/series/CUSR0000SEEE01
fred_semiconductor_674d0fc41566a1d5fe6b,2007-06-01,2026-08-11T03:34:54Z,fred_semiconductor,CUSR0000SEEE01,"U.S. consumer price index for computers, peripherals, and smart home assistants",108.948,index,https://fred.stlouisfed.org/series/CUSR0000SEEE01
fred_semiconductor_675d2f6856ed03478bbc,2005-03-01,2026-08-11T03:34:54Z,fred_semiconductor,IPG3344S,U.S. industrial production for computer and electronic product manufacturing,18.4566,index,https://fred.stlouisfed.org/series/IPG3344S
fred_semiconductor_677a565663f9daf6bc68,2009-07-01,2026-08-04T05:04:10Z,fred_semiconductor,PCU3344133441,Semiconductor and related device manufacturing producer price index,65.6,index,https://fred.stlouisfed.org/graph/fredgraph.csv?id=PCU3344133441
fred_semiconductor_677fccf657606c756678,2006-07-01,2026-08-11T03:34:54Z,fred_semiconductor,IPG3344S,U.S. industrial production for computer and electronic product manufacturing,22.1712,index,https://fred.stlouisfed.org/series/IPG3344S
fred_semiconductor_679b3081061c1e295211,2003-08-01,2026-08-11T03:34:54Z,fred_semiconductor,IPG3344S,U.S. industrial production for computer and electronic product manufacturing,12.961,index,https://fred.stlouisfed.org/series/IPG3344S
fred_semiconductor_67a90d2684ec85c4c08d,2021-05-01,2026-08-11T03:34:54Z,fred_semiconductor,IPG3344S,U.S. industrial production for computer and electronic product manufacturing,123.9862,index,https://fred.stlouisfed.org/series/IPG3344S
fred_semiconductor_67f2ae5ea7e6b1d7d399,1999-10-01,2026-08-04T05:04:10Z,fred_semiconductor,PCU3344133441,Semiconductor and related device manufacturing producer price index,89.7,index,https://fred.stlouisfed.org/graph/fredgraph.csv?id=PCU3344133441
fred_semiconductor_6809ef9d4e16e7a001d0,2009-03-01,2026-08-11T03:34:54Z,fred_semiconductor,CUSR0000SEEE01,"U.S. consumer price index for computers, peripherals, and smart home assistants",85.182,index,https://fred.stlouisfed.org/series/CUSR0000SEEE01
fred_semiconductor_681bb66e14cee5e6b5b5,1975-06-01,2026-08-11T03:34:54Z,fred_semiconductor,IPG3344S,U.S. industrial production for computer and electronic product manufacturing,0.0317,index,https://fred.stlouisfed.org/series/IPG3344S
fred_semiconductor_6845159c335bbe4c4971,2012-08-01,2026-08-11T03:34:54Z,fred_semiconductor,CUSR0000SEEE01,"U.S. consumer price index for computers, peripherals, and smart home assistants",62.225,index,https://fred.stlouisfed.org/series/CUSR0000SEEE01
fred_semiconductor_684535595a810700b1d6,2002-04-01,2026-08-04T05:04:10Z,fred_semiconductor,PCU3344133441,Semiconductor and related device manufacturing producer price index,85.4,index,https://fred.stlouisfed.org/graph/fredgraph.csv?id=PCU3344133441
fred_semiconductor_685712434d210b17bb23,1973-07-01,2026-08-11T03:34:54Z,fred_semiconductor,IPG3344S,U.S. industrial production for computer and electronic product manufacturing,0.0387,index,https://fred.stlouisfed.org/series/IPG3344S
fred_semiconductor_68636e6d9e6ca858e665,2025-12-01,2026-08-04T05:04:10Z,fred_semiconductor,PCU3344133441,Semiconductor and related device manufacturing producer price index,61.063,index,https://fred.stlouisfed.org/graph/fredgraph.csv?id=PCU3344133441
fred_semiconductor_68a874f6824e5b0d5ab2,2005-11-01,2026-08-11T03:34:54Z,fred_semiconductor,CUSR0000SEEE01,"U.S. consumer price index for computers, peripherals, and smart home assistants",135.2,index,https://fred.stlouisfed.org/series/CUSR0000SEEE01
fred_semiconductor_68c5b3f2b3b0e0b3f3af,1992-03-01,2026-08-04T05:04:10Z,fred_semiconductor,PCU3344133441,Semiconductor and related device manufacturing producer price index,105.4,index,https://fred.stlouisfed.org/graph/fredgraph.csv?id=PCU3344133441
fred_semiconductor_68c861fda51b3bbd1f14,1982-12-01,2026-08-11T03:34:54Z,fred_semiconductor,IPG3344S,U.S. industrial production for computer and electronic product manufacturing,0.1097,index,https://fred.stlouisfed.org/series/IPG3344S
fred_semiconductor_68e0eed13db8e2f323ef,1997-09-01,2026-08-11T03:34:54Z,fred_semiconductor,IPG3344S,U.S. industrial production for computer and electronic product manufacturing,2.1723,index,https://fred.stlouisfed.org/series/IPG3344S
fred_semiconductor_68e34943ad7f177c956e,2012-10-01,2026-08-04T05:04:10Z,fred_semiconductor,PCU3344133441,Semiconductor and related device manufacturing producer price index,59.3,index,https://fred.stlouisfed.org/graph/fredgraph.csv?id=PCU3344133441
fred_semiconductor_6960f9a457a2975c191e,2013-09-01,2026-08-11T03:34:54Z,fred_semiconductor,IPG3344S,U.S. industrial production for computer and electronic product manufacturing,68.6801,index,https://fred.stlouisfed.org/series/IPG3344S
fred_semiconductor_6979a0e70f3945d8765a,2002-01-01,2026-08-04T05:04:10Z,fred_semiconductor,PCU3344133441,Semiconductor and related device manufacturing producer price index,85.7,index,https://fred.stlouisfed.org/graph/fredgraph.csv?id=PCU3344133441
fred_semiconductor_69c0aa582091cb3557f2,1986-02-01,2026-08-11T03:34:54Z,fred_semiconductor,IPG3344S,U.S. industrial production for computer and electronic product manufacturing,0.1636,index,https://fred.stlouisfed.org/series/IPG3344S
fred_semiconductor_69d742c8d96c4365b7a2,2003-01-01,2026-08-11T03:34:54Z,fred_semiconductor,IPG3344S,U.S. industrial production for computer and electronic product manufacturing,10.4129,index,https://fred.stlouisfed.org/series/IPG3344S
fred_semiconductor_6a02b727bd1406c51cfd,2012-05-01,2026-08-04T05:04:10Z,fred_semiconductor,PCU3344133441,Semiconductor and related device manufacturing producer price index,60.0,index,https://fred.stlouisfed.org/graph/fredgraph.csv?id=PCU3344133441
fred_semiconductor_6a1061d4cea926263153,2024-11-01,2026-08-04T05:04:10Z,fred_semiconductor,PCU3344133441,Semiconductor and related device manufacturing producer price index,58.936,index,https://fred.stlouisfed.org/graph/fredgraph.csv?id=PCU3344133441
fred_semiconductor_6a4b6b8646e698f1faad,1994-07-01,2026-08-04T05:04:10Z,fred_semiconductor,PCU3344133441,Semiconductor and related device manufacturing producer price index,105.4,index,https://fred.stlouisfed.org/graph/fredgraph.csv?id=PCU3344133441
fred_semiconductor_6a4d67c342a84cd093bd,2007-10-01,2026-08-11T03:34:54Z,fred_semiconductor,IPG3344S,U.S. industrial production for computer and electronic product manufacturing,31.9479,index,https://fred.stlouisfed.org/series/IPG3344S
fred_semiconductor_6aa02358e09da1771856,1992-06-01,2026-08-04T05:04:10Z,fred_semiconductor,PCU3344133441,Semiconductor and related device manufacturing producer price index,104.7,index,https://fred.stlouisfed.org/graph/fredgraph.csv?id=PCU3344133441
fred_semiconductor_6af02dcb9d5e68fe76d7,1987-03-01,2026-08-11T03:34:54Z,fred_semiconductor,IPG3344S,U.S. industrial production for computer and electronic product manufacturing,0.2032,index,https://fred.stlouisfed.org/series/IPG3344S
fred_semiconductor_6b19a19479afed7363da,2014-11-01,2026-08-11T03:34:54Z,fred_semiconductor,CUSR0000SEEE01,"U.S. consumer price index for computers, peripherals, and smart home assistants",50.263,index,https://fred.stlouisfed.org/series/CUSR0000SEEE01
fred_semiconductor_6b3f97f21ba76f8a0c16,2022-08-01,2026-08-04T05:04:10Z,fred_semiconductor,PCU3344133441,Semiconductor and related device manufacturing producer price index,56.643,index,https://fred.stlouisfed.org/graph/fredgraph.csv?id=PCU3344133441
fred_semiconductor_6b67e2f01c895589db0d,1988-07-01,2026-08-04T05:04:10Z,fred_semiconductor,PCU3344133441,Semiconductor and related device manufacturing producer price index,104.1,index,https://fred.stlouisfed.org/graph/fredgraph.csv?id=PCU3344133441
fred_semiconductor_6b9b9d1d07d1e889c464,1989-01-01,2026-08-11T03:34:54Z,fred_semiconductor,IPG3344S,U.S. industrial production for computer and electronic product manufacturing,0.2563,index,https://fred.stlouisfed.org/series/IPG3344S
fred_semiconductor_6ba0216d26f7c663421f,1998-03-01,2026-08-11T03:34:54Z,fred_semiconductor,IPG3344S,U.S. industrial production for computer and electronic product manufacturing,2.4932,index,https://fred.stlouisfed.org/series/IPG3344S
fred_semiconductor_6ba928f05f1dca815510,1988-02-01,2026-08-04T05:04:10Z,fred_semiconductor,PCU3344133441,Semiconductor and related device manufacturing producer price index,103.8,index,https://fred.stlouisfed.org/graph/fredgraph.csv?id=PCU3344133441
fred_semiconductor_6bb4fa5dbcd2e3b7118e,2017-07-01,2026-08-04T05:04:10Z,fred_semiconductor,PCU3344133441,Semiconductor and related device manufacturing producer price index,56.6,index,https://fred.stlouisfed.org/graph/fredgraph.csv?id=PCU3344133441
fred_semiconductor_6bbef661106901dde7b9,1986-04-01,2026-08-11T03:34:54Z,fred_semiconductor,IPG3344S,U.S. industrial production for computer and electronic product manufacturing,0.1681,index,https://fred.stlouisfed.org/series/IPG3344S
fred_semiconductor_6bc2382b3d587ef57304,2001-08-01,2026-08-04T05:04:10Z,fred_semiconductor,PCU3344133441,Semiconductor and related device manufacturing producer price index,85.6,index,https://fred.stlouisfed.org/graph/fredgraph.csv?id=PCU3344133441
fred_semiconductor_6c00f32921a5a6ba424a,2013-02-01,2026-08-11T03:34:54Z,fred_semiconductor,CUSR0000SEEE01,"U.S. consumer price index for computers, peripherals, and smart home assistants",58.775,index,https://fred.stlouisfed.org/series/CUSR0000SEEE01
fred_semiconductor_6c167f02b9059fdc1a6a,1978-04-01,2026-08-11T03:34:54Z,fred_semiconductor,IPG3344S,U.S. industrial production for computer and electronic product manufacturing,0.0605,index,https://fred.stlouisfed.org/series/IPG3344S
fred_semiconductor_6c37ed9878acfe0406a9,2018-12-01,2026-08-11T03:34:54Z,fred_semiconductor,IPG3344S,U.S. industrial production for computer and electronic product manufacturing,102.4992,index,https://fred.stlouisfed.org/series/IPG3344S
fred_semiconductor_6c7e584a220f305e9037,2019-02-01,2026-08-11T03:34:54Z,fred_semiconductor,IPG3344S,U.S. industrial production for computer and electronic product manufacturing,104.7604,index,https://fred.stlouisfed.org/series/IPG3344S
fred_semiconductor_6cbf5596103bb131cd5c,2004-12-01,2026-08-11T03:34:54Z,fred_semiconductor,IPG3344S,U.S. industrial production for computer and electronic product manufacturing,17.0073,index,https://fred.stlouisfed.org/series/IPG3344S
fred_semiconductor_6ce7f018a3079f5cfd8e,1995-01-01,2026-08-04T05:04:10Z,fred_semiconductor,PCU3344133441,Semiconductor and related device manufacturing producer price index,103.1,index,https://fred.stlouisfed.org/graph/fredgraph.csv?id=PCU3344133441
fred_semiconductor_6d2e3b52aa9ae1ea375b,2020-07-01,2026-08-11T03:34:54Z,fred_semiconductor,CUSR0000SEEE01,"U.S. consumer price index for computers, peripherals, and smart home assistants",38.686,index,https://fred.stlouisfed.org/series/CUSR0000SEEE01
fred_semiconductor_6d4f97800a6d1a740b58,2000-09-01,2026-08-04T05:04:10Z,fred_semiconductor,PCU3344133441,Semiconductor and related device manufacturing producer price index,89.1,index,https://fred.stlouisfed.org/graph/fredgraph.csv?id=PCU3344133441
fred_semiconductor_6d6693e0afa2421d676f,1994-11-01,2026-08-11T03:34:54Z,fred_semiconductor,IPG3344S,U.S. industrial production for computer and electronic product manufacturing,0.6711,index,https://fred.stlouisfed.org/series/IPG3344S
fred_semiconductor_6dcc9d312ed6187b26bd,2001-12-01,2026-08-11T03:34:54Z,fred_semiconductor,IPG3344S,U.S. industrial production for computer and electronic product manufacturing,8.1924,index,https://fred.stlouisfed.org/series/IPG3344S
fred_semiconductor_6e4d2c720ae7f70c1d48,2016-10-01,2026-08-11T03:34:54Z,fred_semiconductor,IPG3344S,U.S. industrial production for computer and electronic product manufacturing,92.678,index,https://fred.stlouisfed.org/series/IPG3344S
fred_semiconductor_6e57def6e1b77287b85c,2024-06-01,2026-08-11T03:34:54Z,fred_semiconductor,IPG3344S,U.S. industrial production for computer and electronic product manufacturing,143.4192,index,https://fred.stlouisfed.org/series/IPG3344S
fred_semiconductor_6e645b8049f1a86fc53f,1997-12-01,2026-08-04T05:04:10Z,fred_semiconductor,PCU3344133441,Semiconductor and related device manufacturing producer price index,93.3,index,https://fred.stlouisfed.org/graph/fredgraph.csv?id=PCU3344133441
fred_semiconductor_6e682c34800d561732f0,2024-09-01,2026-08-11T03:34:54Z,fred_semiconductor,CUSR0000SEEE01,"U.S. consumer price index for computers, peripherals, and smart home assistants",35.406,index,https://fred.stlouisfed.org/series/CUSR0000SEEE01
fred_semiconductor_6eafc27e48c7d6545331,1989-10-01,2026-08-04T05:04:10Z,fred_semiconductor,PCU3344133441,Semiconductor and related device manufacturing producer price index,105.5,index,https://fred.stlouisfed.org/graph/fredgraph.csv?id=PCU3344133441
fred_semiconductor_6ed09b3905db609c51cc,1986-06-01,2026-08-04T05:04:10Z,fred_semiconductor,PCU3344133441,Semiconductor and related device manufacturing producer price index,102.3,index,https://fred.stlouisfed.org/graph/fredgraph.csv?id=PCU3344133441
fred_semiconductor_6f017ab45d163190e730,1998-04-01,2026-08-11T03:34:54Z,fred_semiconductor,IPG3344S,U.S. industrial production for computer and electronic product manufacturing,2.5916,index,https://fred.stlouisfed.org/series/IPG3344S
fred_semiconductor_6f07437543f4f37225de,1990-01-01,2026-08-04T05:04:10Z,fred_semiconductor,PCU3344133441,Semiconductor and related device manufacturing producer price index,105.1,index,https://fred.stlouisfed.org/graph/fredgraph.csv?id=PCU3344133441
fred_semiconductor_6f16d7802d1e51f996a9,1988-11-01,2026-08-04T05:04:10Z,fred_semiconductor,PCU3344133441,Semiconductor and related device manufacturing producer price index,104.6,index,https://fred.stlouisfed.org/graph/fredgraph.csv?id=PCU3344133441
fred_semiconductor_6f2901a42fdf0d463f85,2006-01-01,2026-08-11T03:34:54Z,fred_semiconductor,CUSR0000SEEE01,"U.S. consumer price index for computers, peripherals, and smart home assistants",129.0,index,https://fred.stlouisfed.org/series/CUSR0000SEEE01
fred_semiconductor_6f4048ed894ccef55456,2024-08-01,2026-08-11T03:34:54Z,fred_semiconductor,CUSR0000SEEE01,"U.S. consumer price index for computers, peripherals, and smart home assistants",35.792,index,https://fred.stlouisfed.org/series/CUSR0000SEEE01
fred_semiconductor_6f813b4bf3a9fde9449e,1981-07-01,2026-08-11T03:34:54Z,fred_semiconductor,IPG3344S,U.S. industrial production for computer and electronic product manufacturing,0.0942,index,https://fred.stlouisfed.org/series/IPG3344S
fred_semiconductor_6fc0391bc7393305e924,2008-09-01,2026-08-11T03:34:54Z,fred_semiconductor,CUSR0000SEEE01,"U.S. consumer price index for computers, peripherals, and smart home assistants",91.531,index,https://fred.stlouisfed.org/series/CUSR0000SEEE01
fred_semiconductor_6fdafec9f8d7e6cc3bf1,2016-01-01,2026-08-11T03:34:54Z,fred_semiconductor,CUSR0000SEEE01,"U.S. consumer price index for computers, peripherals, and smart home assistants",45.424,index,https://fred.stlouisfed.org/series/CUSR0000SEEE01
fred_semiconductor_6ffdca22ee8447692287,2004-04-01,2026-08-11T03:34:54Z,fred_semiconductor,IPG3344S,U.S. industrial production for computer and electronic product manufacturing,15.6914,index,https://fred.stlouisfed.org/series/IPG3344S
fred_semiconductor_70424c567fbbc4f7a54e,2009-03-01,2026-08-04T05:04:10Z,fred_semiconductor,PCU3344133441,Semiconductor and related device manufacturing producer price index,65.3,index,https://fred.stlouisfed.org/graph/fredgraph.csv?id=PCU3344133441
fred_semiconductor_70ba875aa9a09f179b9d,2008-01-01,2026-08-11T03:34:54Z,fred_semiconductor,IPG3344S,U.S. industrial production for computer and electronic product manufacturing,34.629,index,https://fred.stlouisfed.org/series/IPG3344S
fred_semiconductor_70cd456a4605907a163b,2023-04-01,2026-08-11T03:34:54Z,fred_semiconductor,CUSR0000SEEE01,"U.S. consumer price index for computers, peripherals, and smart home assistants",37.449,index,https://fred.stlouisfed.org/series/CUSR0000SEEE01
fred_semiconductor_70da13846e805893aa43,2006-04-01,2026-08-04T05:04:10Z,fred_semiconductor,PCU3344133441,Semiconductor and related device manufacturing producer price index,75.0,index,https://fred.stlouisfed.org/graph/fredgraph.csv?id=PCU3344133441
fred_semiconductor_70e7dd45e9da2663170e,2006-01-01,2026-08-11T03:34:54Z,fred_semiconductor,IPG3344S,U.S. industrial production for computer and electronic product manufacturing,21.8082,index,https://fred.stlouisfed.org/series/IPG3344S
fred_semiconductor_70f6a310fa2073d98377,2008-09-01,2026-08-11T03:34:54Z,fred_semiconductor,IPG3344S,U.S. industrial production for computer and electronic product manufacturing,35.4506,index,https://fred.stlouisfed.org/series/IPG3344S
fred_semiconductor_713b7292bd884e85dc90,2008-02-01,2026-08-04T05:04:10Z,fred_semiconductor,PCU3344133441,Semiconductor and related device manufacturing producer price index,66.7,index,https://fred.stlouisfed.org/graph/fredgraph.csv?id=PCU3344133441
fred_semiconductor_714e1ea174c51196447e,2006-04-01,2026-08-11T03:34:54Z,fred_semiconductor,IPG3344S,U.S. industrial production for computer and electronic product manufacturing,21.8225,index,https://fred.stlouisfed.org/series/IPG3344S
fred_semiconductor_715a550ad76c2c91050c,2014-01-01,2026-08-11T03:34:54Z,fred_semiconductor,CUSR0000SEEE01,"U.S. consumer price index for computers, peripherals, and smart home assistants",54.889,index,https://fred.stlouisfed.org/series/CUSR0000SEEE01
fred_semiconductor_71a629d9478dffdf7d87,1988-08-01,2026-08-11T03:34:54Z,fred_semiconductor,IPG3344S,U.S. industrial production for computer and electronic product manufacturing,0.2482,index,https://fred.stlouisfed.org/series/IPG3344S
fred_semiconductor_71e65a7d829048a94c32,2021-07-01,2026-08-11T03:34:54Z,fred_semiconductor,CUSR0000SEEE01,"U.S. consumer price index for computers, peripherals, and smart home assistants",40.135,index,https://fred.stlouisfed.org/series/CUSR0000SEEE01
fred_semiconductor_721301b7e48772478db9,1972-08-01,2026-08-11T03:34:54Z,fred_semiconductor,IPG3344S,U.S. industrial production for computer and electronic product manufacturing,0.03,index,https://fred.stlouisfed.org/series/IPG3344S
fred_semiconductor_72afcb06ec6600724640,2010-08-01,2026-08-11T03:34:54Z,fred_semiconductor,IPG3344S,U.S. industrial production for computer and electronic product manufacturing,46.8431,index,https://fred.stlouisfed.org/series/IPG3344S
fred_semiconductor_72bf1f14f553d0d07a8b,2013-11-01,2026-08-11T03:34:54Z,fred_semiconductor,IPG3344S,U.S. industrial production for computer and electronic product manufacturing,71.7685,index,https://fred.stlouisfed.org/series/IPG3344S
fred_semiconductor_72f189dc5b5ab3b49162,1992-10-01,2026-08-04T05:04:10Z,fred_semiconductor,PCU3344133441,Semiconductor and related device manufacturing producer price index,104.3,index,https://fred.stlouisfed.org/graph/fredgraph.csv?id=PCU3344133441
fred_semiconductor_737daff73bec01e066e1,1993-05-01,2026-08-11T03:34:54Z,fred_semiconductor,IPG3344S,U.S. industrial production for computer and electronic product manufacturing,0.444,index,https://fred.stlouisfed.org/series/IPG3344S
fred_semiconductor_739507ef49aa6f2e2747,2016-05-01,2026-08-11T03:34:54Z,fred_semiconductor,CUSR0000SEEE01,"U.S. consumer price index for computers, peripherals, and smart home assistants",44.853,index,https://fred.stlouisfed.org/series/CUSR0000SEEE01
fred_semiconductor_73c2b68ddd1b81889256,2021-02-01,2026-08-11T03:34:54Z,fred_semiconductor,CUSR0000SEEE01,"U.S. consumer price index for computers, peripherals, and smart home assistants",38.204,index,https://fred.stlouisfed.org/series/CUSR0000SEEE01
fred_semiconductor_74089a4744dcc594e8d7,1997-01-01,2026-08-04T05:04:10Z,fred_semiconductor,PCU3344133441,Semiconductor and related device manufacturing producer price index,97.2,index,https://fred.stlouisfed.org/graph/fredgraph.csv?id=PCU3344133441
fred_semiconductor_74337ee258380ea023d1,1980-01-01,2026-08-11T03:34:54Z,fred_semiconductor,IPG3344S,U.S. industrial production for computer and electronic product manufacturing,0.089,index,https://fred.stlouisfed.org/series/IPG3344S
fred_semiconductor_74d17dee8ca6facdd8fa,2009-11-01,2026-08-11T03:34:54Z,fred_semiconductor,IPG3344S,U.S. industrial production for computer and electronic product manufacturing,35.6256,index,https://fred.stlouisfed.org/series/IPG3344S
fred_semiconductor_74de4d5143633db51f5b,1989-04-01,2026-08-04T05:04:10Z,fred_semiconductor,PCU3344133441,Semiconductor and related device manufacturing producer price index,105.0,index,https://fred.stlouisfed.org/graph/fredgraph.csv?id=PCU3344133441
fred_semiconductor_7544561dda23cdb05a6e,2016-06-01,2026-08-11T03:34:54Z,fred_semiconductor,IPG3344S,U.S. industrial production for computer and electronic product manufacturing,86.0963,index,https://fred.stlouisfed.org/series/IPG3344S
fred_semiconductor_7576b77e507077b92566,2025-01-01,2026-08-11T03:34:54Z,fred_semiconductor,CUSR0000SEEE01,"U.S. consumer price index for computers, peripherals, and smart home assistants",34.237,index,https://fred.stlouisfed.org/series/CUSR0000SEEE01
fred_semiconductor_75fac9830989fe719272,2014-11-01,2026-08-11T03:34:54Z,fred_semiconductor,IPG3344S,U.S. industrial production for computer and electronic product manufacturing,81.9877,index,https://fred.stlouisfed.org/series/IPG3344S
fred_semiconductor_75ffb4564f5b0ce7f4c1,2024-05-01,2026-08-11T03:34:54Z,fred_semiconductor,CUSR0000SEEE01,"U.S. consumer price index for computers, peripherals, and smart home assistants",36.476,index,https://fred.stlouisfed.org/series/CUSR0000SEEE01
fred_semiconductor_76615d3b8a9178a34009,1998-10-01,2026-08-04T05:04:10Z,fred_semiconductor,PCU3344133441,Semiconductor and related device manufacturing producer price index,91.2,index,https://fred.stlouisfed.org/graph/fredgraph.csv?id=PCU3344133441
fred_semiconductor_767b0fa61885f4de19c9,1990-02-01,2026-08-11T03:34:54Z,fred_semiconductor,IPG3344S,U.S. industrial production for computer and electronic product manufacturing,0.2874,index,https://fred.stlouisfed.org/series/IPG3344S
fred_semiconductor_76bd151d8e4b927615cb,2019-04-01,2026-08-11T03:34:54Z,fred_semiconductor,CUSR0000SEEE01,"U.S. consumer price index for computers, peripherals, and smart home assistants",39.603,index,https://fred.stlouisfed.org/series/CUSR0000SEEE01
fred_semiconductor_76c06a6bb207501cbe1a,2022-02-01,2026-08-11T03:34:54Z,fred_semiconductor,IPG3344S,U.S. industrial production for computer and electronic product manufacturing,128.9521,index,https://fred.stlouisfed.org/series/IPG3344S
fred_semiconductor_76ddcd185239be13e2c3,1993-02-01,2026-08-11T03:34:54Z,fred_semiconductor,IPG3344S,U.S. industrial production for computer and electronic product manufacturing,0.4334,index,https://fred.stlouisfed.org/series/IPG3344S
fred_semiconductor_76f09e50493d43bb0fcd,2005-12-01,2026-08-04T05:04:10Z,fred_semiconductor,PCU3344133441,Semiconductor and related device manufacturing producer price index,74.9,index,https://fred.stlouisfed.org/graph/fredgraph.csv?id=PCU3344133441
fred_semiconductor_7708a4afcb1a246c5fcd,2012-12-01,2026-08-11T03:34:54Z,fred_semiconductor,CUSR0000SEEE01,"U.S. consumer price index for computers, peripherals, and smart home assistants",59.319,index,https://fred.stlouisfed.org/series/CUSR0000SEEE01
fred_semiconductor_771a170049b041bec7b2,2024-09-01,2026-08-11T03:34:54Z,fred_semiconductor,IPG3344S,U.S. industrial production for computer and electronic product manufacturing,146.4195,index,https://fred.stlouisfed.org/series/IPG3344S
fred_semiconductor_7763142a2b317f4cc0a5,1987-08-01,2026-08-11T03:34:54Z,fred_semiconductor,IPG3344S,U.S. industrial production for computer and electronic product manufacturing,0.2231,index,https://fred.stlouisfed.org/series/IPG3344S
fred_semiconductor_776ddb503008c4b4f99d,1995-10-01,2026-08-11T03:34:54Z,fred_semiconductor,IPG3344S,U.S. industrial production for computer and electronic product manufacturing,0.9531,index,https://fred.stlouisfed.org/series/IPG3344S
fred_semiconductor_7772ad8b08fee25d5f76,2010-09-01,2026-08-11T03:34:54Z,fred_semiconductor,IPG3344S,U.S. industrial production for computer and electronic product manufacturing,47.6073,index,https://fred.stlouisfed.org/series/IPG3344S
fred_semiconductor_777e0d8cf4961fe079d5,2008-11-01,2026-08-04T05:04:10Z,fred_semiconductor,PCU3344133441,Semiconductor and related device manufacturing producer price index,65.8,index,https://fred.stlouisfed.org/graph/fredgraph.csv?id=PCU3344133441
fred_semiconductor_778db59f37d9dfdf923f,2000-06-01,2026-08-04T05:04:10Z,fred_semiconductor,PCU3344133441,Semiconductor and related device manufacturing producer price index,88.8,index,https://fred.stlouisfed.org/graph/fredgraph.csv?id=PCU3344133441
fred_semiconductor_77c9747ab5f033999ebb,2007-12-01,2026-08-11T03:34:54Z,fred_semiconductor,CUSR0000SEEE01,"U.S. consumer price index for computers, peripherals, and smart home assistants",100.871,index,https://fred.stlouisfed.org/series/CUSR0000SEEE01
fred_semiconductor_7817a805e1c47502acec,2014-03-01,2026-08-11T03:34:54Z,fred_semiconductor,CUSR0000SEEE01,"U.S. consumer price index for computers, peripherals, and smart home assistants",54.203,index,https://fred.stlouisfed.org/series/CUSR0000SEEE01
fred_semiconductor_783b7f106e7c9646c957,1997-09-01,2026-08-04T05:04:10Z,fred_semiconductor,PCU3344133441,Semiconductor and related device manufacturing producer price index,94.2,index,https://fred.stlouisfed.org/graph/fredgraph.csv?id=PCU3344133441
fred_semiconductor_784f164e7b1f11fee4d5,1981-06-01,2026-08-11T03:34:54Z,fred_semiconductor,IPG3344S,U.S. industrial production for computer and electronic product manufacturing,0.0952,index,https://fred.stlouisfed.org/series/IPG3344S
fred_semiconductor_7875ed57338069e6ae0f,2010-07-01,2026-08-11T03:34:54Z,fred_semiconductor,CUSR0000SEEE01,"U.S. consumer price index for computers, peripherals, and smart home assistants",75.907,index,https://fred.stlouisfed.org/series/CUSR0000SEEE01
fred_semiconductor_787dba5bc25e95736824,2015-09-01,2026-08-04T05:04:10Z,fred_semiconductor,PCU3344133441,Semiconductor and related device manufacturing producer price index,58.1,index,https://fred.stlouisfed.org/graph/fredgraph.csv?id=PCU3344133441
fred_semiconductor_78a0b920a56b6fd36526,2020-09-01,2026-08-04T05:04:10Z,fred_semiconductor,PCU3344133441,Semiconductor and related device manufacturing producer price index,54.7,index,https://fred.stlouisfed.org/graph/fredgraph.csv?id=PCU3344133441
fred_semiconductor_78d23897587972b6ee9c,1991-01-01,2026-08-11T03:34:54Z,fred_semiconductor,IPG3344S,U.S. industrial production for computer and electronic product manufacturing,0.3119,index,https://fred.stlouisfed.org/series/IPG3344S
fred_semiconductor_791322490d2506af80a2,2019-07-01,2026-08-11T03:34:54Z,fred_semiconductor,IPG3344S,U.S. industrial production for computer and electronic product manufacturing,107.5196,index,https://fred.stlouisfed.org/series/IPG3344S
fred_semiconductor_791c11798eed10fd7c6d,1980-03-01,2026-08-11T03:34:54Z,fred_semiconductor,IPG3344S,U.S. industrial production for computer and electronic product manufacturing,0.0894,index,https://fred.stlouisfed.org/series/IPG3344S
fred_semiconductor_791f269e346c3f53b380,2023-01-01,2026-08-04T05:04:10Z,fred_semiconductor,PCU3344133441,Semiconductor and related device manufacturing producer price index,57.242,index,https://fred.stlouisfed.org/graph/fredgraph.csv?id=PCU3344133441
fred_semiconductor_79229f09b8e3d509fdbd,1976-01-01,2026-08-11T03:34:54Z,fred_semiconductor,IPG3344S,U.S. industrial production for computer and electronic product manufacturing,0.0381,index,https://fred.stlouisfed.org/series/IPG3344S
fred_semiconductor_795e158c2b317ba842d9,1985-10-01,2026-08-04T05:04:10Z,fred_semiconductor,PCU3344133441,Semiconductor and related device manufacturing producer price index,100.5,index,https://fred.stlouisfed.org/graph/fredgraph.csv?id=PCU3344133441
fred_semiconductor_7992cbbb6df9e196f4aa,2000-01-01,2026-08-04T05:04:10Z,fred_semiconductor,PCU3344133441,Semiconductor and related device manufacturing producer price index,88.8,index,https://fred.stlouisfed.org/graph/fredgraph.csv?id=PCU3344133441
fred_semiconductor_7a00e6e07b942b7bebf4,1982-09-01,2026-08-11T03:34:54Z,fred_semiconductor,IPG3344S,U.S. industrial production for computer and electronic product manufacturing,0.11,index,https://fred.stlouisfed.org/series/IPG3344S
fred_semiconductor_7a5f531876bb1ba40e57,2023-03-01,2026-08-11T03:34:54Z,fred_semiconductor,CUSR0000SEEE01,"U.S. consumer price index for computers, peripherals, and smart home assistants",37.957,index,https://fred.stlouisfed.org/series/CUSR0000SEEE01
fred_semiconductor_7a638956361e8773d91f,1999-09-01,2026-08-11T03:34:54Z,fred_semiconductor,IPG3344S,U.S. industrial production for computer and electronic product manufacturing,4.9603,index,https://fred.stlouisfed.org/series/IPG3344S
fred_semiconductor_7a6fe100aa814b9c244a,1987-12-01,2026-08-04T05:04:10Z,fred_semiconductor,PCU3344133441,Semiconductor and related device manufacturing producer price index,103.0,index,https://fred.stlouisfed.org/graph/fredgraph.csv?id=PCU3344133441
fred_semiconductor_7ae8e13a7ebb4d5fe696,2025-06-01,2026-08-11T03:34:54Z,fred_semiconductor,IPG3344S,U.S. industrial production for computer and electronic product manufacturing,163.1741,index,https://fred.stlouisfed.org/series/IPG3344S
fred_semiconductor_7b2b0c5c745cb21cad0e,2007-05-01,2026-08-04T05:04:10Z,fred_semiconductor,PCU3344133441,Semiconductor and related device manufacturing producer price index,70.7,index,https://fred.stlouisfed.org/graph/fredgraph.csv?id=PCU3344133441
fred_semiconductor_7b7c521f05b7fe17c770,2017-04-01,2026-08-11T03:34:54Z,fred_semiconductor,CUSR0000SEEE01,"U.S. consumer price index for computers, peripherals, and smart home assistants",42.896,index,https://fred.stlouisfed.org/series/CUSR0000SEEE01
fred_semiconductor_7bd0be7c519ec9d4291f,2024-12-01,2026-08-11T03:34:54Z,fred_semiconductor,IPG3344S,U.S. industrial production for computer and electronic product manufacturing,150.2275,index,https://fred.stlouisfed.org/series/IPG3344S
fred_semiconductor_7c37bee51870958de1b2,2011-04-01,2026-08-11T03:34:54Z,fred_semiconductor,IPG3344S,U.S. industrial production for computer and electronic product manufacturing,53.7194,index,https://fred.stlouisfed.org/series/IPG3344S
fred_semiconductor_7c8bf15a923007770355,2017-10-01,2026-08-11T03:34:54Z,fred_semiconductor,CUSR0000SEEE01,"U.S. consumer price index for computers, peripherals, and smart home assistants",42.284,index,https://fred.stlouisfed.org/series/CUSR0000SEEE01
fred_semiconductor_7c8d7dde63ee8efb51a3,2025-03-01,2026-08-11T03:34:54Z,fred_semiconductor,CUSR0000SEEE01,"U.S. consumer price index for computers, peripherals, and smart home assistants",34.547,index,https://fred.stlouisfed.org/series/CUSR0000SEEE01
fred_semiconductor_7c8f125121ffc6775663,2006-09-01,2026-08-04T05:04:10Z,fred_semiconductor,PCU3344133441,Semiconductor and related device manufacturing producer price index,75.8,index,https://fred.stlouisfed.org/graph/fredgraph.csv?id=PCU3344133441
fred_semiconductor_7ce36fcf7596180e6559,2019-12-01,2026-08-11T03:34:54Z,fred_semiconductor,IPG3344S,U.S. industrial production for computer and electronic product manufacturing,112.6269,index,https://fred.stlouisfed.org/series/IPG3344S
fred_semiconductor_7d06a977b704a19c386c,1986-08-01,2026-08-04T05:04:10Z,fred_semiconductor,PCU3344133441,Semiconductor and related device manufacturing producer price index,102.7,index,https://fred.stlouisfed.org/graph/fredgraph.csv?id=PCU3344133441
fred_semiconductor_7d96e0b82f9c2e702d18,2017-04-01,2026-08-04T05:04:10Z,fred_semiconductor,PCU3344133441,Semiconductor and related device manufacturing producer price index,57.6,index,https://fred.stlouisfed.org/graph/fredgraph.csv?id=PCU3344133441
fred_semiconductor_7da76a5463b3f050c48a,2008-08-01,2026-08-11T03:34:54Z,fred_semiconductor,CUSR0000SEEE01,"U.S. consumer price index for computers, peripherals, and smart home assistants",93.421,index,https://fred.stlouisfed.org/series/CUSR0000SEEE01
fred_semiconductor_7dc57917ff0c293152d3,2012-09-01,2026-08-11T03:34:54Z,fred_semiconductor,IPG3344S,U.S. industrial production for computer and electronic product manufacturing,60.984,index,https://fred.stlouisfed.org/series/IPG3344S
fred_semiconductor_7dd19d87baedefc270e5,2011-05-01,2026-08-11T03:34:54Z,fred_semiconductor,CUSR0000SEEE01,"U.S. consumer price index for computers, peripherals, and smart home assistants",70.499,index,https://fred.stlouisfed.org/series/CUSR0000SEEE01
fred_semiconductor_7dec998b43e1a2982280,2011-04-01,2026-08-04T05:04:10Z,fred_semiconductor,PCU3344133441,Semiconductor and related device manufacturing producer price index,62.0,index,https://fred.stlouisfed.org/graph/fredgraph.csv?id=PCU3344133441
fred_semiconductor_7e104ee15dc145a3537d,1997-06-01,2026-08-11T03:34:54Z,fred_semiconductor,IPG3344S,U.S. industrial production for computer and electronic product manufacturing,1.9274,index,https://fred.stlouisfed.org/series/IPG3344S
fred_semiconductor_7e1b08bea77f925dd247,1973-11-01,2026-08-11T03:34:54Z,fred_semiconductor,IPG3344S,U.S. industrial production for computer and electronic product manufacturing,0.044,index,https://fred.stlouisfed.org/series/IPG3344S
fred_semiconductor_7e4f180693d694997399,2020-02-01,2026-08-04T05:04:10Z,fred_semiconductor,PCU3344133441,Semiconductor and related device manufacturing producer price index,55.5,index,https://fred.stlouisfed.org/graph/fredgraph.csv?id=PCU3344133441
fred_semiconductor_7f027113b889f0ab4c61,2005-03-01,2026-08-04T05:04:10Z,fred_semiconductor,PCU3344133441,Semiconductor and related device manufacturing producer price index,77.2,index,https://fred.stlouisfed.org/graph/fredgraph.csv?id=PCU3344133441
fred_semiconductor_7f2e0e8602d516458163,1988-06-01,2026-08-04T05:04:10Z,fred_semiconductor,PCU3344133441,Semiconductor and related device manufacturing producer price index,104.0,index,https://fred.stlouisfed.org/graph/fredgraph.csv?id=PCU3344133441
fred_semiconductor_7f31198bf8c32ea119df,1986-05-01,2026-08-11T03:34:54Z,fred_semiconductor,IPG3344S,U.S. industrial production for computer and electronic product manufacturing,0.1678,index,https://fred.stlouisfed.org/series/IPG3344S
fred_semiconductor_7f4d4f5f705ca49af7b2,2017-06-01,2026-08-11T03:34:54Z,fred_semiconductor,IPG3344S,U.S. industrial production for computer and electronic product manufacturing,100.548,index,https://fred.stlouisfed.org/series/IPG3344S
fred_semiconductor_7f5bbe7cec0a4ca70762,2022-09-01,2026-08-11T03:34:54Z,fred_semiconductor,IPG3344S,U.S. industrial production for computer and electronic product manufacturing,134.0567,index,https://fred.stlouisfed.org/series/IPG3344S
fred_semiconductor_7fe3713236e484a273bf,2024-05-01,2026-08-04T05:04:10Z,fred_semiconductor,PCU3344133441,Semiconductor and related device manufacturing producer price index,58.205,index,https://fred.stlouisfed.org/graph/fredgraph.csv?id=PCU3344133441
fred_semiconductor_7fe8bab907d79440b7a2,1979-09-01,2026-08-11T03:34:54Z,fred_semiconductor,IPG3344S,U.S. industrial production for computer and electronic product manufacturing,0.0799,index,https://fred.stlouisfed.org/series/IPG3344S
fred_semiconductor_8037b42f9c9730be226a,2018-02-01,2026-08-04T05:04:10Z,fred_semiconductor,PCU3344133441,Semiconductor and related device manufacturing producer price index,56.3,index,https://fred.stlouisfed.org/graph/fredgraph.csv?id=PCU3344133441
fred_semiconductor_8072a1f5cee82761cf27,2016-02-01,2026-08-04T05:04:10Z,fred_semiconductor,PCU3344133441,Semiconductor and related device manufacturing producer price index,57.6,index,https://fred.stlouisfed.org/graph/fredgraph.csv?id=PCU3344133441
fred_semiconductor_80873f156182819f1511,2012-06-01,2026-08-04T05:04:10Z,fred_semiconductor,PCU3344133441,Semiconductor and related device manufacturing producer price index,59.7,index,https://fred.stlouisfed.org/graph/fredgraph.csv?id=PCU3344133441
fred_semiconductor_808ae4e76fe257bfaaf6,2003-03-01,2026-08-11T03:34:54Z,fred_semiconductor,IPG3344S,U.S. industrial production for computer and electronic product manufacturing,10.9388,index,https://fred.stlouisfed.org/series/IPG3344S
fred_semiconductor_80e3b961c8e94b27f679,2018-03-01,2026-08-11T03:34:54Z,fred_semiconductor,CUSR0000SEEE01,"U.S. consumer price index for computers, peripherals, and smart home assistants",41.249,index,https://fred.stlouisfed.org/series/CUSR0000SEEE01
fred_semiconductor_80f8a9299f19b5cc743d,2011-11-01,2026-08-11T03:34:54Z,fred_semiconductor,CUSR0000SEEE01,"U.S. consumer price index for computers, peripherals, and smart home assistants",66.158,index,https://fred.stlouisfed.org/series/CUSR0000SEEE01
fred_semiconductor_813e4f2c603e26b629dc,2012-04-01,2026-08-04T05:04:10Z,fred_semiconductor,PCU3344133441,Semiconductor and related device manufacturing producer price index,59.8,index,https://fred.stlouisfed.org/graph/fredgraph.csv?id=PCU3344133441
fred_semiconductor_81b7755159fb1d927c38,2004-09-01,2026-08-04T05:04:10Z,fred_semiconductor,PCU3344133441,Semiconductor and related device manufacturing producer price index,78.2,index,https://fred.stlouisfed.org/graph/fredgraph.csv?id=PCU3344133441
fred_semiconductor_81c07c93832292497bf4,1981-10-01,2026-08-11T03:34:54Z,fred_semiconductor,IPG3344S,U.S. industrial production for computer and electronic product manufacturing,0.1028,index,https://fred.stlouisfed.org/series/IPG3344S
fred_semiconductor_821370c092248c19ee58,1972-12-01,2026-08-11T03:34:54Z,fred_semiconductor,IPG3344S,U.S. industrial production for computer and electronic product manufacturing,0.0356,index,https://fred.stlouisfed.org/series/IPG3344S
fred_semiconductor_822295833263209d5b52,2023-09-01,2026-08-04T05:04:10Z,fred_semiconductor,PCU3344133441,Semiconductor and related device manufacturing producer price index,57.372,index,https://fred.stlouisfed.org/graph/fredgraph.csv?id=PCU3344133441
fred_semiconductor_8244327ee63b77d87c7d,1985-11-01,2026-08-04T05:04:10Z,fred_semiconductor,PCU3344133441,Semiconductor and related device manufacturing producer price index,100.6,index,https://fred.stlouisfed.org/graph/fredgraph.csv?id=PCU3344133441
fred_semiconductor_826cea807bc4f75c7ba6,1996-06-01,2026-08-11T03:34:54Z,fred_semiconductor,IPG3344S,U.S. industrial production for computer and electronic product manufacturing,1.2657,index,https://fred.stlouisfed.org/series/IPG3344S
fred_semiconductor_828f94a5a5ecb0c4badf,1975-04-01,2026-08-11T03:34:54Z,fred_semiconductor,IPG3344S,U.S. industrial production for computer and electronic product manufacturing,0.031,index,https://fred.stlouisfed.org/series/IPG3344S
fred_semiconductor_82bf09dab7d1c2539626,2025-11-01,2026-08-04T05:04:10Z,fred_semiconductor,PCU3344133441,Semiconductor and related device manufacturing producer price index,60.868,index,https://fred.stlouisfed.org/graph/fredgraph.csv?id=PCU3344133441
fred_semiconductor_830feb4d3562b7fddffd,1994-04-01,2026-08-04T05:04:10Z,fred_semiconductor,PCU3344133441,Semiconductor and related device manufacturing producer price index,105.5,index,https://fred.stlouisfed.org/graph/fredgraph.csv?id=PCU3344133441
fred_semiconductor_8368871cc48669ad3009,1987-06-01,2026-08-11T03:34:54Z,fred_semiconductor,IPG3344S,U.S. industrial production for computer and electronic product manufacturing,0.2154,index,https://fred.stlouisfed.org/series/IPG3344S
fred_semiconductor_836a82f49b45bdf9dda3,2016-04-01,2026-08-11T03:34:54Z,fred_semiconductor,IPG3344S,U.S. industrial production for computer and electronic product manufacturing,83.7862,index,https://fred.stlouisfed.org/series/IPG3344S
fred_semiconductor_8387f51cab9d7614660d,2002-03-01,2026-08-11T03:34:54Z,fred_semiconductor,IPG3344S,U.S. industrial production for computer and electronic product manufacturing,8.8337,index,https://fred.stlouisfed.org/series/IPG3344S
fred_semiconductor_83a4aff0cb4c55297f74,1977-11-01,2026-08-11T03:34:54Z,fred_semiconductor,IPG3344S,U.S. industrial production for computer and electronic product manufacturing,0.0586,index,https://fred.stlouisfed.org/series/IPG3344S
fred_semiconductor_83ea30d170d24ea4df38,1991-06-01,2026-08-04T05:04:10Z,fred_semiconductor,PCU3344133441,Semiconductor and related device manufacturing producer price index,105.1,index,https://fred.stlouisfed.org/graph/fredgraph.csv?id=PCU3344133441
fred_semiconductor_83f8f4b2505e42610743,2013-06-01,2026-08-04T05:04:10Z,fred_semiconductor,PCU3344133441,Semiconductor and related device manufacturing producer price index,59.5,index,https://fred.stlouisfed.org/graph/fredgraph.csv?id=PCU3344133441
fred_semiconductor_84379cb3c430c16c3a4c,1997-05-01,2026-08-11T03:34:54Z,fred_semiconductor,IPG3344S,U.S. industrial production for computer and electronic product manufacturing,1.8763,index,https://fred.stlouisfed.org/series/IPG3344S
fred_semiconductor_849eeeed80819067dec2,2021-12-01,2026-08-11T03:34:54Z,fred_semiconductor,IPG3344S,U.S. industrial production for computer and electronic product manufacturing,124.7074,index,https://fred.stlouisfed.org/series/IPG3344S
fred_semiconductor_84a508617288351dad84,2026-04-01,2026-08-11T03:34:54Z,fred_semiconductor,CUSR0000SEEE01,"U.S. consumer price index for computers, peripherals, and smart home assistants",35.601,index,https://fred.stlouisfed.org/series/CUSR0000SEEE01
fred_semiconductor_850352d386e10760abb1,2022-05-01,2026-08-11T03:34:54Z,fred_semiconductor,CUSR0000SEEE01,"U.S. consumer price index for computers, peripherals, and smart home assistants",38.909,index,https://fred.stlouisfed.org/series/CUSR0000SEEE01
fred_semiconductor_8504296cfeca9c275a26,2002-02-01,2026-08-11T03:34:54Z,fred_semiconductor,IPG3344S,U.S. industrial production for computer and electronic product manufacturing,8.6572,index,https://fred.stlouisfed.org/series/IPG3344S
fred_semiconductor_8566b0b6215ddc482e54,1995-04-01,2026-08-04T05:04:10Z,fred_semiconductor,PCU3344133441,Semiconductor and related device manufacturing producer price index,102.9,index,https://fred.stlouisfed.org/graph/fredgraph.csv?id=PCU3344133441
fred_semiconductor_85749cd4d6d624035b89,2019-01-01,2026-08-11T03:34:54Z,fred_semiconductor,IPG3344S,U.S. industrial production for computer and electronic product manufacturing,103.7506,index,https://fred.stlouisfed.org/series/IPG3344S
fred_semiconductor_858992c5138697aeefe7,2001-06-01,2026-08-04T05:04:10Z,fred_semiconductor,PCU3344133441,Semiconductor and related device manufacturing producer price index,86.5,index,https://fred.stlouisfed.org/graph/fredgraph.csv?id=PCU3344133441
fred_semiconductor_85e4f3b23d4b571a38d1,1991-11-01,2026-08-11T03:34:54Z,fred_semiconductor,IPG3344S,U.S. industrial production for computer and electronic product manufacturing,0.3426,index,https://fred.stlouisfed.org/series/IPG3344S
fred_semiconductor_85fdcc47548caa8d29f2,2007-01-01,2026-08-11T03:34:54Z,fred_semiconductor,CUSR0000SEEE01,"U.S. consumer price index for computers, peripherals, and smart home assistants",114.181,index,https://fred.stlouisfed.org/series/CUSR0000SEEE01
fred_semiconductor_8623820a6bd63dc390c5,2014-04-01,2026-08-04T05:04:10Z,fred_semiconductor,PCU3344133441,Semiconductor and related device manufacturing producer price index,58.7,index,https://fred.stlouisfed.org/graph/fredgraph.csv?id=PCU3344133441
fred_semiconductor_8676bea12f971b06a71c,2010-02-01,2026-08-11T03:34:54Z,fred_semiconductor,IPG3344S,U.S. industrial production for computer and electronic product manufacturing,39.7907,index,https://fred.stlouisfed.org/series/IPG3344S
fred_semiconductor_86c37532a24330dd2bb0,2003-01-01,2026-08-04T05:04:10Z,fred_semiconductor,PCU3344133441,Semiconductor and related device manufacturing producer price index,82.8,index,https://fred.stlouisfed.org/graph/fredgraph.csv?id=PCU3344133441
fred_semiconductor_86e09e127dca815a087e,1987-12-01,2026-08-11T03:34:54Z,fred_semiconductor,IPG3344S,U.S. industrial production for computer and electronic product manufacturing,0.2353,index,https://fred.stlouisfed.org/series/IPG3344S
fred_semiconductor_86f75f78d6e9521b8663,1990-03-01,2026-08-04T05:04:10Z,fred_semiconductor,PCU3344133441,Semiconductor and related device manufacturing producer price index,104.9,index,https://fred.stlouisfed.org/graph/fredgraph.csv?id=PCU3344133441
fred_semiconductor_870be5131a271fc746d7,1983-06-01,2026-08-11T03:34:54Z,fred_semiconductor,IPG3344S,U.S. industrial production for computer and electronic product manufacturing,0.1224,index,https://fred.stlouisfed.org/series/IPG3344S
fred_semiconductor_870f2263c8be5e799b7f,1992-05-01,2026-08-04T05:04:10Z,fred_semiconductor,PCU3344133441,Semiconductor and related device manufacturing producer price index,104.8,index,https://fred.stlouisfed.org/graph/fredgraph.csv?id=PCU3344133441
fred_semiconductor_871178c15df6aa9d3de1,1999-10-01,2026-08-11T03:34:54Z,fred_semiconductor,IPG3344S,U.S. industrial production for computer and electronic product manufacturing,5.1056,index,https://fred.stlouisfed.org/series/IPG3344S
fred_semiconductor_87563864f4f55a8387a8,2001-10-01,2026-08-04T05:04:10Z,fred_semiconductor,PCU3344133441,Semiconductor and related device manufacturing producer price index,85.3,index,https://fred.stlouisfed.org/graph/fredgraph.csv?id=PCU3344133441
fred_semiconductor_875e4cb8b3e651deba18,1981-05-01,2026-08-11T03:34:54Z,fred_semiconductor,IPG3344S,U.S. industrial production for computer and electronic product manufacturing,0.0939,index,https://fred.stlouisfed.org/series/IPG3344S
fred_semiconductor_87bd528849c8f1276beb,2015-04-01,2026-08-04T05:04:10Z,fred_semiconductor,PCU3344133441,Semiconductor and related device manufacturing producer price index,58.6,index,https://fred.stlouisfed.org/graph/fredgraph.csv?id=PCU3344133441
fred_semiconductor_87cdff7d83d223162394,2026-02-01,2026-08-04T05:04:10Z,fred_semiconductor,PCU3344133441,Semiconductor and related device manufacturing producer price index,67.019,index,https://fred.stlouisfed.org/graph/fredgraph.csv?id=PCU3344133441
fred_semiconductor_87f42ba032e1f70f8ac3,1978-09-01,2026-08-11T03:34:54Z,fred_semiconductor,IPG3344S,U.S. industrial production for computer and electronic product manufacturing,0.0657,index,https://fred.stlouisfed.org/series/IPG3344S
fred_semiconductor_883405b876ed8fa10ee3,1979-02-01,2026-08-11T03:34:54Z,fred_semiconductor,IPG3344S,U.S. industrial production for computer and electronic product manufacturing,0.0736,index,https://fred.stlouisfed.org/series/IPG3344S
fred_semiconductor_88676de992fdd0f6f263,2007-03-01,2026-08-04T05:04:10Z,fred_semiconductor,PCU3344133441,Semiconductor and related device manufacturing producer price index,71.6,index,https://fred.stlouisfed.org/graph/fredgraph.csv?id=PCU3344133441
fred_semiconductor_8888abf0694221b1b42e,2012-02-01,2026-08-04T05:04:10Z,fred_semiconductor,PCU3344133441,Semiconductor and related device manufacturing producer price index,59.8,index,https://fred.stlouisfed.org/graph/fredgraph.csv?id=PCU3344133441
fred_semiconductor_88baf912e35921da71c4,2023-05-01,2026-08-11T03:34:54Z,fred_semiconductor,IPG3344S,U.S. industrial production for computer and electronic product manufacturing,136.0676,index,https://fred.stlouisfed.org/series/IPG3344S
fred_semiconductor_890a019f3fc386eee80d,2022-08-01,2026-08-11T03:34:54Z,fred_semiconductor,CUSR0000SEEE01,"U.S. consumer price index for computers, peripherals, and smart home assistants",38.469,index,https://fred.stlouisfed.org/series/CUSR0000SEEE01
fred_semiconductor_892b7fa089ef2ede178e,2001-11-01,2026-08-04T05:04:10Z,fred_semiconductor,PCU3344133441,Semiconductor and related device manufacturing producer price index,85.4,index,https://fred.stlouisfed.org/graph/fredgraph.csv?id=PCU3344133441
fred_semiconductor_89481c459148a28879c6,2007-09-01,2026-08-11T03:34:54Z,fred_semiconductor,IPG3344S,U.S. industrial production for computer and electronic product manufacturing,30.6273,index,https://fred.stlouisfed.org/series/IPG3344S
fred_semiconductor_897010309f973e30e00b,2010-10-01,2026-08-11T03:34:54Z,fred_semiconductor,IPG3344S,U.S. industrial production for computer and electronic product manufacturing,48.4053,index,https://fred.stlouisfed.org/series/IPG3344S
fred_semiconductor_898056acb02acb2c4f21,2020-02-01,2026-08-11T03:34:54Z,fred_semiconductor,IPG3344S,U.S. industrial production for computer and electronic product manufacturing,108.6923,index,https://fred.stlouisfed.org/series/IPG3344S
fred_semiconductor_8992f6c01994888e9598,2025-02-01,2026-08-04T05:04:10Z,fred_semiconductor,PCU3344133441,Semiconductor and related device manufacturing producer price index,58.07,index,https://fred.stlouisfed.org/graph/fredgraph.csv?id=PCU3344133441
fred_semiconductor_899b58fea31d16507cc4,1976-06-01,2026-08-11T03:34:54Z,fred_semiconductor,IPG3344S,U.S. industrial production for computer and electronic product manufacturing,0.0427,index,https://fred.stlouisfed.org/series/IPG3344S
fred_semiconductor_89f0cb152a5987f16e88,2001-03-01,2026-08-11T03:34:54Z,fred_semiconductor,IPG3344S,U.S. industrial production for computer and electronic product manufacturing,8.1813,index,https://fred.stlouisfed.org/series/IPG3344S
fred_semiconductor_8a06ed56b41c63d2acc3,2021-06-01,2026-08-11T03:34:54Z,fred_semiconductor,IPG3344S,U.S. industrial production for computer and electronic product manufacturing,121.2857,index,https://fred.stlouisfed.org/series/IPG3344S
fred_semiconductor_8a13446664deaa9fd95f,1981-01-01,2026-08-11T03:34:54Z,fred_semiconductor,IPG3344S,U.S. industrial production for computer and electronic product manufacturing,0.0903,index,https://fred.stlouisfed.org/series/IPG3344S
fred_semiconductor_8a1a3eafddace7c540c1,1992-09-01,2026-08-11T03:34:54Z,fred_semiconductor,IPG3344S,U.S. industrial production for computer and electronic product manufacturing,0.4115,index,https://fred.stlouisfed.org/series/IPG3344S
fred_semiconductor_8a25f4acf0db3ee8862b,1987-07-01,2026-08-04T05:04:10Z,fred_semiconductor,PCU3344133441,Semiconductor and related device manufacturing producer price index,102.6,index,https://fred.stlouisfed.org/graph/fredgraph.csv?id=PCU3344133441
fred_semiconductor_8a3e2fec6ad055bf081f,2000-02-01,2026-08-11T03:34:54Z,fred_semiconductor,IPG3344S,U.S. industrial production for computer and electronic product manufacturing,5.7762,index,https://fred.stlouisfed.org/series/IPG3344S
fred_semiconductor_8a52b0c7c73b68f49483,1990-08-01,2026-08-04T05:04:10Z,fred_semiconductor,PCU3344133441,Semiconductor and related device manufacturing producer price index,104.8,index,https://fred.stlouisfed.org/graph/fredgraph.csv?id=PCU3344133441
fred_semiconductor_8a6262d0099452ade0cc,2015-07-01,2026-08-04T05:04:10Z,fred_semiconductor,PCU3344133441,Semiconductor and related device manufacturing producer price index,58.4,index,https://fred.stlouisfed.org/graph/fredgraph.csv?id=PCU3344133441
fred_semiconductor_8a778bf528356aec2f6b,1996-07-01,2026-08-04T05:04:10Z,fred_semiconductor,PCU3344133441,Semiconductor and related device manufacturing producer price index,98.7,index,https://fred.stlouisfed.org/graph/fredgraph.csv?id=PCU3344133441
fred_semiconductor_8a7a8ba0d921a865677a,2009-01-01,2026-08-04T05:04:10Z,fred_semiconductor,PCU3344133441,Semiconductor and related device manufacturing producer price index,64.8,index,https://fred.stlouisfed.org/graph/fredgraph.csv?id=PCU3344133441
fred_semiconductor_8a7d4b222798b04ac0f0,2000-07-01,2026-08-11T03:34:54Z,fred_semiconductor,IPG3344S,U.S. industrial production for computer and electronic product manufacturing,7.3065,index,https://fred.stlouisfed.org/series/IPG3344S
fred_semiconductor_8a817c0ad3ffd82265ee,1996-09-01,2026-08-04T05:04:10Z,fred_semiconductor,PCU3344133441,Semiconductor and related device manufacturing producer price index,98.8,index,https://fred.stlouisfed.org/graph/fredgraph.csv?id=PCU3344133441
fred_semiconductor_8ac543e5b0b25dfbea7f,1990-06-01,2026-08-11T03:34:54Z,fred_semiconductor,IPG3344S,U.S. industrial production for computer and electronic product manufacturing,0.2952,index,https://fred.stlouisfed.org/series/IPG3344S
fred_semiconductor_8aeebeb8ea31ef4afca7,1995-03-01,2026-08-11T03:34:54Z,fred_semiconductor,IPG3344S,U.S. industrial production for computer and electronic product manufacturing,0.7641,index,https://fred.stlouisfed.org/series/IPG3344S
fred_semiconductor_8bb47ee56a48b0763c5a,2010-04-01,2026-08-04T05:04:10Z,fred_semiconductor,PCU3344133441,Semiconductor and related device manufacturing producer price index,64.6,index,https://fred.stlouisfed.org/graph/fredgraph.csv?id=PCU3344133441
fred_semiconductor_8bbf0ef0f86b57e1ed49,2020-07-01,2026-08-11T03:34:54Z,fred_semiconductor,IPG3344S,U.S. industrial production for computer and electronic product manufacturing,111.7799,index,https://fred.stlouisfed.org/series/IPG3344S
fred_semiconductor_8c120e3abdd9e39b3708,2021-08-01,2026-08-11T03:34:54Z,fred_semiconductor,CUSR0000SEEE01,"U.S. consumer price index for computers, peripherals, and smart home assistants",40.184,index,https://fred.stlouisfed.org/series/CUSR0000SEEE01
fred_semiconductor_8c32de6f081b50773639,2012-01-01,2026-08-04T05:04:10Z,fred_semiconductor,PCU3344133441,Semiconductor and related device manufacturing producer price index,59.7,index,https://fred.stlouisfed.org/graph/fredgraph.csv?id=PCU3344133441
fred_semiconductor_8c47593d579326923083,2021-09-01,2026-08-11T03:34:54Z,fred_semiconductor,IPG3344S,U.S. industrial production for computer and electronic product manufacturing,118.1095,index,https://fred.stlouisfed.org/series/IPG3344S
fred_semiconductor_8c803e5617444526f3fa,1984-06-01,2026-08-11T03:34:54Z,fred_semiconductor,IPG3344S,U.S. industrial production for computer and electronic product manufacturing,0.165,index,https://fred.stlouisfed.org/series/IPG3344S
fred_semiconductor_8c81ff6ed1ecd22c18aa,1993-03-01,2026-08-04T05:04:10Z,fred_semiconductor,PCU3344133441,Semiconductor and related device manufacturing producer price index,105.3,index,https://fred.stlouisfed.org/graph/fredgraph.csv?id=PCU3344133441
fred_semiconductor_8c85cdf9bbf4ba8212b0,1980-11-01,2026-08-11T03:34:54Z,fred_semiconductor,IPG3344S,U.S. industrial production for computer and electronic product manufacturing,0.0881,index,https://fred.stlouisfed.org/series/IPG3344S
fred_semiconductor_8c92530e6de97de1ebe8,2021-11-01,2026-08-11T03:34:54Z,fred_semiconductor,IPG3344S,U.S. industrial production for computer and electronic product manufacturing,122.4168,index,https://fred.stlouisfed.org/series/IPG3344S
fred_semiconductor_8cd552a8e07304fceca0,1986-11-01,2026-08-04T05:04:10Z,fred_semiconductor,PCU3344133441,Semiconductor and related device manufacturing producer price index,103.1,index,https://fred.stlouisfed.org/graph/fredgraph.csv?id=PCU3344133441
fred_semiconductor_8cf1dff07b7a9bf8a5db,1975-08-01,2026-08-11T03:34:54Z,fred_semiconductor,IPG3344S,U.S. industrial production for computer and electronic product manufacturing,0.0343,index,https://fred.stlouisfed.org/series/IPG3344S
fred_semiconductor_8cfd4a6faeb4c94813cc,1992-08-01,2026-08-04T05:04:10Z,fred_semiconductor,PCU3344133441,Semiconductor and related device manufacturing producer price index,104.3,index,https://fred.stlouisfed.org/graph/fredgraph.csv?id=PCU3344133441
fred_semiconductor_8cff8b79edd2e04cff14,1986-07-01,2026-08-04T05:04:10Z,fred_semiconductor,PCU3344133441,Semiconductor and related device manufacturing producer price index,102.8,index,https://fred.stlouisfed.org/graph/fredgraph.csv?id=PCU3344133441
fred_semiconductor_8d047ffd6822eab92363,2010-01-01,2026-08-11T03:34:54Z,fred_semiconductor,IPG3344S,U.S. industrial production for computer and electronic product manufacturing,37.7084,index,https://fred.stlouisfed.org/series/IPG3344S
fred_semiconductor_8d8d3a5b831a95304b9d,2003-11-01,2026-08-11T03:34:54Z,fred_semiconductor,IPG3344S,U.S. industrial production for computer and electronic product manufacturing,14.4245,index,https://fred.stlouisfed.org/series/IPG3344S
fred_semiconductor_8dccd7980e9ee26ee405,2003-04-01,2026-08-11T03:34:54Z,fred_semiconductor,IPG3344S,U.S. industrial production for computer and electronic product manufacturing,11.1714,index,https://fred.stlouisfed.org/series/IPG3344S
fred_semiconductor_8e0279a4716e9690a5ad,2017-02-01,2026-08-11T03:34:54Z,fred_semiconductor,CUSR0000SEEE01,"U.S. consumer price index for computers, peripherals, and smart home assistants",43.369,index,https://fred.stlouisfed.org/series/CUSR0000SEEE01
fred_semiconductor_8e22aa86852d8e2f74de,2009-08-01,2026-08-04T05:04:10Z,fred_semiconductor,PCU3344133441,Semiconductor and related device manufacturing producer price index,65.5,index,https://fred.stlouisfed.org/graph/fredgraph.csv?id=PCU3344133441
fred_semiconductor_8e32bd87faa0d947251a,2015-05-01,2026-08-11T03:34:54Z,fred_semiconductor,IPG3344S,U.S. industrial production for computer and electronic product manufacturing,79.9374,index,https://fred.stlouisfed.org/series/IPG3344S
fred_semiconductor_8e71fb9b139c82e671d3,2017-08-01,2026-08-04T05:04:10Z,fred_semiconductor,PCU3344133441,Semiconductor and related device manufacturing producer price index,56.5,index,https://fred.stlouisfed.org/graph/fredgraph.csv?id=PCU3344133441
fred_semiconductor_8e88b0ccda654c03a894,2011-03-01,2026-08-11T03:34:54Z,fred_semiconductor,IPG3344S,U.S. industrial production for computer and electronic product manufacturing,53.7497,index,https://fred.stlouisfed.org/series/IPG3344S
fred_semiconductor_8e9c6ff5bdcb176013fd,2006-07-01,2026-08-04T05:04:10Z,fred_semiconductor,PCU3344133441,Semiconductor and related device manufacturing producer price index,75.3,index,https://fred.stlouisfed.org/graph/fredgraph.csv?id=PCU3344133441
fred_semiconductor_8ee991a0920aa2d8eb99,2025-02-01,2026-08-11T03:34:54Z,fred_semiconductor,CUSR0000SEEE01,"U.S. consumer price index for computers, peripherals, and smart home assistants",34.477,index,https://fred.stlouisfed.org/series/CUSR0000SEEE01
fred_semiconductor_8f1593d61b76edd4234c,2015-06-01,2026-08-11T03:34:54Z,fred_semiconductor,IPG3344S,U.S. industrial production for computer and electronic product manufacturing,80.4261,index,https://fred.stlouisfed.org/series/IPG3344S
fred_semiconductor_8f1ff822171b32fb6f94,2012-01-01,2026-08-11T03:34:54Z,fred_semiconductor,CUSR0000SEEE01,"U.S. consumer price index for computers, peripherals, and smart home assistants",64.555,index,https://fred.stlouisfed.org/series/CUSR0000SEEE01
fred_semiconductor_8f553c84899ec5b63a3c,2019-09-01,2026-08-04T05:04:10Z,fred_semiconductor,PCU3344133441,Semiconductor and related device manufacturing producer price index,55.6,index,https://fred.stlouisfed.org/graph/fredgraph.csv?id=PCU3344133441
fred_semiconductor_8f662b6822f1705e2696,1998-09-01,2026-08-11T03:34:54Z,fred_semiconductor,IPG3344S,U.S. industrial production for computer and electronic product manufacturing,3.2134,index,https://fred.stlouisfed.org/series/IPG3344S
fred_semiconductor_8fca18059addbabaaaac,1991-12-01,2026-08-11T03:34:54Z,fred_semiconductor,IPG3344S,U.S. industrial production for computer and electronic product manufacturing,0.3485,index,https://fred.stlouisfed.org/series/IPG3344S
fred_semiconductor_8fd8c789b102ac75cf22,2023-08-01,2026-08-11T03:34:54Z,fred_semiconductor,CUSR0000SEEE01,"U.S. consumer price index for computers, peripherals, and smart home assistants",36.529,index,https://fred.stlouisfed.org/series/CUSR0000SEEE01
fred_semiconductor_9014577172407a4ad112,2001-01-01,2026-08-04T05:04:10Z,fred_semiconductor,PCU3344133441,Semiconductor and related device manufacturing producer price index,87.9,index,https://fred.stlouisfed.org/graph/fredgraph.csv?id=PCU3344133441
fred_semiconductor_90440d6fb1a631a4b461,2016-03-01,2026-08-04T05:04:10Z,fred_semiconductor,PCU3344133441,Semiconductor and related device manufacturing producer price index,57.6,index,https://fred.stlouisfed.org/graph/fredgraph.csv?id=PCU3344133441
fred_semiconductor_908a26ae412561c509ed,2004-03-01,2026-08-11T03:34:54Z,fred_semiconductor,IPG3344S,U.S. industrial production for computer and electronic product manufacturing,15.4862,index,https://fred.stlouisfed.org/series/IPG3344S
fred_semiconductor_90a960b22b9ee14beb79,1994-12-01,2026-08-04T05:04:10Z,fred_semiconductor,PCU3344133441,Semiconductor and related device manufacturing producer price index,103.3,index,https://fred.stlouisfed.org/graph/fredgraph.csv?id=PCU3344133441
fred_semiconductor_915b1678878362150f63,1982-04-01,2026-08-11T03:34:54Z,fred_semiconductor,IPG3344S,U.S. industrial production for computer and electronic product manufacturing,0.1069,index,https://fred.stlouisfed.org/series/IPG3344S
fred_semiconductor_91be8cb57fb25ea5a47b,1990-07-01,2026-08-11T03:34:54Z,fred_semiconductor,IPG3344S,U.S. industrial production for computer and electronic product manufacturing,0.2948,index,https://fred.stlouisfed.org/series/IPG3344S
fred_semiconductor_924a233efc41ed73407d,2015-11-01,2026-08-11T03:34:54Z,fred_semiconductor,CUSR0000SEEE01,"U.S. consumer price index for computers, peripherals, and smart home assistants",46.741,index,https://fred.stlouisfed.org/series/CUSR0000SEEE01
fred_semiconductor_92a0c1d5f4363850b70c,1998-11-01,2026-08-11T03:34:54Z,fred_semiconductor,IPG3344S,U.S. industrial production for computer and electronic product manufacturing,3.5101,index,https://fred.stlouisfed.org/series/IPG3344S
fred_semiconductor_92ed66dc687fe7b80ce0,2004-07-01,2026-08-04T05:04:10Z,fred_semiconductor,PCU3344133441,Semiconductor and related device manufacturing producer price index,78.5,index,https://fred.stlouisfed.org/graph/fredgraph.csv?id=PCU3344133441
fred_semiconductor_932c523355a4b1bac4ba,2022-02-01,2026-08-11T03:34:54Z,fred_semiconductor,CUSR0000SEEE01,"U.S. consumer price index for computers, peripherals, and smart home assistants",39.958,index,https://fred.stlouisfed.org/series/CUSR0000SEEE01
fred_semiconductor_9334e234dc813ecdbde2,2005-10-01,2026-08-11T03:34:54Z,fred_semiconductor,IPG3344S,U.S. industrial production for computer and electronic product manufacturing,21.5116,index,https://fred.stlouisfed.org/series/IPG3344S
fred_semiconductor_936f596842aabb34ed41,2018-09-01,2026-08-11T03:34:54Z,fred_semiconductor,CUSR0000SEEE01,"U.S. consumer price index for computers, peripherals, and smart home assistants",41.092,index,https://fred.stlouisfed.org/series/CUSR0000SEEE01
fred_semiconductor_937d827a9c58fcec661b,2026-02-01,2026-08-11T03:34:54Z,fred_semiconductor,IPG3344S,U.S. industrial production for computer and electronic product manufacturing,176.0779,index,https://fred.stlouisfed.org/series/IPG3344S
fred_semiconductor_943528523b2f3b30e901,1973-06-01,2026-08-11T03:34:54Z,fred_semiconductor,IPG3344S,U.S. industrial production for computer and electronic product manufacturing,0.0413,index,https://fred.stlouisfed.org/series/IPG3344S
fred_semiconductor_94516eebe42e2508b75e,1998-05-01,2026-08-11T03:34:54Z,fred_semiconductor,IPG3344S,U.S. industrial production for computer and electronic product manufacturing,2.6278,index,https://fred.stlouisfed.org/series/IPG3344S
fred_semiconductor_94849a5d1196318730fd,2018-07-01,2026-08-11T03:34:54Z,fred_semiconductor,IPG3344S,U.S. industrial production for computer and electronic product manufacturing,107.5357,index,https://fred.stlouisfed.org/series/IPG3344S
fred_semiconductor_94aa585f124dd9d36e51,2006-10-01,2026-08-04T05:04:10Z,fred_semiconductor,PCU3344133441,Semiconductor and related device manufacturing producer price index,75.5,index,https://fred.stlouisfed.org/graph/fredgraph.csv?id=PCU3344133441
fred_semiconductor_94fef261a83dd2ad4087,1974-09-01,2026-08-11T03:34:54Z,fred_semiconductor,IPG3344S,U.S. industrial production for computer and electronic product manufacturing,0.0406,index,https://fred.stlouisfed.org/series/IPG3344S
fred_semiconductor_95075268115a63958495,1986-01-01,2026-08-11T03:34:54Z,fred_semiconductor,IPG3344S,U.S. industrial production for computer and electronic product manufacturing,0.1618,index,https://fred.stlouisfed.org/series/IPG3344S
fred_semiconductor_952ce576df7b4c685be5,2025-01-01,2026-08-11T03:34:54Z,fred_semiconductor,IPG3344S,U.S. industrial production for computer and electronic product manufacturing,158.0732,index,https://fred.stlouisfed.org/series/IPG3344S
fred_semiconductor_9554b9d5502f5c68fde5,1987-01-01,2026-08-11T03:34:54Z,fred_semiconductor,IPG3344S,U.S. industrial production for computer and electronic product manufacturing,0.198,index,https://fred.stlouisfed.org/series/IPG3344S
fred_semiconductor_955a1f8f5f7e031cf86e,2008-05-01,2026-08-04T05:04:10Z,fred_semiconductor,PCU3344133441,Semiconductor and related device manufacturing producer price index,66.6,index,https://fred.stlouisfed.org/graph/fredgraph.csv?id=PCU3344133441
fred_semiconductor_95bfe0de6c50ac4f4242,2022-07-01,2026-08-11T03:34:54Z,fred_semiconductor,IPG3344S,U.S. industrial production for computer and electronic product manufacturing,131.7061,index,https://fred.stlouisfed.org/series/IPG3344S
fred_semiconductor_95d654017e6030c2066f,2008-12-01,2026-08-11T03:34:54Z,fred_semiconductor,IPG3344S,U.S. industrial production for computer and electronic product manufacturing,26.4554,index,https://fred.stlouisfed.org/series/IPG3344S
fred_semiconductor_95e5bb60951bd07d5fae,2017-09-01,2026-08-04T05:04:10Z,fred_semiconductor,PCU3344133441,Semiconductor and related device manufacturing producer price index,56.0,index,https://fred.stlouisfed.org/graph/fredgraph.csv?id=PCU3344133441
fred_semiconductor_95fe8c8f9d5f7a1d1398,2005-08-01,2026-08-11T03:34:54Z,fred_semiconductor,IPG3344S,U.S. industrial production for computer and electronic product manufacturing,20.3867,index,https://fred.stlouisfed.org/series/IPG3344S
fred_semiconductor_9602896a9c30cac7752f,2005-10-01,2026-08-11T03:34:54Z,fred_semiconductor,CUSR0000SEEE01,"U.S. consumer price index for computers, peripherals, and smart home assistants",137.1,index,https://fred.stlouisfed.org/series/CUSR0000SEEE01
fred_semiconductor_96490c64419a3d3ba164,2015-09-01,2026-08-11T03:34:54Z,fred_semiconductor,IPG3344S,U.S. industrial production for computer and electronic product manufacturing,80.721,index,https://fred.stlouisfed.org/series/IPG3344S
fred_semiconductor_9684eb626b41feec7520,2010-05-01,2026-08-11T03:34:54Z,fred_semiconductor,CUSR0000SEEE01,"U.S. consumer price index for computers, peripherals, and smart home assistants",76.192,index,https://fred.stlouisfed.org/series/CUSR0000SEEE01
fred_semiconductor_968b8dcc9ba8e9dae3b2,1984-01-01,2026-08-11T03:34:54Z,fred_semiconductor,IPG3344S,U.S. industrial production for computer and electronic product manufacturing,0.1458,index,https://fred.stlouisfed.org/series/IPG3344S
fred_semiconductor_96b9b6a8d7a3d5bf1ade,1987-02-01,2026-08-04T05:04:10Z,fred_semiconductor,PCU3344133441,Semiconductor and related device manufacturing producer price index,103.0,index,https://fred.stlouisfed.org/graph/fredgraph.csv?id=PCU3344133441
fred_semiconductor_96d2321f9397b2a450e9,2018-10-01,2026-08-11T03:34:54Z,fred_semiconductor,CUSR0000SEEE01,"U.S. consumer price index for computers, peripherals, and smart home assistants",40.573,index,https://fred.stlouisfed.org/series/CUSR0000SEEE01
fred_semiconductor_96ddbca3512106cfae22,2018-09-01,2026-08-04T05:04:10Z,fred_semiconductor,PCU3344133441,Semiconductor and related device manufacturing producer price index,55.9,index,https://fred.stlouisfed.org/graph/fredgraph.csv?id=PCU3344133441
fred_semiconductor_970020978cc38d5b004a,1997-02-01,2026-08-11T03:34:54Z,fred_semiconductor,IPG3344S,U.S. industrial production for computer and electronic product manufacturing,1.6798,index,https://fred.stlouisfed.org/series/IPG3344S
fred_semiconductor_973e441edc54aaa6fb90,2006-03-01,2026-08-04T05:04:10Z,fred_semiconductor,PCU3344133441,Semiconductor and related device manufacturing producer price index,74.6,index,https://fred.stlouisfed.org/graph/fredgraph.csv?id=PCU3344133441
fred_semiconductor_976f71d82b5368cbb285,2014-06-01,2026-08-11T03:34:54Z,fred_semiconductor,IPG3344S,U.S. industrial production for computer and electronic product manufacturing,82.4052,index,https://fred.stlouisfed.org/series/IPG3344S
fred_semiconductor_977d08be52df0fa1faa1,2008-04-01,2026-08-11T03:34:54Z,fred_semiconductor,IPG3344S,U.S. industrial production for computer and electronic product manufacturing,37.1894,index,https://fred.stlouisfed.org/series/IPG3344S
fred_semiconductor_97843b95611eb89bf76d,2022-06-01,2026-08-04T05:04:10Z,fred_semiconductor,PCU3344133441,Semiconductor and related device manufacturing producer price index,56.927,index,https://fred.stlouisfed.org/graph/fredgraph.csv?id=PCU3344133441
fred_semiconductor_97970d93aece95d067f7,1980-04-01,2026-08-11T03:34:54Z,fred_semiconductor,IPG3344S,U.S. industrial production for computer and electronic product manufacturing,0.0906,index,https://fred.stlouisfed.org/series/IPG3344S
fred_semiconductor_97c157d7f1b7f1fb2168,1989-04-01,2026-08-11T03:34:54Z,fred_semiconductor,IPG3344S,U.S. industrial production for computer and electronic product manufacturing,0.2576,index,https://fred.stlouisfed.org/series/IPG3344S
fred_semiconductor_97cd10ffd7368dee98e6,2012-03-01,2026-08-11T03:34:54Z,fred_semiconductor,IPG3344S,U.S. industrial production for computer and electronic product manufacturing,58.3927,index,https://fred.stlouisfed.org/series/IPG3344S
fred_semiconductor_9824979b13ffee628dd3,2010-09-01,2026-08-11T03:34:54Z,fred_semiconductor,CUSR0000SEEE01,"U.S. consumer price index for computers, peripherals, and smart home assistants",76.46,index,https://fred.stlouisfed.org/series/CUSR0000SEEE01
fred_semiconductor_986dbaa2997b98d32421,2004-05-01,2026-08-11T03:34:54Z,fred_semiconductor,IPG3344S,U.S. industrial production for computer and electronic product manufacturing,16.0261,index,https://fred.stlouisfed.org/series/IPG3344S
fred_semiconductor_986e185bdb3fbc7374c0,2009-08-01,2026-08-11T03:34:54Z,fred_semiconductor,CUSR0000SEEE01,"U.S. consumer price index for computers, peripherals, and smart home assistants",79.016,index,https://fred.stlouisfed.org/series/CUSR0000SEEE01
fred_semiconductor_9881d6dfcbf205c54351,1995-09-01,2026-08-04T05:04:10Z,fred_semiconductor,PCU3344133441,Semiconductor and related device manufacturing producer price index,102.1,index,https://fred.stlouisfed.org/graph/fredgraph.csv?id=PCU3344133441
fred_semiconductor_98c0ec6aa90972a94762,2012-10-01,2026-08-11T03:34:54Z,fred_semiconductor,CUSR0000SEEE01,"U.S. consumer price index for computers, peripherals, and smart home assistants",60.716,index,https://fred.stlouisfed.org/series/CUSR0000SEEE01
fred_semiconductor_98c32e3f039bef3171db,2016-07-01,2026-08-11T03:34:54Z,fred_semiconductor,IPG3344S,U.S. industrial production for computer and electronic product manufacturing,88.2021,index,https://fred.stlouisfed.org/series/IPG3344S
fred_semiconductor_98e06f26ef6f093eff71,2011-12-01,2026-08-04T05:04:10Z,fred_semiconductor,PCU3344133441,Semiconductor and related device manufacturing producer price index,60.2,index,https://fred.stlouisfed.org/graph/fredgraph.csv?id=PCU3344133441
fred_semiconductor_98fee685baee4a3e68c6,2017-11-01,2026-08-11T03:34:54Z,fred_semiconductor,CUSR0000SEEE01,"U.S. consumer price index for computers, peripherals, and smart home assistants",42.04,index,https://fred.stlouisfed.org/series/CUSR0000SEEE01
fred_semiconductor_9951acd679552a52f171,2025-11-01,2026-08-11T03:34:54Z,fred_semiconductor,IPG3344S,U.S. industrial production for computer and electronic product manufacturing,169.7424,index,https://fred.stlouisfed.org/series/IPG3344S
fred_semiconductor_998fb37dfea9d0b92e7a,1985-07-01,2026-08-11T03:34:54Z,fred_semiconductor,IPG3344S,U.S. industrial production for computer and electronic product manufacturing,0.1621,index,https://fred.stlouisfed.org/series/IPG3344S
fred_semiconductor_99c7884c705cb3f4846f,2021-01-01,2026-08-11T03:34:54Z,fred_semiconductor,CUSR0000SEEE01,"U.S. consumer price index for computers, peripherals, and smart home assistants",38.316,index,https://fred.stlouisfed.org/series/CUSR0000SEEE01
fred_semiconductor_99c8bab16fe578f8f7c9,2022-04-01,2026-08-11T03:34:54Z,fred_semiconductor,IPG3344S,U.S. industrial production for computer and electronic product manufacturing,127.9384,index,https://fred.stlouisfed.org/series/IPG3344S
fred_semiconductor_99d2701b0056616775c5,1974-08-01,2026-08-11T03:34:54Z,fred_semiconductor,IPG3344S,U.S. industrial production for computer and electronic product manufacturing,0.0402,index,https://fred.stlouisfed.org/series/IPG3344S
fred_semiconductor_9abd2c1adde2ee4a4ba7,2020-12-01,2026-08-04T05:04:10Z,fred_semiconductor,PCU3344133441,Semiconductor and related device manufacturing producer price index,54.1,index,https://fred.stlouisfed.org/graph/fredgraph.csv?id=PCU3344133441
fred_semiconductor_9abeee3bcfda5ecb2eda,2015-10-01,2026-08-11T03:34:54Z,fred_semiconductor,CUSR0000SEEE01,"U.S. consumer price index for computers, peripherals, and smart home assistants",47.056,index,https://fred.stlouisfed.org/series/CUSR0000SEEE01
fred_semiconductor_9aff3b0d6cf6d7f03343,2021-03-01,2026-08-11T03:34:54Z,fred_semiconductor,CUSR0000SEEE01,"U.S. consumer price index for computers, peripherals, and smart home assistants",37.453,index,https://fred.stlouisfed.org/series/CUSR0000SEEE01
fred_semiconductor_9b2f27062092b8060956,1973-05-01,2026-08-11T03:34:54Z,fred_semiconductor,IPG3344S,U.S. industrial production for computer and electronic product manufacturing,0.0385,index,https://fred.stlouisfed.org/series/IPG3344S
fred_semiconductor_9b36800c6cd1e8e7906d,2013-07-01,2026-08-04T05:04:10Z,fred_semiconductor,PCU3344133441,Semiconductor and related device manufacturing producer price index,59.5,index,https://fred.stlouisfed.org/graph/fredgraph.csv?id=PCU3344133441
fred_semiconductor_9bc38c41c0c477d484a3,2017-09-01,2026-08-11T03:34:54Z,fred_semiconductor,CUSR0000SEEE01,"U.S. consumer price index for computers, peripherals, and smart home assistants",42.19,index,https://fred.stlouisfed.org/series/CUSR0000SEEE01
fred_semiconductor_9bda8b70d76fb062645a,2019-03-01,2026-08-11T03:34:54Z,fred_semiconductor,CUSR0000SEEE01,"U.S. consumer price index for computers, peripherals, and smart home assistants",39.889,index,https://fred.stlouisfed.org/series/CUSR0000SEEE01
fred_semiconductor_9bde40efa25f68426e14,2006-08-01,2026-08-11T03:34:54Z,fred_semiconductor,IPG3344S,U.S. industrial production for computer and electronic product manufacturing,22.9459,index,https://fred.stlouisfed.org/series/IPG3344S
fred_semiconductor_9bfc7398673fedd7b62e,1990-03-01,2026-08-11T03:34:54Z,fred_semiconductor,IPG3344S,U.S. industrial production for computer and electronic product manufacturing,0.2914,index,https://fred.stlouisfed.org/series/IPG3344S
fred_semiconductor_9c21ff9a29651b1abccc,1981-04-01,2026-08-11T03:34:54Z,fred_semiconductor,IPG3344S,U.S. industrial production for computer and electronic product manufacturing,0.0931,index,https://fred.stlouisfed.org/series/IPG3344S
fred_semiconductor_9c51799365321317dc0e,1999-12-01,2026-08-11T03:34:54Z,fred_semiconductor,IPG3344S,U.S. industrial production for computer and electronic product manufacturing,5.4565,index,https://fred.stlouisfed.org/series/IPG3344S
fred_semiconductor_9ca7c6a6547cec942313,2022-12-01,2026-08-04T05:04:10Z,fred_semiconductor,PCU3344133441,Semiconductor and related device manufacturing producer price index,57.617,index,https://fred.stlouisfed.org/graph/fredgraph.csv?id=PCU3344133441
fred_semiconductor_9cb1f727d0ec57e0dcba,1989-02-01,2026-08-04T05:04:10Z,fred_semiconductor,PCU3344133441,Semiconductor and related device manufacturing producer price index,104.9,index,https://fred.stlouisfed.org/graph/fredgraph.csv?id=PCU3344133441
fred_semiconductor_9d84d125571dc959c453,2025-11-01,2026-08-11T03:34:54Z,fred_semiconductor,CUSR0000SEEE01,"U.S. consumer price index for computers, peripherals, and smart home assistants",34.184,index,https://fred.stlouisfed.org/series/CUSR0000SEEE01
fred_semiconductor_9d8cf6b4c1d26d1e8c85,2002-11-01,2026-08-04T05:04:10Z,fred_semiconductor,PCU3344133441,Semiconductor and related device manufacturing producer price index,84.3,index,https://fred.stlouisfed.org/graph/fredgraph.csv?id=PCU3344133441
fred_semiconductor_9e5b3c1e135eb5e25a71,1999-01-01,2026-08-11T03:34:54Z,fred_semiconductor,IPG3344S,U.S. industrial production for computer and electronic product manufacturing,3.8312,index,https://fred.stlouisfed.org/series/IPG3344S
fred_semiconductor_9e66788638f971379cfb,1990-07-01,2026-08-04T05:04:10Z,fred_semiconductor,PCU3344133441,Semiconductor and related device manufacturing producer price index,105.4,index,https://fred.stlouisfed.org/graph/fredgraph.csv?id=PCU3344133441
fred_semiconductor_9e6c1f39c8791b86c0bb,2008-08-01,2026-08-11T03:34:54Z,fred_semiconductor,IPG3344S,U.S. industrial production for computer and electronic product manufacturing,36.2134,index,https://fred.stlouisfed.org/series/IPG3344S
fred_semiconductor_9e6e68ac0d0bfa307847,2026-06-01,2026-08-04T05:04:10Z,fred_semiconductor,PCU3344133441,Semiconductor and related device manufacturing producer price index,72.669,index,https://fred.stlouisfed.org/graph/fredgraph.csv?id=PCU3344133441
fred_semiconductor_9e7aa59f8fb4ce37d724,2022-07-01,2026-08-11T03:34:54Z,fred_semiconductor,CUSR0000SEEE01,"U.S. consumer price index for computers, peripherals, and smart home assistants",38.719,index,https://fred.stlouisfed.org/series/CUSR0000SEEE01
fred_semiconductor_9eb1deea783eeffd4856,2013-12-01,2026-08-11T03:34:54Z,fred_semiconductor,CUSR0000SEEE01,"U.S. consumer price index for computers, peripherals, and smart home assistants",55.373,index,https://fred.stlouisfed.org/series/CUSR0000SEEE01
fred_semiconductor_9ec257f93c16616cc2d0,2022-09-01,2026-08-04T05:04:10Z,fred_semiconductor,PCU3344133441,Semiconductor and related device manufacturing producer price index,56.832,index,https://fred.stlouisfed.org/graph/fredgraph.csv?id=PCU3344133441
fred_semiconductor_9f0b8b8676c8c72e88ed,2019-11-01,2026-08-11T03:34:54Z,fred_semiconductor,IPG3344S,U.S. industrial production for computer and electronic product manufacturing,110.9638,index,https://fred.stlouisfed.org/series/IPG3344S
fred_semiconductor_9fea3a5590e287edde0d,1992-02-01,2026-08-04T05:04:10Z,fred_semiconductor,PCU3344133441,Semiconductor and related device manufacturing producer price index,104.8,index,https://fred.stlouisfed.org/graph/fredgraph.csv?id=PCU3344133441
fred_semiconductor_a01d904e20fca1190b68,2005-06-01,2026-08-11T03:34:54Z,fred_semiconductor,CUSR0000SEEE01,"U.S. consumer price index for computers, peripherals, and smart home assistants",145.0,index,https://fred.stlouisfed.org/series/CUSR0000SEEE01
fred_semiconductor_a03feb31e78440f1520c,2019-11-01,2026-08-04T05:04:10Z,fred_semiconductor,PCU3344133441,Semiconductor and related device manufacturing producer price index,55.5,index,https://fred.stlouisfed.org/graph/fredgraph.csv?id=PCU3344133441
fred_semiconductor_a088a2c4711223eadf54,2003-10-01,2026-08-11T03:34:54Z,fred_semiconductor,IPG3344S,U.S. industrial production for computer and electronic product manufacturing,14.0285,index,https://fred.stlouisfed.org/series/IPG3344S
fred_semiconductor_a0b28e74ee9dbfdc670e,2005-07-01,2026-08-04T05:04:10Z,fred_semiconductor,PCU3344133441,Semiconductor and related device manufacturing producer price index,76.6,index,https://fred.stlouisfed.org/graph/fredgraph.csv?id=PCU3344133441
fred_semiconductor_a1264aed0f5280097554,2012-08-01,2026-08-11T03:34:54Z,fred_semiconductor,IPG3344S,U.S. industrial production for computer and electronic product manufacturing,59.8824,index,https://fred.stlouisfed.org/series/IPG3344S
fred_semiconductor_a146902e0045a5b9e6d8,2018-04-01,2026-08-11T03:34:54Z,fred_semiconductor,IPG3344S,U.S. industrial production for computer and electronic product manufacturing,106.0022,index,https://fred.stlouisfed.org/series/IPG3344S
fred_semiconductor_a14c289c86e6ca394bc4,2001-10-01,2026-08-11T03:34:54Z,fred_semiconductor,IPG3344S,U.S. industrial production for computer and electronic product manufacturing,7.923,index,https://fred.stlouisfed.org/series/IPG3344S
fred_semiconductor_a170282b3891901dff8b,2005-12-01,2026-08-11T03:34:54Z,fred_semiconductor,IPG3344S,U.S. industrial production for computer and electronic product manufacturing,21.7009,index,https://fred.stlouisfed.org/series/IPG3344S
fred_semiconductor_a1a0fb40b43ab7e4aeeb,2001-02-01,2026-08-04T05:04:10Z,fred_semiconductor,PCU3344133441,Semiconductor and related device manufacturing producer price index,87.5,index,https://fred.stlouisfed.org/graph/fredgraph.csv?id=PCU3344133441
fred_semiconductor_a1d9da2d923de188a8f5,1988-09-01,2026-08-04T05:04:10Z,fred_semiconductor,PCU3344133441,Semiconductor and related device manufacturing producer price index,104.6,index,https://fred.stlouisfed.org/graph/fredgraph.csv?id=PCU3344133441
fred_semiconductor_a1e3028a5475838f0013,2017-08-01,2026-08-11T03:34:54Z,fred_semiconductor,IPG3344S,U.S. industrial production for computer and electronic product manufacturing,99.3714,index,https://fred.stlouisfed.org/series/IPG3344S
fred_semiconductor_a23b83a6a554ba79edfe,1989-10-01,2026-08-11T03:34:54Z,fred_semiconductor,IPG3344S,U.S. industrial production for computer and electronic product manufacturing,0.2772,index,https://fred.stlouisfed.org/series/IPG3344S
fred_semiconductor_a25a4adae381dd6d2408,2022-11-01,2026-08-11T03:34:54Z,fred_semiconductor,CUSR0000SEEE01,"U.S. consumer price index for computers, peripherals, and smart home assistants",38.02,index,https://fred.stlouisfed.org/series/CUSR0000SEEE01
fred_semiconductor_a2d358ed51afefba0085,1993-01-01,2026-08-11T03:34:54Z,fred_semiconductor,IPG3344S,U.S. industrial production for computer and electronic product manufacturing,0.4288,index,https://fred.stlouisfed.org/series/IPG3344S
fred_semiconductor_a31398d29d8cbcb8ff63,1987-10-01,2026-08-11T03:34:54Z,fred_semiconductor,IPG3344S,U.S. industrial production for computer and electronic product manufacturing,0.2315,index,https://fred.stlouisfed.org/series/IPG3344S
fred_semiconductor_a35c3b7a922666551260,2013-09-01,2026-08-11T03:34:54Z,fred_semiconductor,CUSR0000SEEE01,"U.S. consumer price index for computers, peripherals, and smart home assistants",55.864,index,https://fred.stlouisfed.org/series/CUSR0000SEEE01
fred_semiconductor_a38a1313c7b817d7e456,2016-10-01,2026-08-04T05:04:10Z,fred_semiconductor,PCU3344133441,Semiconductor and related device manufacturing producer price index,56.9,index,https://fred.stlouisfed.org/graph/fredgraph.csv?id=PCU3344133441
fred_semiconductor_a479512ba2a4218e6306,1991-07-01,2026-08-04T05:04:10Z,fred_semiconductor,PCU3344133441,Semiconductor and related device manufacturing producer price index,104.9,index,https://fred.stlouisfed.org/graph/fredgraph.csv?id=PCU3344133441
fred_semiconductor_a4f05c76befeed655b71,1998-02-01,2026-08-04T05:04:10Z,fred_semiconductor,PCU3344133441,Semiconductor and related device manufacturing producer price index,92.6,index,https://fred.stlouisfed.org/graph/fredgraph.csv?id=PCU3344133441
fred_semiconductor_a503fe9c4c76aca35ca1,2010-05-01,2026-08-04T05:04:10Z,fred_semiconductor,PCU3344133441,Semiconductor and related device manufacturing producer price index,64.6,index,https://fred.stlouisfed.org/graph/fredgraph.csv?id=PCU3344133441
fred_semiconductor_a5b20189832f4242e629,2008-10-01,2026-08-04T05:04:10Z,fred_semiconductor,PCU3344133441,Semiconductor and related device manufacturing producer price index,66.1,index,https://fred.stlouisfed.org/graph/fredgraph.csv?id=PCU3344133441
fred_semiconductor_a60542d449d8c4f04abd,2008-06-01,2026-08-11T03:34:54Z,fred_semiconductor,IPG3344S,U.S. industrial production for computer and electronic product manufacturing,37.5504,index,https://fred.stlouisfed.org/series/IPG3344S
fred_semiconductor_a6209b0c72faf2eec056,1979-12-01,2026-08-11T03:34:54Z,fred_semiconductor,IPG3344S,U.S. industrial production for computer and electronic product manufacturing,0.0874,index,https://fred.stlouisfed.org/series/IPG3344S
fred_semiconductor_a63206d912503670bf0c,1996-02-01,2026-08-11T03:34:54Z,fred_semiconductor,IPG3344S,U.S. industrial production for computer and electronic product manufacturing,1.1394,index,https://fred.stlouisfed.org/series/IPG3344S
fred_semiconductor_a6969dd6e6fb70eff653,2005-08-01,2026-08-04T05:04:10Z,fred_semiconductor,PCU3344133441,Semiconductor and related device manufacturing producer price index,76.8,index,https://fred.stlouisfed.org/graph/fredgraph.csv?id=PCU3344133441
fred_semiconductor_a69cc7e0f7fff4fa6c4a,2007-07-01,2026-08-11T03:34:54Z,fred_semiconductor,CUSR0000SEEE01,"U.S. consumer price index for computers, peripherals, and smart home assistants",107.748,index,https://fred.stlouisfed.org/series/CUSR0000SEEE01
fred_semiconductor_a69d1a58c7ced76f7e1c,2000-05-01,2026-08-11T03:34:54Z,fred_semiconductor,IPG3344S,U.S. industrial production for computer and electronic product manufacturing,6.6909,index,https://fred.stlouisfed.org/series/IPG3344S
fred_semiconductor_a6dbe9959e256cf5487f,2000-08-01,2026-08-11T03:34:54Z,fred_semiconductor,IPG3344S,U.S. industrial production for computer and electronic product manufacturing,7.4126,index,https://fred.stlouisfed.org/series/IPG3344S
fred_semiconductor_a74b2497e236883f5c3a,2006-10-01,2026-08-11T03:34:54Z,fred_semiconductor,IPG3344S,U.S. industrial production for computer and electronic product manufacturing,23.8685,index,https://fred.stlouisfed.org/series/IPG3344S
fred_semiconductor_a75d656c5a11404d9086,2010-06-01,2026-08-04T05:04:10Z,fred_semiconductor,PCU3344133441,Semiconductor and related device manufacturing producer price index,64.2,index,https://fred.stlouisfed.org/graph/fredgraph.csv?id=PCU3344133441
fred_semiconductor_a7a02dd0264ff4050822,2005-09-01,2026-08-04T05:04:10Z,fred_semiconductor,PCU3344133441,Semiconductor and related device manufacturing producer price index,76.2,index,https://fred.stlouisfed.org/graph/fredgraph.csv?id=PCU3344133441
fred_semiconductor_a7a65327a25ea354f2dd,2009-07-01,2026-08-11T03:34:54Z,fred_semiconductor,CUSR0000SEEE01,"U.S. consumer price index for computers, peripherals, and smart home assistants",80.941,index,https://fred.stlouisfed.org/series/CUSR0000SEEE01
fred_semiconductor_a7a8f37fbb3debdf4b17,2018-12-01,2026-08-04T05:04:10Z,fred_semiconductor,PCU3344133441,Semiconductor and related device manufacturing producer price index,55.6,index,https://fred.stlouisfed.org/graph/fredgraph.csv?id=PCU3344133441
fred_semiconductor_a7f978f6b98b1352d690,1976-03-01,2026-08-11T03:34:54Z,fred_semiconductor,IPG3344S,U.S. industrial production for computer and electronic product manufacturing,0.0388,index,https://fred.stlouisfed.org/series/IPG3344S
fred_semiconductor_a819a30dea8cb72ecac7,2019-06-01,2026-08-11T03:34:54Z,fred_semiconductor,CUSR0000SEEE01,"U.S. consumer price index for computers, peripherals, and smart home assistants",38.586,index,https://fred.stlouisfed.org/series/CUSR0000SEEE01
fred_semiconductor_a82fba18677ab155b4d4,2006-09-01,2026-08-11T03:34:54Z,fred_semiconductor,CUSR0000SEEE01,"U.S. consumer price index for computers, peripherals, and smart home assistants",118.0,index,https://fred.stlouisfed.org/series/CUSR0000SEEE01
fred_semiconductor_a84612a1c4104213117d,2017-11-01,2026-08-04T05:04:10Z,fred_semiconductor,PCU3344133441,Semiconductor and related device manufacturing producer price index,56.0,index,https://fred.stlouisfed.org/graph/fredgraph.csv?id=PCU3344133441
fred_semiconductor_a862608d125a9b65f98d,2006-05-01,2026-08-11T03:34:54Z,fred_semiconductor,CUSR0000SEEE01,"U.S. consumer price index for computers, peripherals, and smart home assistants",120.7,index,https://fred.stlouisfed.org/series/CUSR0000SEEE01
fred_semiconductor_a8af64fa192824c7fd18,2017-03-01,2026-08-11T03:34:54Z,fred_semiconductor,CUSR0000SEEE01,"U.S. consumer price index for computers, peripherals, and smart home assistants",42.818,index,https://fred.stlouisfed.org/series/CUSR0000SEEE01
fred_semiconductor_a8b418cce2093c51ac60,1988-11-01,2026-08-11T03:34:54Z,fred_semiconductor,IPG3344S,U.S. industrial production for computer and electronic product manufacturing,0.2558,index,https://fred.stlouisfed.org/series/IPG3344S
fred_semiconductor_a8c3f7918b2d0ffdbdbc,2003-11-01,2026-08-04T05:04:10Z,fred_semiconductor,PCU3344133441,Semiconductor and related device manufacturing producer price index,79.3,index,https://fred.stlouisfed.org/graph/fredgraph.csv?id=PCU3344133441
fred_semiconductor_a8c40c31d4141c21eaaa,1973-09-01,2026-08-11T03:34:54Z,fred_semiconductor,IPG3344S,U.S. industrial production for computer and electronic product manufacturing,0.0412,index,https://fred.stlouisfed.org/series/IPG3344S
fred_semiconductor_a904c3354120978734f7,2008-10-01,2026-08-11T03:34:54Z,fred_semiconductor,CUSR0000SEEE01,"U.S. consumer price index for computers, peripherals, and smart home assistants",90.404,index,https://fred.stlouisfed.org/series/CUSR0000SEEE01
fred_semiconductor_a90b654168c98d5da6aa,2023-08-01,2026-08-11T03:34:54Z,fred_semiconductor,IPG3344S,U.S. industrial production for computer and electronic product manufacturing,135.6233,index,https://fred.stlouisfed.org/series/IPG3344S
fred_semiconductor_a9bd9fe0aec675dbb1ec,1996-12-01,2026-08-11T03:34:54Z,fred_semiconductor,IPG3344S,U.S. industrial production for computer and electronic product manufacturing,1.5532,index,https://fred.stlouisfed.org/series/IPG3344S
fred_semiconductor_a9e992ad983f1a5160bc,1996-01-01,2026-08-11T03:34:54Z,fred_semiconductor,IPG3344S,U.S. industrial production for computer and electronic product manufacturing,1.0786,index,https://fred.stlouisfed.org/series/IPG3344S
fred_semiconductor_aa265d8a4f16c7f77899,2021-12-01,2026-08-11T03:34:54Z,fred_semiconductor,CUSR0000SEEE01,"U.S. consumer price index for computers, peripherals, and smart home assistants",39.401,index,https://fred.stlouisfed.org/series/CUSR0000SEEE01
fred_semiconductor_aa7a80c12ea754b2351d,2018-11-01,2026-08-04T05:04:10Z,fred_semiconductor,PCU3344133441,Semiconductor and related device manufacturing producer price index,55.6,index,https://fred.stlouisfed.org/graph/fredgraph.csv?id=PCU3344133441
fred_semiconductor_aa9b5cb382794648e748,1976-04-01,2026-08-11T03:34:54Z,fred_semiconductor,IPG3344S,U.S. industrial production for computer and electronic product manufacturing,0.0403,index,https://fred.stlouisfed.org/series/IPG3344S
fred_semiconductor_aaa76f982d9f7411f0c1,2011-02-01,2026-08-04T05:04:10Z,fred_semiconductor,PCU3344133441,Semiconductor and related device manufacturing producer price index,62.2,index,https://fred.stlouisfed.org/graph/fredgraph.csv?id=PCU3344133441
fred_semiconductor_aabcd9989d87ddc3503f,2000-03-01,2026-08-04T05:04:10Z,fred_semiconductor,PCU3344133441,Semiconductor and related device manufacturing producer price index,88.6,index,https://fred.stlouisfed.org/graph/fredgraph.csv?id=PCU3344133441
fred_semiconductor_aae28f97c01ce77a2403,2021-08-01,2026-08-11T03:34:54Z,fred_semiconductor,IPG3344S,U.S. industrial production for computer and electronic product manufacturing,117.8182,index,https://fred.stlouisfed.org/series/IPG3344S
fred_semiconductor_aaf0d591279f29f0b003,1974-02-01,2026-08-11T03:34:54Z,fred_semiconductor,IPG3344S,U.S. industrial production for computer and electronic product manufacturing,0.0452,index,https://fred.stlouisfed.org/series/IPG3344S
fred_semiconductor_ab2ad9ae57d9a1e3e782,2019-10-01,2026-08-11T03:34:54Z,fred_semiconductor,CUSR0000SEEE01,"U.S. consumer price index for computers, peripherals, and smart home assistants",38.938,index,https://fred.stlouisfed.org/series/CUSR0000SEEE01
fred_semiconductor_ab412825b98ac6b613de,1982-02-01,2026-08-11T03:34:54Z,fred_semiconductor,IPG3344S,U.S. industrial production for computer and electronic product manufacturing,0.1069,index,https://fred.stlouisfed.org/series/IPG3344S
fred_semiconductor_abbc8f871361c57bc5a2,1992-02-01,2026-08-11T03:34:54Z,fred_semiconductor,IPG3344S,U.S. industrial production for computer and electronic product manufacturing,0.3629,index,https://fred.stlouisfed.org/series/IPG3344S
fred_semiconductor_abc7ec1d7804f7e02477,1985-12-01,2026-08-11T03:34:54Z,fred_semiconductor,IPG3344S,U.S. industrial production for computer and electronic product manufacturing,0.1607,index,https://fred.stlouisfed.org/series/IPG3344S
fred_semiconductor_abeaea391dc1ec75e9a4,2023-12-01,2026-08-11T03:34:54Z,fred_semiconductor,IPG3344S,U.S. industrial production for computer and electronic product manufacturing,138.9374,index,https://fred.stlouisfed.org/series/IPG3344S
fred_semiconductor_acb013c1a60ea0a8a8cc,2016-11-01,2026-08-04T05:04:10Z,fred_semiconductor,PCU3344133441,Semiconductor and related device manufacturing producer price index,56.9,index,https://fred.stlouisfed.org/graph/fredgraph.csv?id=PCU3344133441
fred_semiconductor_acc904fa968ba94ce816,2023-06-01,2026-08-11T03:34:54Z,fred_semiconductor,IPG3344S,U.S. industrial production for computer and electronic product manufacturing,135.4366,index,https://fred.stlouisfed.org/series/IPG3344S
fred_semiconductor_acf8df98066cabd1d123,2008-03-01,2026-08-11T03:34:54Z,fred_semiconductor,CUSR0000SEEE01,"U.S. consumer price index for computers, peripherals, and smart home assistants",99.27,index,https://fred.stlouisfed.org/series/CUSR0000SEEE01
fred_semiconductor_adc6b518ccc411b10982,2017-06-01,2026-08-11T03:34:54Z,fred_semiconductor,CUSR0000SEEE01,"U.S. consumer price index for computers, peripherals, and smart home assistants",42.561,index,https://fred.stlouisfed.org/series/CUSR0000SEEE01
fred_semiconductor_ae4f21fe9391c90ca5de,1987-11-01,2026-08-11T03:34:54Z,fred_semiconductor,IPG3344S,U.S. industrial production for computer and electronic product manufacturing,0.2317,index,https://fred.stlouisfed.org/series/IPG3344S
fred_semiconductor_ae5b5a2c79b3b9d879b2,2007-09-01,2026-08-11T03:34:54Z,fred_semiconductor,CUSR0000SEEE01,"U.S. consumer price index for computers, peripherals, and smart home assistants",106.502,index,https://fred.stlouisfed.org/series/CUSR0000SEEE01
fred_semiconductor_ae70df6748e691ca530c,1994-09-01,2026-08-11T03:34:54Z,fred_semiconductor,IPG3344S,U.S. industrial production for computer and electronic product manufacturing,0.631,index,https://fred.stlouisfed.org/series/IPG3344S
fred_semiconductor_ae9a43b6997711070826,2011-10-01,2026-08-11T03:34:54Z,fred_semiconductor,IPG3344S,U.S. industrial production for computer and electronic product manufacturing,54.7035,index,https://fred.stlouisfed.org/series/IPG3344S
fred_semiconductor_ae9c3ef7aed14e6673eb,1979-05-01,2026-08-11T03:34:54Z,fred_semiconductor,IPG3344S,U.S. industrial production for computer and electronic product manufacturing,0.0747,index,https://fred.stlouisfed.org/series/IPG3344S
fred_semiconductor_aea79625f44d1a56f5a8,2024-11-01,2026-08-11T03:34:54Z,fred_semiconductor,IPG3344S,U.S. industrial production for computer and electronic product manufacturing,148.1992,index,https://fred.stlouisfed.org/series/IPG3344S
fred_semiconductor_aec9bf24e2d3e7ad99d5,2016-11-01,2026-08-11T03:34:54Z,fred_semiconductor,CUSR0000SEEE01,"U.S. consumer price index for computers, peripherals, and smart home assistants",43.576,index,https://fred.stlouisfed.org/series/CUSR0000SEEE01
fred_semiconductor_af4d8d0ec1cef823da0e,2024-02-01,2026-08-11T03:34:54Z,fred_semiconductor,IPG3344S,U.S. industrial production for computer and electronic product manufacturing,138.2248,index,https://fred.stlouisfed.org/series/IPG3344S
fred_semiconductor_af8aa13b0806b7bbc71a,2000-12-01,2026-08-04T05:04:10Z,fred_semiconductor,PCU3344133441,Semiconductor and related device manufacturing producer price index,87.9,index,https://fred.stlouisfed.org/graph/fredgraph.csv?id=PCU3344133441
fred_semiconductor_afecbea2afc634287b79,2020-03-01,2026-08-11T03:34:54Z,fred_semiconductor,IPG3344S,U.S. industrial production for computer and electronic product manufacturing,109.4757,index,https://fred.stlouisfed.org/series/IPG3344S
fred_semiconductor_b05e94a68dcc8006577d,1993-05-01,2026-08-04T05:04:10Z,fred_semiconductor,PCU3344133441,Semiconductor and related device manufacturing producer price index,105.5,index,https://fred.stlouisfed.org/graph/fredgraph.csv?id=PCU3344133441
fred_semiconductor_b061e3f200474158e5d3,1997-11-01,2026-08-04T05:04:10Z,fred_semiconductor,PCU3344133441,Semiconductor and related device manufacturing producer price index,93.3,index,https://fred.stlouisfed.org/graph/fredgraph.csv?id=PCU3344133441
fred_semiconductor_b08fd61f4e300224f127,2000-11-01,2026-08-04T05:04:10Z,fred_semiconductor,PCU3344133441,Semiconductor and related device manufacturing producer price index,88.6,index,https://fred.stlouisfed.org/graph/fredgraph.csv?id=PCU3344133441
fred_semiconductor_b0a61891f87a4c9bd385,1985-09-01,2026-08-11T03:34:54Z,fred_semiconductor,IPG3344S,U.S. industrial production for computer and electronic product manufacturing,0.1585,index,https://fred.stlouisfed.org/series/IPG3344S
fred_semiconductor_b0e62de69640dd9d9135,2008-10-01,2026-08-11T03:34:54Z,fred_semiconductor,IPG3344S,U.S. industrial production for computer and electronic product manufacturing,33.0694,index,https://fred.stlouisfed.org/series/IPG3344S
fred_semiconductor_b124ee37dab44ae7b58d,2025-05-01,2026-08-11T03:34:54Z,fred_semiconductor,CUSR0000SEEE01,"U.S. consumer price index for computers, peripherals, and smart home assistants",35.202,index,https://fred.stlouisfed.org/series/CUSR0000SEEE01
fred_semiconductor_b16b496672e0fe041ce9,2025-04-01,2026-08-11T03:34:54Z,fred_semiconductor,IPG3344S,U.S. industrial production for computer and electronic product manufacturing,162.2271,index,https://fred.stlouisfed.org/series/IPG3344S
fred_semiconductor_b18300b2050b38053f36,2001-03-01,2026-08-04T05:04:10Z,fred_semiconductor,PCU3344133441,Semiconductor and related device manufacturing producer price index,87.3,index,https://fred.stlouisfed.org/graph/fredgraph.csv?id=PCU3344133441
fred_semiconductor_b19b164b74b6a8487594,1974-04-01,2026-08-11T03:34:54Z,fred_semiconductor,IPG3344S,U.S. industrial production for computer and electronic product manufacturing,0.0443,index,https://fred.stlouisfed.org/series/IPG3344S
fred_semiconductor_b19dd99390bf36d24bed,1998-06-01,2026-08-11T03:34:54Z,fred_semiconductor,IPG3344S,U.S. industrial production for computer and electronic product manufacturing,2.7404,index,https://fred.stlouisfed.org/series/IPG3344S
fred_semiconductor_b1cd52a780c2eb777ae7,2024-07-01,2026-08-11T03:34:54Z,fred_semiconductor,CUSR0000SEEE01,"U.S. consumer price index for computers, peripherals, and smart home assistants",35.929,index,https://fred.stlouisfed.org/series/CUSR0000SEEE01
fred_semiconductor_b1d0aa38b56f23f13e10,2009-10-01,2026-08-11T03:34:54Z,fred_semiconductor,CUSR0000SEEE01,"U.S. consumer price index for computers, peripherals, and smart home assistants",78.823,index,https://fred.stlouisfed.org/series/CUSR0000SEEE01
fred_semiconductor_b1e43055bb8c105a8470,2019-09-01,2026-08-11T03:34:54Z,fred_semiconductor,IPG3344S,U.S. industrial production for computer and electronic product manufacturing,108.7369,index,https://fred.stlouisfed.org/series/IPG3344S
fred_semiconductor_b2cc2295355d18105813,2023-09-01,2026-08-11T03:34:54Z,fred_semiconductor,CUSR0000SEEE01,"U.S. consumer price index for computers, peripherals, and smart home assistants",37.146,index,https://fred.stlouisfed.org/series/CUSR0000SEEE01
fred_semiconductor_b2e37a2660f591d4a2b7,1992-05-01,2026-08-11T03:34:54Z,fred_semiconductor,IPG3344S,U.S. industrial production for computer and electronic product manufacturing,0.3777,index,https://fred.stlouisfed.org/series/IPG3344S
fred_semiconductor_b35830f3952321c92706,2007-06-01,2026-08-11T03:34:54Z,fred_semiconductor,IPG3344S,U.S. industrial production for computer and electronic product manufacturing,28.404,index,https://fred.stlouisfed.org/series/IPG3344S
fred_semiconductor_b37b1735ceb09adc8993,2017-01-01,2026-08-11T03:34:54Z,fred_semiconductor,CUSR0000SEEE01,"U.S. consumer price index for computers, peripherals, and smart home assistants",43.475,index,https://fred.stlouisfed.org/series/CUSR0000SEEE01
fred_semiconductor_b3d62cde3ae898dd43c2,2011-08-01,2026-08-11T03:34:54Z,fred_semiconductor,IPG3344S,U.S. industrial production for computer and electronic product manufacturing,55.0189,index,https://fred.stlouisfed.org/series/IPG3344S
fred_semiconductor_b4093eb103c8e606ec66,1992-10-01,2026-08-11T03:34:54Z,fred_semiconductor,IPG3344S,U.S. industrial production for computer and electronic product manufacturing,0.4232,index,https://fred.stlouisfed.org/series/IPG3344S
fred_semiconductor_b40c6e2ee48fc7e36124,2006-06-01,2026-08-11T03:34:54Z,fred_semiconductor,IPG3344S,U.S. industrial production for computer and electronic product manufacturing,22.1243,index,https://fred.stlouisfed.org/series/IPG3344S
fred_semiconductor_b41c8f23219220aebe50,2025-01-01,2026-08-04T05:04:10Z,fred_semiconductor,PCU3344133441,Semiconductor and related device manufacturing producer price index,58.272,index,https://fred.stlouisfed.org/graph/fredgraph.csv?id=PCU3344133441
fred_semiconductor_b43a26492d1837500f38,2022-09-01,2026-08-11T03:34:54Z,fred_semiconductor,CUSR0000SEEE01,"U.S. consumer price index for computers, peripherals, and smart home assistants",39.175,index,https://fred.stlouisfed.org/series/CUSR0000SEEE01
fred_semiconductor_b4bdf17f0addcb2f6d7a,2002-01-01,2026-08-11T03:34:54Z,fred_semiconductor,IPG3344S,U.S. industrial production for computer and electronic product manufacturing,8.3054,index,https://fred.stlouisfed.org/series/IPG3344S
fred_semiconductor_b4d25f421c2fe0f6106d,2004-06-01,2026-08-04T05:04:10Z,fred_semiconductor,PCU3344133441,Semiconductor and related device manufacturing producer price index,78.5,index,https://fred.stlouisfed.org/graph/fredgraph.csv?id=PCU3344133441
fred_semiconductor_b4e5045d8579b6daf055,2004-11-01,2026-08-04T05:04:10Z,fred_semiconductor,PCU3344133441,Semiconductor and related device manufacturing producer price index,78.0,index,https://fred.stlouisfed.org/graph/fredgraph.csv?id=PCU3344133441
fred_semiconductor_b51a991ee50705ffcd0e,1999-07-01,2026-08-04T05:04:10Z,fred_semiconductor,PCU3344133441,Semiconductor and related device manufacturing producer price index,89.7,index,https://fred.stlouisfed.org/graph/fredgraph.csv?id=PCU3344133441
fred_semiconductor_b521a77b231fc9409756,2021-05-01,2026-08-04T05:04:10Z,fred_semiconductor,PCU3344133441,Semiconductor and related device manufacturing producer price index,54.5,index,https://fred.stlouisfed.org/graph/fredgraph.csv?id=PCU3344133441
fred_semiconductor_b5362e70fa0fc225c957,1999-03-01,2026-08-04T05:04:10Z,fred_semiconductor,PCU3344133441,Semiconductor and related device manufacturing producer price index,90.7,index,https://fred.stlouisfed.org/graph/fredgraph.csv?id=PCU3344133441
fred_semiconductor_b588365133f926245745,2017-05-01,2026-08-11T03:34:54Z,fred_semiconductor,CUSR0000SEEE01,"U.S. consumer price index for computers, peripherals, and smart home assistants",42.361,index,https://fred.stlouisfed.org/series/CUSR0000SEEE01
fred_semiconductor_b5a0d7aeb8a9c2c17825,2008-03-01,2026-08-04T05:04:10Z,fred_semiconductor,PCU3344133441,Semiconductor and related device manufacturing producer price index,66.7,index,https://fred.stlouisfed.org/graph/fredgraph.csv?id=PCU3344133441
fred_semiconductor_b5f9473f5f25ebd376e5,2019-11-01,2026-08-11T03:34:54Z,fred_semiconductor,CUSR0000SEEE01,"U.S. consumer price index for computers, peripherals, and smart home assistants",38.868,index,https://fred.stlouisfed.org/series/CUSR0000SEEE01
fred_semiconductor_b621afdc0525a10274e2,1981-02-01,2026-08-11T03:34:54Z,fred_semiconductor,IPG3344S,U.S. industrial production for computer and electronic product manufacturing,0.0909,index,https://fred.stlouisfed.org/series/IPG3344S
fred_semiconductor_b646f4f422aaa605941c,2026-05-01,2026-08-04T05:04:10Z,fred_semiconductor,PCU3344133441,Semiconductor and related device manufacturing producer price index,72.973,index,https://fred.stlouisfed.org/graph/fredgraph.csv?id=PCU3344133441
fred_semiconductor_b651921e004430223950,1985-05-01,2026-08-04T05:04:10Z,fred_semiconductor,PCU3344133441,Semiconductor and related device manufacturing producer price index,100.1,index,https://fred.stlouisfed.org/graph/fredgraph.csv?id=PCU3344133441
fred_semiconductor_b67418d8f9d25aefb994,2019-04-01,2026-08-04T05:04:10Z,fred_semiconductor,PCU3344133441,Semiconductor and related device manufacturing producer price index,55.2,index,https://fred.stlouisfed.org/graph/fredgraph.csv?id=PCU3344133441
fred_semiconductor_b6d42f7bbbbab6340553,2020-08-01,2026-08-04T05:04:10Z,fred_semiconductor,PCU3344133441,Semiconductor and related device manufacturing producer price index,54.7,index,https://fred.stlouisfed.org/graph/fredgraph.csv?id=PCU3344133441
fred_semiconductor_b6dff635e49e5d6f6151,2005-05-01,2026-08-04T05:04:10Z,fred_semiconductor,PCU3344133441,Semiconductor and related device manufacturing producer price index,76.6,index,https://fred.stlouisfed.org/graph/fredgraph.csv?id=PCU3344133441
fred_semiconductor_b700fdbc1b6aef712ddf,1996-12-01,2026-08-04T05:04:10Z,fred_semiconductor,PCU3344133441,Semiconductor and related device manufacturing producer price index,97.8,index,https://fred.stlouisfed.org/graph/fredgraph.csv?id=PCU3344133441
fred_semiconductor_b71fb03cce1765bd264f,1986-02-01,2026-08-04T05:04:10Z,fred_semiconductor,PCU3344133441,Semiconductor and related device manufacturing producer price index,101.6,index,https://fred.stlouisfed.org/graph/fredgraph.csv?id=PCU3344133441
fred_semiconductor_b725fe07112241aa214e,2001-05-01,2026-08-04T05:04:10Z,fred_semiconductor,PCU3344133441,Semiconductor and related device manufacturing producer price index,86.9,index,https://fred.stlouisfed.org/graph/fredgraph.csv?id=PCU3344133441
fred_semiconductor_b73f6caeed9370773ab0,1996-06-01,2026-08-04T05:04:10Z,fred_semiconductor,PCU3344133441,Semiconductor and related device manufacturing producer price index,98.7,index,https://fred.stlouisfed.org/graph/fredgraph.csv?id=PCU3344133441
fred_semiconductor_b742c32bc3f799cde762,2012-01-01,2026-08-11T03:34:54Z,fred_semiconductor,IPG3344S,U.S. industrial production for computer and electronic product manufacturing,56.5696,index,https://fred.stlouisfed.org/series/IPG3344S
fred_semiconductor_b797ee3c3038ba958a41,1999-02-01,2026-08-11T03:34:54Z,fred_semiconductor,IPG3344S,U.S. industrial production for computer and electronic product manufacturing,4.0388,index,https://fred.stlouisfed.org/series/IPG3344S
fred_semiconductor_b7a3e5b83c375d8b8a73,2012-11-01,2026-08-11T03:34:54Z,fred_semiconductor,IPG3344S,U.S. industrial production for computer and electronic product manufacturing,62.1728,index,https://fred.stlouisfed.org/series/IPG3344S
fred_semiconductor_b873ea5af9724c4d6169,2022-12-01,2026-08-11T03:34:54Z,fred_semiconductor,CUSR0000SEEE01,"U.S. consumer price index for computers, peripherals, and smart home assistants",37.115,index,https://fred.stlouisfed.org/series/CUSR0000SEEE01
fred_semiconductor_b88e3cc7d80779c59d1f,2002-09-01,2026-08-04T05:04:10Z,fred_semiconductor,PCU3344133441,Semiconductor and related device manufacturing producer price index,84.6,index,https://fred.stlouisfed.org/graph/fredgraph.csv?id=PCU3344133441
fred_semiconductor_b8b804204eb4acf34a94,2021-10-01,2026-08-04T05:04:10Z,fred_semiconductor,PCU3344133441,Semiconductor and related device manufacturing producer price index,54.957,index,https://fred.stlouisfed.org/graph/fredgraph.csv?id=PCU3344133441
fred_semiconductor_b8eb8dcf097f19bbe906,1983-09-01,2026-08-11T03:34:54Z,fred_semiconductor,IPG3344S,U.S. industrial production for computer and electronic product manufacturing,0.1322,index,https://fred.stlouisfed.org/series/IPG3344S
fred_semiconductor_b905e0f84c176493f148,1983-10-01,2026-08-11T03:34:54Z,fred_semiconductor,IPG3344S,U.S. industrial production for computer and electronic product manufacturing,0.1352,index,https://fred.stlouisfed.org/series/IPG3344S
fred_semiconductor_b91fbb55308178d1d7f4,1987-09-01,2026-08-11T03:34:54Z,fred_semiconductor,IPG3344S,U.S. industrial production for computer and electronic product manufacturing,0.2272,index,https://fred.stlouisfed.org/series/IPG3344S
fred_semiconductor_b92e2a3ce333c0857c8f,2004-03-01,2026-08-04T05:04:10Z,fred_semiconductor,PCU3344133441,Semiconductor and related device manufacturing producer price index,78.1,index,https://fred.stlouisfed.org/graph/fredgraph.csv?id=PCU3344133441
fred_semiconductor_b9adbadc3ab61e76cd03,1973-10-01,2026-08-11T03:34:54Z,fred_semiconductor,IPG3344S,U.S. industrial production for computer and electronic product manufacturing,0.0429,index,https://fred.stlouisfed.org/series/IPG3344S
fred_semiconductor_b9cb64e4217372aa4e20,1994-01-01,2026-08-11T03:34:54Z,fred_semiconductor,IPG3344S,U.S. industrial production for computer and electronic product manufacturing,0.4985,index,https://fred.stlouisfed.org/series/IPG3344S
fred_semiconductor_b9eb65259e2a7c4588b7,1989-09-01,2026-08-04T05:04:10Z,fred_semiconductor,PCU3344133441,Semiconductor and related device manufacturing producer price index,105.2,index,https://fred.stlouisfed.org/graph/fredgraph.csv?id=PCU3344133441
fred_semiconductor_ba31d4f0bd0294f7d8b7,2001-07-01,2026-08-11T03:34:54Z,fred_semiconductor,IPG3344S,U.S. industrial production for computer and electronic product manufacturing,7.4679,index,https://fred.stlouisfed.org/series/IPG3344S
fred_semiconductor_ba66e39bd606f353e6a1,1994-05-01,2026-08-04T05:04:10Z,fred_semiconductor,PCU3344133441,Semiconductor and related device manufacturing producer price index,105.4,index,https://fred.stlouisfed.org/graph/fredgraph.csv?id=PCU3344133441
fred_semiconductor_ba7020fb8073dc17654f,2020-07-01,2026-08-04T05:04:10Z,fred_semiconductor,PCU3344133441,Semiconductor and related device manufacturing producer price index,54.7,index,https://fred.stlouisfed.org/graph/fredgraph.csv?id=PCU3344133441
fred_semiconductor_bae5708acdd5701c4a93,2023-12-01,2026-08-11T03:34:54Z,fred_semiconductor,CUSR0000SEEE01,"U.S. consumer price index for computers, peripherals, and smart home assistants",35.773,index,https://fred.stlouisfed.org/series/CUSR0000SEEE01
fred_semiconductor_bae7866aee2892491f58,2026-06-01,2026-08-11T03:34:54Z,fred_semiconductor,IPG3344S,U.S. industrial production for computer and electronic product manufacturing,181.8824,index,https://fred.stlouisfed.org/series/IPG3344S
fred_semiconductor_bafc71526f2bd09339cf,2008-05-01,2026-08-11T03:34:54Z,fred_semiconductor,IPG3344S,U.S. industrial production for computer and electronic product manufacturing,37.4433,index,https://fred.stlouisfed.org/series/IPG3344S
fred_semiconductor_bb4ac202a1a4bc9903db,1978-11-01,2026-08-11T03:34:54Z,fred_semiconductor,IPG3344S,U.S. industrial production for computer and electronic product manufacturing,0.069,index,https://fred.stlouisfed.org/series/IPG3344S
fred_semiconductor_bb53e030f3b9439d8e8e,1986-10-01,2026-08-11T03:34:54Z,fred_semiconductor,IPG3344S,U.S. industrial production for computer and electronic product manufacturing,0.1836,index,https://fred.stlouisfed.org/series/IPG3344S
fred_semiconductor_bb62c7e5fd051ccf5558,2017-01-01,2026-08-11T03:34:54Z,fred_semiconductor,IPG3344S,U.S. industrial production for computer and electronic product manufacturing,95.0183,index,https://fred.stlouisfed.org/series/IPG3344S
fred_semiconductor_bb96c3034e3a624e3daa,2016-10-01,2026-08-11T03:34:54Z,fred_semiconductor,CUSR0000SEEE01,"U.S. consumer price index for computers, peripherals, and smart home assistants",43.721,index,https://fred.stlouisfed.org/series/CUSR0000SEEE01
fred_semiconductor_bb9e1bed2092b611de3c,2013-03-01,2026-08-11T03:34:54Z,fred_semiconductor,CUSR0000SEEE01,"U.S. consumer price index for computers, peripherals, and smart home assistants",58.376,index,https://fred.stlouisfed.org/series/CUSR0000SEEE01
fred_semiconductor_bb9fd3cea9db96860a20,2008-12-01,2026-08-04T05:04:10Z,fred_semiconductor,PCU3344133441,Semiconductor and related device manufacturing producer price index,65.4,index,https://fred.stlouisfed.org/graph/fredgraph.csv?id=PCU3344133441
fred_semiconductor_bbb0e6c7daed56456f4f,2013-05-01,2026-08-04T05:04:10Z,fred_semiconductor,PCU3344133441,Semiconductor and related device manufacturing producer price index,59.4,index,https://fred.stlouisfed.org/graph/fredgraph.csv?id=PCU3344133441
fred_semiconductor_bbd2f5918df53ad97b52,2001-04-01,2026-08-04T05:04:10Z,fred_semiconductor,PCU3344133441,Semiconductor and related device manufacturing producer price index,87.1,index,https://fred.stlouisfed.org/graph/fredgraph.csv?id=PCU3344133441
fred_semiconductor_bbec51876fb0a5226c28,2016-08-01,2026-08-11T03:34:54Z,fred_semiconductor,CUSR0000SEEE01,"U.S. consumer price index for computers, peripherals, and smart home assistants",43.917,index,https://fred.stlouisfed.org/series/CUSR0000SEEE01
fred_semiconductor_bc3a0f01709470611a12,1975-03-01,2026-08-11T03:34:54Z,fred_semiconductor,IPG3344S,U.S. industrial production for computer and electronic product manufacturing,0.0319,index,https://fred.stlouisfed.org/series/IPG3344S
fred_semiconductor_bcaaf5bfa4f93113b5ac,2016-04-01,2026-08-04T05:04:10Z,fred_semiconductor,PCU3344133441,Semiconductor and related device manufacturing producer price index,57.5,index,https://fred.stlouisfed.org/graph/fredgraph.csv?id=PCU3344133441
fred_semiconductor_bd42279d747e38134c99,1997-01-01,2026-08-11T03:34:54Z,fred_semiconductor,IPG3344S,U.S. industrial production for computer and electronic product manufacturing,1.5955,index,https://fred.stlouisfed.org/series/IPG3344S
fred_semiconductor_bd5af3b5c68cf5a5fdad,2025-04-01,2026-08-11T03:34:54Z,fred_semiconductor,CUSR0000SEEE01,"U.S. consumer price index for computers, peripherals, and smart home assistants",34.805,index,https://fred.stlouisfed.org/series/CUSR0000SEEE01
fred_semiconductor_bd977397274c18015312,2003-06-01,2026-08-11T03:34:54Z,fred_semiconductor,IPG3344S,U.S. industrial production for computer and electronic product manufacturing,11.9971,index,https://fred.stlouisfed.org/series/IPG3344S
fred_semiconductor_bdab92756aaac16d74f3,2016-06-01,2026-08-04T05:04:10Z,fred_semiconductor,PCU3344133441,Semiconductor and related device manufacturing producer price index,57.5,index,https://fred.stlouisfed.org/graph/fredgraph.csv?id=PCU3344133441
fred_semiconductor_bdc42dd71a5cd25c86b6,2020-06-01,2026-08-11T03:34:54Z,fred_semiconductor,IPG3344S,U.S. industrial production for computer and electronic product manufacturing,109.2417,index,https://fred.stlouisfed.org/series/IPG3344S
fred_semiconductor_bdcca82a53600a079cd4,2023-04-01,2026-08-11T03:34:54Z,fred_semiconductor,IPG3344S,U.S. industrial production for computer and electronic product manufacturing,135.8398,index,https://fred.stlouisfed.org/series/IPG3344S
fred_semiconductor_bdcfc30a06a34be19760,1989-03-01,2026-08-04T05:04:10Z,fred_semiconductor,PCU3344133441,Semiconductor and related device manufacturing producer price index,105.0,index,https://fred.stlouisfed.org/graph/fredgraph.csv?id=PCU3344133441
fred_semiconductor_bdfb1abe588b6e12daec,2006-02-01,2026-08-11T03:34:54Z,fred_semiconductor,IPG3344S,U.S. industrial production for computer and electronic product manufacturing,22.1027,index,https://fred.stlouisfed.org/series/IPG3344S
fred_semiconductor_be42e959b435ab943a41,2004-11-01,2026-08-11T03:34:54Z,fred_semiconductor,IPG3344S,U.S. industrial production for computer and electronic product manufacturing,16.6828,index,https://fred.stlouisfed.org/series/IPG3344S
fred_semiconductor_bedd61cbdf7467a62288,2022-03-01,2026-08-04T05:04:10Z,fred_semiconductor,PCU3344133441,Semiconductor and related device manufacturing producer price index,56.736,index,https://fred.stlouisfed.org/graph/fredgraph.csv?id=PCU3344133441
fred_semiconductor_bf0d5c051cf95b78c0d2,1982-03-01,2026-08-11T03:34:54Z,fred_semiconductor,IPG3344S,U.S. industrial production for computer and electronic product manufacturing,0.1061,index,https://fred.stlouisfed.org/series/IPG3344S
fred_semiconductor_bf10de4aaddd4dd3fcfd,2007-06-01,2026-08-04T05:04:10Z,fred_semiconductor,PCU3344133441,Semiconductor and related device manufacturing producer price index,71.0,index,https://fred.stlouisfed.org/graph/fredgraph.csv?id=PCU3344133441
fred_semiconductor_bf57caf12196da75ae3e,1977-04-01,2026-08-11T03:34:54Z,fred_semiconductor,IPG3344S,U.S. industrial production for computer and electronic product manufacturing,0.0523,index,https://fred.stlouisfed.org/series/IPG3344S
fred_semiconductor_bf6591f401490f57e7ea,2001-09-01,2026-08-04T05:04:10Z,fred_semiconductor,PCU3344133441,Semiconductor and related device manufacturing producer price index,85.4,index,https://fred.stlouisfed.org/graph/fredgraph.csv?id=PCU3344133441
fred_semiconductor_bf77349f60b8b89209ee,1975-09-01,2026-08-11T03:34:54Z,fred_semiconductor,IPG3344S,U.S. industrial production for computer and electronic product manufacturing,0.0353,index,https://fred.stlouisfed.org/series/IPG3344S
fred_semiconductor_c0050824c12bb35fa9de,1979-04-01,2026-08-11T03:34:54Z,fred_semiconductor,IPG3344S,U.S. industrial production for computer and electronic product manufacturing,0.0723,index,https://fred.stlouisfed.org/series/IPG3344S
fred_semiconductor_c02959651f1d0c5a6174,2025-05-01,2026-08-11T03:34:54Z,fred_semiconductor,IPG3344S,U.S. industrial production for computer and electronic product manufacturing,164.3526,index,https://fred.stlouisfed.org/series/IPG3344S
fred_semiconductor_c051b8c7459f0aec5b46,2016-12-01,2026-08-11T03:34:54Z,fred_semiconductor,IPG3344S,U.S. industrial production for computer and electronic product manufacturing,94.1908,index,https://fred.stlouisfed.org/series/IPG3344S
fred_semiconductor_c06416e8d32957e11c9a,2013-12-01,2026-08-04T05:04:10Z,fred_semiconductor,PCU3344133441,Semiconductor and related device manufacturing producer price index,59.4,index,https://fred.stlouisfed.org/graph/fredgraph.csv?id=PCU3344133441
fred_semiconductor_c101ce73ba1a63532440,1977-01-01,2026-08-11T03:34:54Z,fred_semiconductor,IPG3344S,U.S. industrial production for computer and electronic product manufacturing,0.049,index,https://fred.stlouisfed.org/series/IPG3344S
fred_semiconductor_c16407cee013e48035fb,1998-09-01,2026-08-04T05:04:10Z,fred_semiconductor,PCU3344133441,Semiconductor and related device manufacturing producer price index,91.3,index,https://fred.stlouisfed.org/graph/fredgraph.csv?id=PCU3344133441
fred_semiconductor_c16feec4c9725fa90d70,2007-11-01,2026-08-11T03:34:54Z,fred_semiconductor,CUSR0000SEEE01,"U.S. consumer price index for computers, peripherals, and smart home assistants",100.868,index,https://fred.stlouisfed.org/series/CUSR0000SEEE01
fred_semiconductor_c204262b46d73d4bceed,2010-12-01,2026-08-04T05:04:10Z,fred_semiconductor,PCU3344133441,Semiconductor and related device manufacturing producer price index,61.9,index,https://fred.stlouisfed.org/graph/fredgraph.csv?id=PCU3344133441
fred_semiconductor_c20bf7fe988bbfd8f21a,1984-05-01,2026-08-11T03:34:54Z,fred_semiconductor,IPG3344S,U.S. industrial production for computer and electronic product manufacturing,0.1608,index,https://fred.stlouisfed.org/series/IPG3344S
fred_semiconductor_c248294837afc4b86c23,2012-02-01,2026-08-11T03:34:54Z,fred_semiconductor,CUSR0000SEEE01,"U.S. consumer price index for computers, peripherals, and smart home assistants",64.463,index,https://fred.stlouisfed.org/series/CUSR0000SEEE01
fred_semiconductor_c265244f5078064093ed,1993-12-01,2026-08-11T03:34:54Z,fred_semiconductor,IPG3344S,U.S. industrial production for computer and electronic product manufacturing,0.483,index,https://fred.stlouisfed.org/series/IPG3344S
fred_semiconductor_c292453a6fd5952e578f,1974-03-01,2026-08-11T03:34:54Z,fred_semiconductor,IPG3344S,U.S. industrial production for computer and electronic product manufacturing,0.045,index,https://fred.stlouisfed.org/series/IPG3344S
fred_semiconductor_c2b527c95fa7d90a9886,2014-10-01,2026-08-11T03:34:54Z,fred_semiconductor,IPG3344S,U.S. industrial production for computer and electronic product manufacturing,82.3956,index,https://fred.stlouisfed.org/series/IPG3344S
fred_semiconductor_c2cf64fbfc5111d4d993,1986-05-01,2026-08-04T05:04:10Z,fred_semiconductor,PCU3344133441,Semiconductor and related device manufacturing producer price index,102.1,index,https://fred.stlouisfed.org/graph/fredgraph.csv?id=PCU3344133441
fred_semiconductor_c2fa14edf7ce3e0a4465,1974-01-01,2026-08-11T03:34:54Z,fred_semiconductor,IPG3344S,U.S. industrial production for computer and electronic product manufacturing,0.0446,index,https://fred.stlouisfed.org/series/IPG3344S
fred_semiconductor_c30d3ca1036c5bc7b91f,1992-04-01,2026-08-11T03:34:54Z,fred_semiconductor,IPG3344S,U.S. industrial production for computer and electronic product manufacturing,0.3725,index,https://fred.stlouisfed.org/series/IPG3344S
fred_semiconductor_c355149f7d5aca3eb82d,2013-04-01,2026-08-04T05:04:10Z,fred_semiconductor,PCU3344133441,Semiconductor and related device manufacturing producer price index,59.2,index,https://fred.stlouisfed.org/graph/fredgraph.csv?id=PCU3344133441
fred_semiconductor_c372c5b0d29b7250591f,2005-07-01,2026-08-11T03:34:54Z,fred_semiconductor,IPG3344S,U.S. industrial production for computer and electronic product manufacturing,19.8457,index,https://fred.stlouisfed.org/series/IPG3344S
fred_semiconductor_c385e922f2c5cd21c635,1999-02-01,2026-08-04T05:04:10Z,fred_semiconductor,PCU3344133441,Semiconductor and related device manufacturing producer price index,90.7,index,https://fred.stlouisfed.org/graph/fredgraph.csv?id=PCU3344133441
fred_semiconductor_c3a6a96a889bab7608ab,1987-06-01,2026-08-04T05:04:10Z,fred_semiconductor,PCU3344133441,Semiconductor and related device manufacturing producer price index,102.2,index,https://fred.stlouisfed.org/graph/fredgraph.csv?id=PCU3344133441
fred_semiconductor_c3b6b0228da5f5a45305,2013-06-01,2026-08-11T03:34:54Z,fred_semiconductor,CUSR0000SEEE01,"U.S. consumer price index for computers, peripherals, and smart home assistants",56.745,index,https://fred.stlouisfed.org/series/CUSR0000SEEE01
fred_semiconductor_c3bbae4406b2de1b7568,2017-03-01,2026-08-11T03:34:54Z,fred_semiconductor,IPG3344S,U.S. industrial production for computer and electronic product manufacturing,97.5229,index,https://fred.stlouisfed.org/series/IPG3344S
fred_semiconductor_c413535768b333e11f82,1991-08-01,2026-08-11T03:34:54Z,fred_semiconductor,IPG3344S,U.S. industrial production for computer and electronic product manufacturing,0.3373,index,https://fred.stlouisfed.org/series/IPG3344S
fred_semiconductor_c443d04970780a1d6582,1980-12-01,2026-08-11T03:34:54Z,fred_semiconductor,IPG3344S,U.S. industrial production for computer and electronic product manufacturing,0.09,index,https://fred.stlouisfed.org/series/IPG3344S
fred_semiconductor_c483ccbe38457e0008e4,2006-09-01,2026-08-11T03:34:54Z,fred_semiconductor,IPG3344S,U.S. industrial production for computer and electronic product manufacturing,23.5311,index,https://fred.stlouisfed.org/series/IPG3344S
fred_semiconductor_c4871ece8074f0b7718c,2020-05-01,2026-08-11T03:34:54Z,fred_semiconductor,CUSR0000SEEE01,"U.S. consumer price index for computers, peripherals, and smart home assistants",38.629,index,https://fred.stlouisfed.org/series/CUSR0000SEEE01
fred_semiconductor_c4a375fd634bebc08c04,2007-11-01,2026-08-11T03:34:54Z,fred_semiconductor,IPG3344S,U.S. industrial production for computer and electronic product manufacturing,33.2623,index,https://fred.stlouisfed.org/series/IPG3344S
fred_semiconductor_c5165a971f31a197f67c,2006-11-01,2026-08-11T03:34:54Z,fred_semiconductor,CUSR0000SEEE01,"U.S. consumer price index for computers, peripherals, and smart home assistants",116.1,index,https://fred.stlouisfed.org/series/CUSR0000SEEE01
fred_semiconductor_c5183b703d54ef2a38d5,2010-01-01,2026-08-11T03:34:54Z,fred_semiconductor,CUSR0000SEEE01,"U.S. consumer price index for computers, peripherals, and smart home assistants",78.18,index,https://fred.stlouisfed.org/series/CUSR0000SEEE01
fred_semiconductor_c5214cbde29d38718d43,2023-02-01,2026-08-11T03:34:54Z,fred_semiconductor,IPG3344S,U.S. industrial production for computer and electronic product manufacturing,133.54,index,https://fred.stlouisfed.org/series/IPG3344S
fred_semiconductor_c52fba01a0edd9601cbe,1986-07-01,2026-08-11T03:34:54Z,fred_semiconductor,IPG3344S,U.S. industrial production for computer and electronic product manufacturing,0.1741,index,https://fred.stlouisfed.org/series/IPG3344S
fred_semiconductor_c573ef696fa306534666,2025-10-01,2026-08-04T05:04:10Z,fred_semiconductor,PCU3344133441,Semiconductor and related device manufacturing producer price index,60.125,index,https://fred.stlouisfed.org/graph/fredgraph.csv?id=PCU3344133441
fred_semiconductor_c58ce08f6af3b4e86d82,2012-09-01,2026-08-11T03:34:54Z,fred_semiconductor,CUSR0000SEEE01,"U.S. consumer price index for computers, peripherals, and smart home assistants",61.403,index,https://fred.stlouisfed.org/series/CUSR0000SEEE01
fred_semiconductor_c5c40f115ef34b28860e,2013-08-01,2026-08-11T03:34:54Z,fred_semiconductor,CUSR0000SEEE01,"U.S. consumer price index for computers, peripherals, and smart home assistants",55.917,index,https://fred.stlouisfed.org/series/CUSR0000SEEE01
fred_semiconductor_c5e4994a8c23ab93d689,1989-08-01,2026-08-04T05:04:10Z,fred_semiconductor,PCU3344133441,Semiconductor and related device manufacturing producer price index,105.3,index,https://fred.stlouisfed.org/graph/fredgraph.csv?id=PCU3344133441
fred_semiconductor_c5f61affc64577b685d3,2002-05-01,2026-08-04T05:04:10Z,fred_semiconductor,PCU3344133441,Semiconductor and related device manufacturing producer price index,84.9,index,https://fred.stlouisfed.org/graph/fredgraph.csv?id=PCU3344133441
fred_semiconductor_c60a2d7dbe752b2b9797,2015-08-01,2026-08-11T03:34:54Z,fred_semiconductor,IPG3344S,U.S. industrial production for computer and electronic product manufacturing,80.2585,index,https://fred.stlouisfed.org/series/IPG3344S
fred_semiconductor_c628627e5c4f4312abe3,2025-07-01,2026-08-04T05:04:10Z,fred_semiconductor,PCU3344133441,Semiconductor and related device manufacturing producer price index,57.576,index,https://fred.stlouisfed.org/graph/fredgraph.csv?id=PCU3344133441
fred_semiconductor_c6bd9c00ed8ece141001,2023-12-01,2026-08-04T05:04:10Z,fred_semiconductor,PCU3344133441,Semiconductor and related device manufacturing producer price index,57.547,index,https://fred.stlouisfed.org/graph/fredgraph.csv?id=PCU3344133441
fred_semiconductor_c6cda17c9d5b7fcfa92f,2018-04-01,2026-08-11T03:34:54Z,fred_semiconductor,CUSR0000SEEE01,"U.S. consumer price index for computers, peripherals, and smart home assistants",41.424,index,https://fred.stlouisfed.org/series/CUSR0000SEEE01
fred_semiconductor_c6ecbb236bec22df1007,1997-12-01,2026-08-11T03:34:54Z,fred_semiconductor,IPG3344S,U.S. industrial production for computer and electronic product manufacturing,2.3681,index,https://fred.stlouisfed.org/series/IPG3344S
fred_semiconductor_c7492bb852ccb8882664,2023-03-01,2026-08-04T05:04:10Z,fred_semiconductor,PCU3344133441,Semiconductor and related device manufacturing producer price index,57.302,index,https://fred.stlouisfed.org/graph/fredgraph.csv?id=PCU3344133441
fred_semiconductor_c763d829ad0e4b138cfe,2008-11-01,2026-08-11T03:34:54Z,fred_semiconductor,IPG3344S,U.S. industrial production for computer and electronic product manufacturing,29.6703,index,https://fred.stlouisfed.org/series/IPG3344S
fred_semiconductor_c7642090691a4b315785,2019-03-01,2026-08-04T05:04:10Z,fred_semiconductor,PCU3344133441,Semiconductor and related device manufacturing producer price index,55.1,index,https://fred.stlouisfed.org/graph/fredgraph.csv?id=PCU3344133441
fred_semiconductor_c7d1c79632bb46d4edd5,2024-01-01,2026-08-11T03:34:54Z,fred_semiconductor,CUSR0000SEEE01,"U.S. consumer price index for computers, peripherals, and smart home assistants",36.441,index,https://fred.stlouisfed.org/series/CUSR0000SEEE01
fred_semiconductor_c7f46dde2745cc7c84fd,1986-04-01,2026-08-04T05:04:10Z,fred_semiconductor,PCU3344133441,Semiconductor and related device manufacturing producer price index,102.0,index,https://fred.stlouisfed.org/graph/fredgraph.csv?id=PCU3344133441
fred_semiconductor_c891c195a399cef95fd3,2003-05-01,2026-08-11T03:34:54Z,fred_semiconductor,IPG3344S,U.S. industrial production for computer and electronic product manufacturing,11.5326,index,https://fred.stlouisfed.org/series/IPG3344S
fred_semiconductor_c8e2306d582ca90c5d0c,2014-02-01,2026-08-11T03:34:54Z,fred_semiconductor,IPG3344S,U.S. industrial production for computer and electronic product manufacturing,76.7132,index,https://fred.stlouisfed.org/series/IPG3344S
fred_semiconductor_c912da3a9c016ff49f57,1985-04-01,2026-08-04T05:04:10Z,fred_semiconductor,PCU3344133441,Semiconductor and related device manufacturing producer price index,100.6,index,https://fred.stlouisfed.org/graph/fredgraph.csv?id=PCU3344133441
fred_semiconductor_c92365f20980dffde1cf,1998-11-01,2026-08-04T05:04:10Z,fred_semiconductor,PCU3344133441,Semiconductor and related device manufacturing producer price index,91.0,index,https://fred.stlouisfed.org/graph/fredgraph.csv?id=PCU3344133441
fred_semiconductor_c9ca3b70c52329555029,1996-04-01,2026-08-04T05:04:10Z,fred_semiconductor,PCU3344133441,Semiconductor and related device manufacturing producer price index,99.7,index,https://fred.stlouisfed.org/graph/fredgraph.csv?id=PCU3344133441
fred_semiconductor_c9dfecfdc4c05ca5f2d6,1973-01-01,2026-08-11T03:34:54Z,fred_semiconductor,IPG3344S,U.S. industrial production for computer and electronic product manufacturing,0.0356,index,https://fred.stlouisfed.org/series/IPG3344S
fred_semiconductor_ca282eac940d33c47979,2013-10-01,2026-08-04T05:04:10Z,fred_semiconductor,PCU3344133441,Semiconductor and related device manufacturing producer price index,59.3,index,https://fred.stlouisfed.org/graph/fredgraph.csv?id=PCU3344133441
fred_semiconductor_ca2aec5c9cc15583442d,2022-01-01,2026-08-11T03:34:54Z,fred_semiconductor,CUSR0000SEEE01,"U.S. consumer price index for computers, peripherals, and smart home assistants",39.651,index,https://fred.stlouisfed.org/series/CUSR0000SEEE01
fred_semiconductor_ca945e5eee020fa219b3,2024-04-01,2026-08-04T05:04:10Z,fred_semiconductor,PCU3344133441,Semiconductor and related device manufacturing producer price index,58.256,index,https://fred.stlouisfed.org/graph/fredgraph.csv?id=PCU3344133441
fred_semiconductor_caa108f0960e5808ce54,1997-08-01,2026-08-04T05:04:10Z,fred_semiconductor,PCU3344133441,Semiconductor and related device manufacturing producer price index,94.2,index,https://fred.stlouisfed.org/graph/fredgraph.csv?id=PCU3344133441
fred_semiconductor_caa687f91cc941aadb48,2026-02-01,2026-08-11T03:34:54Z,fred_semiconductor,CUSR0000SEEE01,"U.S. consumer price index for computers, peripherals, and smart home assistants",34.782,index,https://fred.stlouisfed.org/series/CUSR0000SEEE01
fred_semiconductor_caf82f80fa7635f890e3,2002-12-01,2026-08-11T03:34:54Z,fred_semiconductor,IPG3344S,U.S. industrial production for computer and electronic product manufacturing,10.0899,index,https://fred.stlouisfed.org/series/IPG3344S
fred_semiconductor_cb9b73edc6fb9aad49ed,2024-10-01,2026-08-11T03:34:54Z,fred_semiconductor,CUSR0000SEEE01,"U.S. consumer price index for computers, peripherals, and smart home assistants",34.849,index,https://fred.stlouisfed.org/series/CUSR0000SEEE01
fred_semiconductor_cc501a444af190d96002,2022-05-01,2026-08-11T03:34:54Z,fred_semiconductor,IPG3344S,U.S. industrial production for computer and electronic product manufacturing,128.77,index,https://fred.stlouisfed.org/series/IPG3344S
fred_semiconductor_cc62fb712fed2a4b967b,2025-08-01,2026-08-04T05:04:10Z,fred_semiconductor,PCU3344133441,Semiconductor and related device manufacturing producer price index,59.637,index,https://fred.stlouisfed.org/graph/fredgraph.csv?id=PCU3344133441
fred_semiconductor_cc68c978bb5dbd83e78f,1978-12-01,2026-08-11T03:34:54Z,fred_semiconductor,IPG3344S,U.S. industrial production for computer and electronic product manufacturing,0.0701,index,https://fred.stlouisfed.org/series/IPG3344S
fred_semiconductor_cca0e3bb044cf7cab25b,1999-01-01,2026-08-04T05:04:10Z,fred_semiconductor,PCU3344133441,Semiconductor and related device manufacturing producer price index,90.8,index,https://fred.stlouisfed.org/graph/fredgraph.csv?id=PCU3344133441
fred_semiconductor_ccd5d37010551e2a50aa,1985-08-01,2026-08-11T03:34:54Z,fred_semiconductor,IPG3344S,U.S. industrial production for computer and electronic product manufacturing,0.1616,index,https://fred.stlouisfed.org/series/IPG3344S
fred_semiconductor_cd0f85615933a59ad702,2006-07-01,2026-08-11T03:34:54Z,fred_semiconductor,CUSR0000SEEE01,"U.S. consumer price index for computers, peripherals, and smart home assistants",118.9,index,https://fred.stlouisfed.org/series/CUSR0000SEEE01
fred_semiconductor_cd49260bf4690513ad99,2013-03-01,2026-08-04T05:04:10Z,fred_semiconductor,PCU3344133441,Semiconductor and related device manufacturing producer price index,58.7,index,https://fred.stlouisfed.org/graph/fredgraph.csv?id=PCU3344133441
fred_semiconductor_cdcadfbf8311244fe6c5,2008-01-01,2026-08-11T03:34:54Z,fred_semiconductor,CUSR0000SEEE01,"U.S. consumer price index for computers, peripherals, and smart home assistants",100.636,index,https://fred.stlouisfed.org/series/CUSR0000SEEE01
fred_semiconductor_cdff34ab56a94d9f22a1,2016-11-01,2026-08-11T03:34:54Z,fred_semiconductor,IPG3344S,U.S. industrial production for computer and electronic product manufacturing,93.5939,index,https://fred.stlouisfed.org/series/IPG3344S
fred_semiconductor_ce2b9177cd9e72164c14,1974-12-01,2026-08-11T03:34:54Z,fred_semiconductor,IPG3344S,U.S. industrial production for computer and electronic product manufacturing,0.035,index,https://fred.stlouisfed.org/series/IPG3344S
fred_semiconductor_ce6e31ea4e156778c49f,2006-11-01,2026-08-11T03:34:54Z,fred_semiconductor,IPG3344S,U.S. industrial production for computer and electronic product manufacturing,24.1796,index,https://fred.stlouisfed.org/series/IPG3344S
fred_semiconductor_ce73ea024110cb1f60ec,2004-10-01,2026-08-11T03:34:54Z,fred_semiconductor,IPG3344S,U.S. industrial production for computer and electronic product manufacturing,16.5854,index,https://fred.stlouisfed.org/series/IPG3344S
fred_semiconductor_ced1d42a448bc5d7e581,1988-08-01,2026-08-04T05:04:10Z,fred_semiconductor,PCU3344133441,Semiconductor and related device manufacturing producer price index,104.4,index,https://fred.stlouisfed.org/graph/fredgraph.csv?id=PCU3344133441
fred_semiconductor_cf198929cee52a62c8b1,2021-09-01,2026-08-11T03:34:54Z,fred_semiconductor,CUSR0000SEEE01,"U.S. consumer price index for computers, peripherals, and smart home assistants",40.649,index,https://fred.stlouisfed.org/series/CUSR0000SEEE01
fred_semiconductor_cf1a02fae14fe4a0c9ec,2019-07-01,2026-08-04T05:04:10Z,fred_semiconductor,PCU3344133441,Semiconductor and related device manufacturing producer price index,55.4,index,https://fred.stlouisfed.org/graph/fredgraph.csv?id=PCU3344133441
fred_semiconductor_cf6162767f8f071af8c0,2019-08-01,2026-08-11T03:34:54Z,fred_semiconductor,CUSR0000SEEE01,"U.S. consumer price index for computers, peripherals, and smart home assistants",40.056,index,https://fred.stlouisfed.org/series/CUSR0000SEEE01
fred_semiconductor_cf67f5ad90ad072a1cbc,1991-01-01,2026-08-04T05:04:10Z,fred_semiconductor,PCU3344133441,Semiconductor and related device manufacturing producer price index,105.4,index,https://fred.stlouisfed.org/graph/fredgraph.csv?id=PCU3344133441
fred_semiconductor_cfad3c6f2adc213bb6f5,2026-04-01,2026-08-11T03:34:54Z,fred_semiconductor,IPG3344S,U.S. industrial production for computer and electronic product manufacturing,176.4452,index,https://fred.stlouisfed.org/series/IPG3344S
fred_semiconductor_cfee392b31b249013949,2024-07-01,2026-08-04T05:04:10Z,fred_semiconductor,PCU3344133441,Semiconductor and related device manufacturing producer price index,57.463,index,https://fred.stlouisfed.org/graph/fredgraph.csv?id=PCU3344133441
fred_semiconductor_cff7b1477412d9962800,2020-04-01,2026-08-04T05:04:10Z,fred_semiconductor,PCU3344133441,Semiconductor and related device manufacturing producer price index,54.9,index,https://fred.stlouisfed.org/graph/fredgraph.csv?id=PCU3344133441
fred_semiconductor_d0109f31cb30303264f5,1993-09-01,2026-08-11T03:34:54Z,fred_semiconductor,IPG3344S,U.S. industrial production for computer and electronic product manufacturing,0.4631,index,https://fred.stlouisfed.org/series/IPG3344S
fred_semiconductor_d0470351647446f86a35,2011-11-01,2026-08-04T05:04:10Z,fred_semiconductor,PCU3344133441,Semiconductor and related device manufacturing producer price index,60.7,index,https://fred.stlouisfed.org/graph/fredgraph.csv?id=PCU3344133441
fred_semiconductor_d049c75c11439417984b,2015-02-01,2026-08-11T03:34:54Z,fred_semiconductor,CUSR0000SEEE01,"U.S. consumer price index for computers, peripherals, and smart home assistants",49.146,index,https://fred.stlouisfed.org/series/CUSR0000SEEE01
fred_semiconductor_d057e3b851c360d0e99f,1998-07-01,2026-08-11T03:34:54Z,fred_semiconductor,IPG3344S,U.S. industrial production for computer and electronic product manufacturing,2.8884,index,https://fred.stlouisfed.org/series/IPG3344S
fred_semiconductor_d0f68b21cc38233b12d4,2018-06-01,2026-08-11T03:34:54Z,fred_semiconductor,IPG3344S,U.S. industrial production for computer and electronic product manufacturing,107.3727,index,https://fred.stlouisfed.org/series/IPG3344S
fred_semiconductor_d12eab4d5b2bf8e0ed7e,2009-12-01,2026-08-11T03:34:54Z,fred_semiconductor,IPG3344S,U.S. industrial production for computer and electronic product manufacturing,35.8859,index,https://fred.stlouisfed.org/series/IPG3344S
fred_semiconductor_d13df65f9e774f5933e9,2006-02-01,2026-08-04T05:04:10Z,fred_semiconductor,PCU3344133441,Semiconductor and related device manufacturing producer price index,74.3,index,https://fred.stlouisfed.org/graph/fredgraph.csv?id=PCU3344133441
fred_semiconductor_d15d7735c9c496ad6677,1986-09-01,2026-08-11T03:34:54Z,fred_semiconductor,IPG3344S,U.S. industrial production for computer and electronic product manufacturing,0.1823,index,https://fred.stlouisfed.org/series/IPG3344S
fred_semiconductor_d17d010d1d0c60eacb49,2007-07-01,2026-08-11T03:34:54Z,fred_semiconductor,IPG3344S,U.S. industrial production for computer and electronic product manufacturing,29.4484,index,https://fred.stlouisfed.org/series/IPG3344S
fred_semiconductor_d17f9db77d0ce01b4a97,2011-01-01,2026-08-04T05:04:10Z,fred_semiconductor,PCU3344133441,Semiconductor and related device manufacturing producer price index,61.9,index,https://fred.stlouisfed.org/graph/fredgraph.csv?id=PCU3344133441
fred_semiconductor_d18056afd48b8c4ec13e,2016-07-01,2026-08-11T03:34:54Z,fred_semiconductor,CUSR0000SEEE01,"U.S. consumer price index for computers, peripherals, and smart home assistants",44.205,index,https://fred.stlouisfed.org/series/CUSR0000SEEE01
fred_semiconductor_d1f054f83392aa3318f7,2020-09-01,2026-08-11T03:34:54Z,fred_semiconductor,CUSR0000SEEE01,"U.S. consumer price index for computers, peripherals, and smart home assistants",37.459,index,https://fred.stlouisfed.org/series/CUSR0000SEEE01
fred_semiconductor_d242ea86e3465e60b9aa,2015-05-01,2026-08-04T05:04:10Z,fred_semiconductor,PCU3344133441,Semiconductor and related device manufacturing producer price index,58.7,index,https://fred.stlouisfed.org/graph/fredgraph.csv?id=PCU3344133441
fred_semiconductor_d25e7ceb90633c540515,2017-02-01,2026-08-11T03:34:54Z,fred_semiconductor,IPG3344S,U.S. industrial production for computer and electronic product manufacturing,96.0273,index,https://fred.stlouisfed.org/series/IPG3344S
fred_semiconductor_d2ca5b8ff2674140dd20,1993-08-01,2026-08-04T05:04:10Z,fred_semiconductor,PCU3344133441,Semiconductor and related device manufacturing producer price index,105.3,index,https://fred.stlouisfed.org/graph/fredgraph.csv?id=PCU3344133441
fred_semiconductor_d2e29ab313e863cbf62c,1972-11-01,2026-08-11T03:34:54Z,fred_semiconductor,IPG3344S,U.S. industrial production for computer and electronic product manufacturing,0.0334,index,https://fred.stlouisfed.org/series/IPG3344S
fred_semiconductor_d2f5bf42505a878ba6a4,2004-04-01,2026-08-04T05:04:10Z,fred_semiconductor,PCU3344133441,Semiconductor and related device manufacturing producer price index,78.8,index,https://fred.stlouisfed.org/graph/fredgraph.csv?id=PCU3344133441
fred_semiconductor_d31ee9510c2f4e715e0f,2025-02-01,2026-08-11T03:34:54Z,fred_semiconductor,IPG3344S,U.S. industrial production for computer and electronic product manufacturing,159.6876,index,https://fred.stlouisfed.org/series/IPG3344S
fred_semiconductor_d36426ef0c18c84f711e,2014-08-01,2026-08-11T03:34:54Z,fred_semiconductor,IPG3344S,U.S. industrial production for computer and electronic product manufacturing,82.6163,index,https://fred.stlouisfed.org/series/IPG3344S
fred_semiconductor_d3713ee906915457aacc,2003-09-01,2026-08-11T03:34:54Z,fred_semiconductor,IPG3344S,U.S. industrial production for computer and electronic product manufacturing,13.4829,index,https://fred.stlouisfed.org/series/IPG3344S
fred_semiconductor_d39b4bc37d034a4697aa,1989-11-01,2026-08-04T05:04:10Z,fred_semiconductor,PCU3344133441,Semiconductor and related device manufacturing producer price index,105.3,index,https://fred.stlouisfed.org/graph/fredgraph.csv?id=PCU3344133441
fred_semiconductor_d3bb615881d763cdbddd,2006-04-01,2026-08-11T03:34:54Z,fred_semiconductor,CUSR0000SEEE01,"U.S. consumer price index for computers, peripherals, and smart home assistants",123.0,index,https://fred.stlouisfed.org/series/CUSR0000SEEE01
fred_semiconductor_d3d4ae06222c3cbe2d7d,2009-02-01,2026-08-11T03:34:54Z,fred_semiconductor,IPG3344S,U.S. industrial production for computer and electronic product manufacturing,26.4467,index,https://fred.stlouisfed.org/series/IPG3344S
fred_semiconductor_d3d855ee2f029dad47f8,2006-08-01,2026-08-04T05:04:10Z,fred_semiconductor,PCU3344133441,Semiconductor and related device manufacturing producer price index,75.3,index,https://fred.stlouisfed.org/graph/fredgraph.csv?id=PCU3344133441
fred_semiconductor_d41f00c3ff6eb949947e,1986-06-01,2026-08-11T03:34:54Z,fred_semiconductor,IPG3344S,U.S. industrial production for computer and electronic product manufacturing,0.1641,index,https://fred.stlouisfed.org/series/IPG3344S
fred_semiconductor_d45f0a20869bfc51db52,2024-01-01,2026-08-04T05:04:10Z,fred_semiconductor,PCU3344133441,Semiconductor and related device manufacturing producer price index,57.884,index,https://fred.stlouisfed.org/graph/fredgraph.csv?id=PCU3344133441
fred_semiconductor_d4784d463b50be4e57ba,2010-03-01,2026-08-11T03:34:54Z,fred_semiconductor,CUSR0000SEEE01,"U.S. consumer price index for computers, peripherals, and smart home assistants",77.649,index,https://fred.stlouisfed.org/series/CUSR0000SEEE01
fred_semiconductor_d4870db5376df3b61d33,2022-06-01,2026-08-11T03:34:54Z,fred_semiconductor,IPG3344S,U.S. industrial production for computer and electronic product manufacturing,131.2495,index,https://fred.stlouisfed.org/series/IPG3344S
fred_semiconductor_d4b3fce1b5636163ed07,2022-10-01,2026-08-04T05:04:10Z,fred_semiconductor,PCU3344133441,Semiconductor and related device manufacturing producer price index,57.323,index,https://fred.stlouisfed.org/graph/fredgraph.csv?id=PCU3344133441
fred_semiconductor_d4bf0df647a0d594967a,2018-08-01,2026-08-11T03:34:54Z,fred_semiconductor,CUSR0000SEEE01,"U.S. consumer price index for computers, peripherals, and smart home assistants",40.575,index,https://fred.stlouisfed.org/series/CUSR0000SEEE01
fred_semiconductor_d4db5164ec5ee62e316b,2024-07-01,2026-08-11T03:34:54Z,fred_semiconductor,IPG3344S,U.S. industrial production for computer and electronic product manufacturing,143.4068,index,https://fred.stlouisfed.org/series/IPG3344S
fred_semiconductor_d52a54b3b24cef0d7faa,2019-08-01,2026-08-04T05:04:10Z,fred_semiconductor,PCU3344133441,Semiconductor and related device manufacturing producer price index,55.5,index,https://fred.stlouisfed.org/graph/fredgraph.csv?id=PCU3344133441
fred_semiconductor_d59151079aca3f4dc33e,2021-11-01,2026-08-11T03:34:54Z,fred_semiconductor,CUSR0000SEEE01,"U.S. consumer price index for computers, peripherals, and smart home assistants",39.78,index,https://fred.stlouisfed.org/series/CUSR0000SEEE01
fred_semiconductor_d5974a34bdd7d62b8668,2005-04-01,2026-08-11T03:34:54Z,fred_semiconductor,CUSR0000SEEE01,"U.S. consumer price index for computers, peripherals, and smart home assistants",147.9,index,https://fred.stlouisfed.org/series/CUSR0000SEEE01
fred_semiconductor_d5fbae67bddabf28ddcf,1975-05-01,2026-08-11T03:34:54Z,fred_semiconductor,IPG3344S,U.S. industrial production for computer and electronic product manufacturing,0.0321,index,https://fred.stlouisfed.org/series/IPG3344S
fred_semiconductor_d6086c4ea7b124b50337,2010-06-01,2026-08-11T03:34:54Z,fred_semiconductor,CUSR0000SEEE01,"U.S. consumer price index for computers, peripherals, and smart home assistants",75.584,index,https://fred.stlouisfed.org/series/CUSR0000SEEE01
fred_semiconductor_d618d7f0d80ee77c453b,2002-10-01,2026-08-11T03:34:54Z,fred_semiconductor,IPG3344S,U.S. industrial production for computer and electronic product manufacturing,9.873,index,https://fred.stlouisfed.org/series/IPG3344S
fred_semiconductor_d67ac0bbeb3211361af7,2022-04-01,2026-08-04T05:04:10Z,fred_semiconductor,PCU3344133441,Semiconductor and related device manufacturing producer price index,56.498,index,https://fred.stlouisfed.org/graph/fredgraph.csv?id=PCU3344133441
fred_semiconductor_d69a08662bb2789948ab,1976-11-01,2026-08-11T03:34:54Z,fred_semiconductor,IPG3344S,U.S. industrial production for computer and electronic product manufacturing,0.0481,index,https://fred.stlouisfed.org/series/IPG3344S
fred_semiconductor_d6b45bea241512bef79a,2007-01-01,2026-08-04T05:04:10Z,fred_semiconductor,PCU3344133441,Semiconductor and related device manufacturing producer price index,75.4,index,https://fred.stlouisfed.org/graph/fredgraph.csv?id=PCU3344133441
fred_semiconductor_d6dfd2ea3ccafa60b553,2007-05-01,2026-08-11T03:34:54Z,fred_semiconductor,IPG3344S,U.S. industrial production for computer and electronic product manufacturing,27.624,index,https://fred.stlouisfed.org/series/IPG3344S
fred_semiconductor_d6ea7795f667b4839901,2001-12-01,2026-08-04T05:04:10Z,fred_semiconductor,PCU3344133441,Semiconductor and related device manufacturing producer price index,85.4,index,https://fred.stlouisfed.org/graph/fredgraph.csv?id=PCU3344133441
fred_semiconductor_d7035cd9f48271d64d8e,2003-06-01,2026-08-04T05:04:10Z,fred_semiconductor,PCU3344133441,Semiconductor and related device manufacturing producer price index,82.1,index,https://fred.stlouisfed.org/graph/fredgraph.csv?id=PCU3344133441
fred_semiconductor_d7319a13d9ff5f13b175,2003-12-01,2026-08-11T03:34:54Z,fred_semiconductor,IPG3344S,U.S. industrial production for computer and electronic product manufacturing,14.5241,index,https://fred.stlouisfed.org/series/IPG3344S
fred_semiconductor_d7904b4362c56fabbeeb,2009-08-01,2026-08-11T03:34:54Z,fred_semiconductor,IPG3344S,U.S. industrial production for computer and electronic product manufacturing,31.7491,index,https://fred.stlouisfed.org/series/IPG3344S
fred_semiconductor_d79e0043838a7dd295fd,2009-05-01,2026-08-11T03:34:54Z,fred_semiconductor,IPG3344S,U.S. industrial production for computer and electronic product manufacturing,28.8107,index,https://fred.stlouisfed.org/series/IPG3344S
fred_semiconductor_d7f73514357dddbc6dc3,2023-01-01,2026-08-11T03:34:54Z,fred_semiconductor,CUSR0000SEEE01,"U.S. consumer price index for computers, peripherals, and smart home assistants",37.21,index,https://fred.stlouisfed.org/series/CUSR0000SEEE01
fred_semiconductor_d819164adc522103dd05,2006-02-01,2026-08-11T03:34:54Z,fred_semiconductor,CUSR0000SEEE01,"U.S. consumer price index for computers, peripherals, and smart home assistants",128.4,index,https://fred.stlouisfed.org/series/CUSR0000SEEE01
fred_semiconductor_d880adac55195ff052a6,2011-06-01,2026-08-11T03:34:54Z,fred_semiconductor,IPG3344S,U.S. industrial production for computer and electronic product manufacturing,54.2273,index,https://fred.stlouisfed.org/series/IPG3344S
fred_semiconductor_d882e4de466a50d155e8,1999-08-01,2026-08-04T05:04:10Z,fred_semiconductor,PCU3344133441,Semiconductor and related device manufacturing producer price index,89.9,index,https://fred.stlouisfed.org/graph/fredgraph.csv?id=PCU3344133441
fred_semiconductor_d8f5d87d4986e9d9437f,1972-09-01,2026-08-11T03:34:54Z,fred_semiconductor,IPG3344S,U.S. industrial production for computer and electronic product manufacturing,0.0309,index,https://fred.stlouisfed.org/series/IPG3344S
fred_semiconductor_d9014d4826912be6633e,2004-12-01,2026-08-04T05:04:10Z,fred_semiconductor,PCU3344133441,Semiconductor and related device manufacturing producer price index,78.1,index,https://fred.stlouisfed.org/graph/fredgraph.csv?id=PCU3344133441
fred_semiconductor_d916d25adbd123220dc2,2003-08-01,2026-08-04T05:04:10Z,fred_semiconductor,PCU3344133441,Semiconductor and related device manufacturing producer price index,80.0,index,https://fred.stlouisfed.org/graph/fredgraph.csv?id=PCU3344133441
fred_semiconductor_d91ce000eca7470f01d3,2004-02-01,2026-08-04T05:04:10Z,fred_semiconductor,PCU3344133441,Semiconductor and related device manufacturing producer price index,78.4,index,https://fred.stlouisfed.org/graph/fredgraph.csv?id=PCU3344133441
fred_semiconductor_d920b6bea2ce2a136be4,1982-05-01,2026-08-11T03:34:54Z,fred_semiconductor,IPG3344S,U.S. industrial production for computer and electronic product manufacturing,0.1081,index,https://fred.stlouisfed.org/series/IPG3344S
fred_semiconductor_d9288833b675beab2179,2023-07-01,2026-08-04T05:04:10Z,fred_semiconductor,PCU3344133441,Semiconductor and related device manufacturing producer price index,56.929,index,https://fred.stlouisfed.org/graph/fredgraph.csv?id=PCU3344133441
fred_semiconductor_d9386eb499839f56ae68,1998-06-01,2026-08-04T05:04:10Z,fred_semiconductor,PCU3344133441,Semiconductor and related device manufacturing producer price index,92.0,index,https://fred.stlouisfed.org/graph/fredgraph.csv?id=PCU3344133441
fred_semiconductor_d949edcd70e4a8e7f8fd,2011-05-01,2026-08-04T05:04:10Z,fred_semiconductor,PCU3344133441,Semiconductor and related device manufacturing producer price index,62.0,index,https://fred.stlouisfed.org/graph/fredgraph.csv?id=PCU3344133441
fred_semiconductor_d97d708974f6873553c7,2022-04-01,2026-08-11T03:34:54Z,fred_semiconductor,CUSR0000SEEE01,"U.S. consumer price index for computers, peripherals, and smart home assistants",39.446,index,https://fred.stlouisfed.org/series/CUSR0000SEEE01
fred_semiconductor_d990099a24850fbf6360,2024-02-01,2026-08-04T05:04:10Z,fred_semiconductor,PCU3344133441,Semiconductor and related device manufacturing producer price index,58.055,index,https://fred.stlouisfed.org/graph/fredgraph.csv?id=PCU3344133441
fred_semiconductor_d9a9b020848723bd03d8,2024-04-01,2026-08-11T03:34:54Z,fred_semiconductor,IPG3344S,U.S. industrial production for computer and electronic product manufacturing,143.8737,index,https://fred.stlouisfed.org/series/IPG3344S
fred_semiconductor_d9bb2b62eab7d159d298,2024-12-01,2026-08-11T03:34:54Z,fred_semiconductor,CUSR0000SEEE01,"U.S. consumer price index for computers, peripherals, and smart home assistants",33.942,index,https://fred.stlouisfed.org/series/CUSR0000SEEE01
fred_semiconductor_d9dcec380213f77a014e,2016-05-01,2026-08-04T05:04:10Z,fred_semiconductor,PCU3344133441,Semiconductor and related device manufacturing producer price index,57.5,index,https://fred.stlouisfed.org/graph/fredgraph.csv?id=PCU3344133441
fred_semiconductor_d9f4ec85d4dfbbebe501,2017-08-01,2026-08-11T03:34:54Z,fred_semiconductor,CUSR0000SEEE01,"U.S. consumer price index for computers, peripherals, and smart home assistants",42.451,index,https://fred.stlouisfed.org/series/CUSR0000SEEE01
fred_semiconductor_da25eb4ecbf863a74216,1985-03-01,2026-08-11T03:34:54Z,fred_semiconductor,IPG3344S,U.S. industrial production for computer and electronic product manufacturing,0.1736,index,https://fred.stlouisfed.org/series/IPG3344S
fred_semiconductor_da385c32a9da3e8f987b,2011-03-01,2026-08-04T05:04:10Z,fred_semiconductor,PCU3344133441,Semiconductor and related device manufacturing producer price index,62.1,index,https://fred.stlouisfed.org/graph/fredgraph.csv?id=PCU3344133441
fred_semiconductor_da9824e891a7f74f58e8,2005-02-01,2026-08-11T03:34:54Z,fred_semiconductor,IPG3344S,U.S. industrial production for computer and electronic product manufacturing,18.1825,index,https://fred.stlouisfed.org/series/IPG3344S
fred_semiconductor_da99382671da7c593430,2002-06-01,2026-08-11T03:34:54Z,fred_semiconductor,IPG3344S,U.S. industrial production for computer and electronic product manufacturing,9.3702,index,https://fred.stlouisfed.org/series/IPG3344S
fred_semiconductor_dae5b1f569936dd35598,2004-07-01,2026-08-11T03:34:54Z,fred_semiconductor,IPG3344S,U.S. industrial production for computer and electronic product manufacturing,16.0467,index,https://fred.stlouisfed.org/series/IPG3344S
fred_semiconductor_db018870a16a0bae2b67,1983-02-01,2026-08-11T03:34:54Z,fred_semiconductor,IPG3344S,U.S. industrial production for computer and electronic product manufacturing,0.1122,index,https://fred.stlouisfed.org/series/IPG3344S
fred_semiconductor_db0d26bfc5fb0a5961bd,1996-11-01,2026-08-04T05:04:10Z,fred_semiconductor,PCU3344133441,Semiconductor and related device manufacturing producer price index,97.8,index,https://fred.stlouisfed.org/graph/fredgraph.csv?id=PCU3344133441
fred_semiconductor_db2d12ec0e4645a4e403,2001-05-01,2026-08-11T03:34:54Z,fred_semiconductor,IPG3344S,U.S. industrial production for computer and electronic product manufacturing,7.9237,index,https://fred.stlouisfed.org/series/IPG3344S
fred_semiconductor_db955a4458cda8da7e7c,2000-11-01,2026-08-11T03:34:54Z,fred_semiconductor,IPG3344S,U.S. industrial production for computer and electronic product manufacturing,8.0352,index,https://fred.stlouisfed.org/series/IPG3344S
fred_semiconductor_dbc4e523af2b964840ad,1994-06-01,2026-08-11T03:34:54Z,fred_semiconductor,IPG3344S,U.S. industrial production for computer and electronic product manufacturing,0.578,index,https://fred.stlouisfed.org/series/IPG3344S
fred_semiconductor_dbe6dfc8d6e7ce09c1e4,2010-09-01,2026-08-04T05:04:10Z,fred_semiconductor,PCU3344133441,Semiconductor and related device manufacturing producer price index,63.5,index,https://fred.stlouisfed.org/graph/fredgraph.csv?id=PCU3344133441
fred_semiconductor_dc07172ac48d46e4a73b,2016-08-01,2026-08-04T05:04:10Z,fred_semiconductor,PCU3344133441,Semiconductor and related device manufacturing producer price index,57.4,index,https://fred.stlouisfed.org/graph/fredgraph.csv?id=PCU3344133441
fred_semiconductor_dc1807f30bc49968b486,1981-08-01,2026-08-11T03:34:54Z,fred_semiconductor,IPG3344S,U.S. industrial production for computer and electronic product manufacturing,0.0987,index,https://fred.stlouisfed.org/series/IPG3344S
fred_semiconductor_dc186b7447a9a1e073bb,2013-03-01,2026-08-11T03:34:54Z,fred_semiconductor,IPG3344S,U.S. industrial production for computer and electronic product manufacturing,62.6561,index,https://fred.stlouisfed.org/series/IPG3344S
fred_semiconductor_dc2f0b67ff302e741458,2008-05-01,2026-08-11T03:34:54Z,fred_semiconductor,CUSR0000SEEE01,"U.S. consumer price index for computers, peripherals, and smart home assistants",96.561,index,https://fred.stlouisfed.org/series/CUSR0000SEEE01
fred_semiconductor_dc36cc110cf0ece4f50a,2021-02-01,2026-08-11T03:34:54Z,fred_semiconductor,IPG3344S,U.S. industrial production for computer and electronic product manufacturing,119.1051,index,https://fred.stlouisfed.org/series/IPG3344S
fred_semiconductor_dc5abf827c0b4f681b65,1986-03-01,2026-08-04T05:04:10Z,fred_semiconductor,PCU3344133441,Semiconductor and related device manufacturing producer price index,101.8,index,https://fred.stlouisfed.org/graph/fredgraph.csv?id=PCU3344133441
fred_semiconductor_dc69f01c8681b5c79a23,1999-05-01,2026-08-11T03:34:54Z,fred_semiconductor,IPG3344S,U.S. industrial production for computer and electronic product manufacturing,4.5252,index,https://fred.stlouisfed.org/series/IPG3344S
fred_semiconductor_dc76b2bc707fb21ad46f,1989-06-01,2026-08-04T05:04:10Z,fred_semiconductor,PCU3344133441,Semiconductor and related device manufacturing producer price index,105.2,index,https://fred.stlouisfed.org/graph/fredgraph.csv?id=PCU3344133441
fred_semiconductor_dd59a78467476b46227e,2017-06-01,2026-08-04T05:04:10Z,fred_semiconductor,PCU3344133441,Semiconductor and related device manufacturing producer price index,57.4,index,https://fred.stlouisfed.org/graph/fredgraph.csv?id=PCU3344133441
fred_semiconductor_dd680af21bf1178a2687,1989-05-01,2026-08-11T03:34:54Z,fred_semiconductor,IPG3344S,U.S. industrial production for computer and electronic product manufacturing,0.2579,index,https://fred.stlouisfed.org/series/IPG3344S
fred_semiconductor_dd825836f83543c5aacd,2007-11-01,2026-08-04T05:04:10Z,fred_semiconductor,PCU3344133441,Semiconductor and related device manufacturing producer price index,67.5,index,https://fred.stlouisfed.org/graph/fredgraph.csv?id=PCU3344133441
fred_semiconductor_ddfe42cb81cfae6401fa,2009-07-01,2026-08-11T03:34:54Z,fred_semiconductor,IPG3344S,U.S. industrial production for computer and electronic product manufacturing,30.8125,index,https://fred.stlouisfed.org/series/IPG3344S
fred_semiconductor_de01c771faeeb9e3d1fa,2011-08-01,2026-08-11T03:34:54Z,fred_semiconductor,CUSR0000SEEE01,"U.S. consumer price index for computers, peripherals, and smart home assistants",67.191,index,https://fred.stlouisfed.org/series/CUSR0000SEEE01
fred_semiconductor_de53e188db7fd207dffe,1973-12-01,2026-08-11T03:34:54Z,fred_semiconductor,IPG3344S,U.S. industrial production for computer and electronic product manufacturing,0.0445,index,https://fred.stlouisfed.org/series/IPG3344S
fred_semiconductor_de6223c5c82436fb9ae2,1980-05-01,2026-08-11T03:34:54Z,fred_semiconductor,IPG3344S,U.S. industrial production for computer and electronic product manufacturing,0.089,index,https://fred.stlouisfed.org/series/IPG3344S
fred_semiconductor_de65c8673ed618cc8747,2010-02-01,2026-08-04T05:04:10Z,fred_semiconductor,PCU3344133441,Semiconductor and related device manufacturing producer price index,64.7,index,https://fred.stlouisfed.org/graph/fredgraph.csv?id=PCU3344133441
fred_semiconductor_dea938e57c9a5897e736,2019-06-01,2026-08-11T03:34:54Z,fred_semiconductor,IPG3344S,U.S. industrial production for computer and electronic product manufacturing,106.7633,index,https://fred.stlouisfed.org/series/IPG3344S
fred_semiconductor_deb8f098a529a90d2b54,1995-09-01,2026-08-11T03:34:54Z,fred_semiconductor,IPG3344S,U.S. industrial production for computer and electronic product manufacturing,0.9276,index,https://fred.stlouisfed.org/series/IPG3344S
fred_semiconductor_debdfaf7b586ca5cb17a,1979-07-01,2026-08-11T03:34:54Z,fred_semiconductor,IPG3344S,U.S. industrial production for computer and electronic product manufacturing,0.0766,index,https://fred.stlouisfed.org/series/IPG3344S
fred_semiconductor_dedd0e610623b02b91bc,2000-10-01,2026-08-11T03:34:54Z,fred_semiconductor,IPG3344S,U.S. industrial production for computer and electronic product manufacturing,7.6973,index,https://fred.stlouisfed.org/series/IPG3344S
fred_semiconductor_deee7deabb783bfc93ee,2018-02-01,2026-08-11T03:34:54Z,fred_semiconductor,CUSR0000SEEE01,"U.S. consumer price index for computers, peripherals, and smart home assistants",41.278,index,https://fred.stlouisfed.org/series/CUSR0000SEEE01
fred_semiconductor_df34e4dcd3023441bbcf,2025-09-01,2026-08-11T03:34:54Z,fred_semiconductor,IPG3344S,U.S. industrial production for computer and electronic product manufacturing,165.667,index,https://fred.stlouisfed.org/series/IPG3344S
fred_semiconductor_df3b173550a26b642842,2021-07-01,2026-08-04T05:04:10Z,fred_semiconductor,PCU3344133441,Semiconductor and related device manufacturing producer price index,54.558,index,https://fred.stlouisfed.org/graph/fredgraph.csv?id=PCU3344133441
fred_semiconductor_dfaf07d8def69d422c2f,2007-02-01,2026-08-11T03:34:54Z,fred_semiconductor,CUSR0000SEEE01,"U.S. consumer price index for computers, peripherals, and smart home assistants",113.382,index,https://fred.stlouisfed.org/series/CUSR0000SEEE01
fred_semiconductor_dfe353858e5cd410c2dc,2012-07-01,2026-08-11T03:34:54Z,fred_semiconductor,CUSR0000SEEE01,"U.S. consumer price index for computers, peripherals, and smart home assistants",62.777,index,https://fred.stlouisfed.org/series/CUSR0000SEEE01
fred_semiconductor_e01463620f305cea5522,2025-09-01,2026-08-04T05:04:10Z,fred_semiconductor,PCU3344133441,Semiconductor and related device manufacturing producer price index,59.765,index,https://fred.stlouisfed.org/graph/fredgraph.csv?id=PCU3344133441
fred_semiconductor_e04380966299ebf0d58b,2006-12-01,2026-08-04T05:04:10Z,fred_semiconductor,PCU3344133441,Semiconductor and related device manufacturing producer price index,75.6,index,https://fred.stlouisfed.org/graph/fredgraph.csv?id=PCU3344133441
fred_semiconductor_e06664863003712955c7,1976-09-01,2026-08-11T03:34:54Z,fred_semiconductor,IPG3344S,U.S. industrial production for computer and electronic product manufacturing,0.0465,index,https://fred.stlouisfed.org/series/IPG3344S
fred_semiconductor_e08a32eacb3d0ffe3e88,2022-11-01,2026-08-11T03:34:54Z,fred_semiconductor,IPG3344S,U.S. industrial production for computer and electronic product manufacturing,133.4489,index,https://fred.stlouisfed.org/series/IPG3344S
fred_semiconductor_e0982d85088791c9b8fb,2020-05-01,2026-08-11T03:34:54Z,fred_semiconductor,IPG3344S,U.S. industrial production for computer and electronic product manufacturing,107.1574,index,https://fred.stlouisfed.org/series/IPG3344S
fred_semiconductor_e11fa6a7d5ced40c789f,1979-03-01,2026-08-11T03:34:54Z,fred_semiconductor,IPG3344S,U.S. industrial production for computer and electronic product manufacturing,0.0742,index,https://fred.stlouisfed.org/series/IPG3344S
fred_semiconductor_e135411076b88581be27,2010-10-01,2026-08-11T03:34:54Z,fred_semiconductor,CUSR0000SEEE01,"U.S. consumer price index for computers, peripherals, and smart home assistants",75.88,index,https://fred.stlouisfed.org/series/CUSR0000SEEE01
fred_semiconductor_e138f927f078c78b390b,2010-08-01,2026-08-11T03:34:54Z,fred_semiconductor,CUSR0000SEEE01,"U.S. consumer price index for computers, peripherals, and smart home assistants",76.305,index,https://fred.stlouisfed.org/series/CUSR0000SEEE01
fred_semiconductor_e17361f648d06e0067ae,2009-02-01,2026-08-11T03:34:54Z,fred_semiconductor,CUSR0000SEEE01,"U.S. consumer price index for computers, peripherals, and smart home assistants",87.074,index,https://fred.stlouisfed.org/series/CUSR0000SEEE01
fred_semiconductor_e1a864c1bba5496529e9,1977-06-01,2026-08-11T03:34:54Z,fred_semiconductor,IPG3344S,U.S. industrial production for computer and electronic product manufacturing,0.0551,index,https://fred.stlouisfed.org/series/IPG3344S
fred_semiconductor_e1cd5ff1964837860da2,2022-03-01,2026-08-11T03:34:54Z,fred_semiconductor,CUSR0000SEEE01,"U.S. consumer price index for computers, peripherals, and smart home assistants",40.302,index,https://fred.stlouisfed.org/series/CUSR0000SEEE01
fred_semiconductor_e1f8bb7ad4090b38bc70,2023-05-01,2026-08-11T03:34:54Z,fred_semiconductor,CUSR0000SEEE01,"U.S. consumer price index for computers, peripherals, and smart home assistants",37.289,index,https://fred.stlouisfed.org/series/CUSR0000SEEE01
fred_semiconductor_e1fe7855c31410d5353a,1993-12-01,2026-08-04T05:04:10Z,fred_semiconductor,PCU3344133441,Semiconductor and related device manufacturing producer price index,105.3,index,https://fred.stlouisfed.org/graph/fredgraph.csv?id=PCU3344133441
fred_semiconductor_e22ac0e4d09c7e298ef6,2026-05-01,2026-08-11T03:34:54Z,fred_semiconductor,IPG3344S,U.S. industrial production for computer and electronic product manufacturing,180.9228,index,https://fred.stlouisfed.org/series/IPG3344S
fred_semiconductor_e23f88e2abf23e55dcba,2016-12-01,2026-08-04T05:04:10Z,fred_semiconductor,PCU3344133441,Semiconductor and related device manufacturing producer price index,56.9,index,https://fred.stlouisfed.org/graph/fredgraph.csv?id=PCU3344133441
fred_semiconductor_e2624c602c124c948beb,2006-12-01,2026-08-11T03:34:54Z,fred_semiconductor,CUSR0000SEEE01,"U.S. consumer price index for computers, peripherals, and smart home assistants",116.6,index,https://fred.stlouisfed.org/series/CUSR0000SEEE01
fred_semiconductor_e2650eee9be0654c63cd,2011-09-01,2026-08-11T03:34:54Z,fred_semiconductor,IPG3344S,U.S. industrial production for computer and electronic product manufacturing,54.9714,index,https://fred.stlouisfed.org/series/IPG3344S
fred_semiconductor_e26e310434c8e741520f,2023-07-01,2026-08-11T03:34:54Z,fred_semiconductor,IPG3344S,U.S. industrial production for computer and electronic product manufacturing,136.6894,index,https://fred.stlouisfed.org/series/IPG3344S
fred_semiconductor_e2919400e7b25d802322,1985-06-01,2026-08-11T03:34:54Z,fred_semiconductor,IPG3344S,U.S. industrial production for computer and electronic product manufacturing,0.1694,index,https://fred.stlouisfed.org/series/IPG3344S
fred_semiconductor_e2d33e2e603697e12810,2007-08-01,2026-08-11T03:34:54Z,fred_semiconductor,CUSR0000SEEE01,"U.S. consumer price index for computers, peripherals, and smart home assistants",106.992,index,https://fred.stlouisfed.org/series/CUSR0000SEEE01
fred_semiconductor_e2fc65b1ed3b2dffb03c,1993-01-01,2026-08-04T05:04:10Z,fred_semiconductor,PCU3344133441,Semiconductor and related device manufacturing producer price index,104.6,index,https://fred.stlouisfed.org/graph/fredgraph.csv?id=PCU3344133441
fred_semiconductor_e300a6663d47592f6d06,1989-08-01,2026-08-11T03:34:54Z,fred_semiconductor,IPG3344S,U.S. industrial production for computer and electronic product manufacturing,0.2698,index,https://fred.stlouisfed.org/series/IPG3344S
fred_semiconductor_e305897b34afd8e6a564,2009-06-01,2026-08-04T05:04:10Z,fred_semiconductor,PCU3344133441,Semiconductor and related device manufacturing producer price index,65.4,index,https://fred.stlouisfed.org/graph/fredgraph.csv?id=PCU3344133441
fred_semiconductor_e3227dd9ae6107b6ee61,2023-11-01,2026-08-04T05:04:10Z,fred_semiconductor,PCU3344133441,Semiconductor and related device manufacturing producer price index,57.602,index,https://fred.stlouisfed.org/graph/fredgraph.csv?id=PCU3344133441
fred_semiconductor_e3544fb83f6a70954181,2020-11-01,2026-08-11T03:34:54Z,fred_semiconductor,IPG3344S,U.S. industrial production for computer and electronic product manufacturing,121.1263,index,https://fred.stlouisfed.org/series/IPG3344S
fred_semiconductor_e3b7e451eca333839288,2001-04-01,2026-08-11T03:34:54Z,fred_semiconductor,IPG3344S,U.S. industrial production for computer and electronic product manufacturing,8.0418,index,https://fred.stlouisfed.org/series/IPG3344S
fred_semiconductor_e42022ef5ecf57cf4568,2007-12-01,2026-08-04T05:04:10Z,fred_semiconductor,PCU3344133441,Semiconductor and related device manufacturing producer price index,66.9,index,https://fred.stlouisfed.org/graph/fredgraph.csv?id=PCU3344133441
fred_semiconductor_e47ccbdddfb428825afb,1991-02-01,2026-08-04T05:04:10Z,fred_semiconductor,PCU3344133441,Semiconductor and related device manufacturing producer price index,105.5,index,https://fred.stlouisfed.org/graph/fredgraph.csv?id=PCU3344133441
fred_semiconductor_e4bffd1b4c0167b1629b,2021-04-01,2026-08-04T05:04:10Z,fred_semiconductor,PCU3344133441,Semiconductor and related device manufacturing producer price index,54.2,index,https://fred.stlouisfed.org/graph/fredgraph.csv?id=PCU3344133441
fred_semiconductor_e4d53a2dd2e8b833a604,1975-01-01,2026-08-11T03:34:54Z,fred_semiconductor,IPG3344S,U.S. industrial production for computer and electronic product manufacturing,0.0343,index,https://fred.stlouisfed.org/series/IPG3344S
fred_semiconductor_e4f92858045a01ee945a,2014-03-01,2026-08-11T03:34:54Z,fred_semiconductor,IPG3344S,U.S. industrial production for computer and electronic product manufacturing,78.497,index,https://fred.stlouisfed.org/series/IPG3344S
fred_semiconductor_e4fa6183d3b65c6291e0,1996-11-01,2026-08-11T03:34:54Z,fred_semiconductor,IPG3344S,U.S. industrial production for computer and electronic product manufacturing,1.5209,index,https://fred.stlouisfed.org/series/IPG3344S
fred_semiconductor_e50938bf9857d1a42ef2,1996-10-01,2026-08-11T03:34:54Z,fred_semiconductor,IPG3344S,U.S. industrial production for computer and electronic product manufacturing,1.4788,index,https://fred.stlouisfed.org/series/IPG3344S
fred_semiconductor_e5237e4d0c95b5fcb563,2020-12-01,2026-08-11T03:34:54Z,fred_semiconductor,IPG3344S,U.S. industrial production for computer and electronic product manufacturing,121.0366,index,https://fred.stlouisfed.org/series/IPG3344S
fred_semiconductor_e52bbeeee9d4b561b21c,2019-04-01,2026-08-11T03:34:54Z,fred_semiconductor,IPG3344S,U.S. industrial production for computer and electronic product manufacturing,105.8286,index,https://fred.stlouisfed.org/series/IPG3344S
fred_semiconductor_e53ff7a423dfbacf4db7,2025-04-01,2026-08-04T05:04:10Z,fred_semiconductor,PCU3344133441,Semiconductor and related device manufacturing producer price index,58.322,index,https://fred.stlouisfed.org/graph/fredgraph.csv?id=PCU3344133441
fred_semiconductor_e544d61ff0873e8a42ab,2006-03-01,2026-08-11T03:34:54Z,fred_semiconductor,IPG3344S,U.S. industrial production for computer and electronic product manufacturing,21.9577,index,https://fred.stlouisfed.org/series/IPG3344S
fred_semiconductor_e54d24b5f62cea5dfc32,2025-07-01,2026-08-11T03:34:54Z,fred_semiconductor,IPG3344S,U.S. industrial production for computer and electronic product manufacturing,171.5555,index,https://fred.stlouisfed.org/series/IPG3344S
fred_semiconductor_e57e5237dc8013129a9f,2020-08-01,2026-08-11T03:34:54Z,fred_semiconductor,CUSR0000SEEE01,"U.S. consumer price index for computers, peripherals, and smart home assistants",38.866,index,https://fred.stlouisfed.org/series/CUSR0000SEEE01
fred_semiconductor_e5cb4bda858af22e43b2,2026-05-01,2026-08-11T03:34:54Z,fred_semiconductor,CUSR0000SEEE01,"U.S. consumer price index for computers, peripherals, and smart home assistants",35.662,index,https://fred.stlouisfed.org/series/CUSR0000SEEE01
fred_semiconductor_e5e2fb9dc7ecabf03490,1987-01-01,2026-08-04T05:04:10Z,fred_semiconductor,PCU3344133441,Semiconductor and related device manufacturing producer price index,103.0,index,https://fred.stlouisfed.org/graph/fredgraph.csv?id=PCU3344133441
fred_semiconductor_e611728f035672311d3f,2010-12-01,2026-08-11T03:34:54Z,fred_semiconductor,IPG3344S,U.S. industrial production for computer and electronic product manufacturing,52.5176,index,https://fred.stlouisfed.org/series/IPG3344S
fred_semiconductor_e627b80fa5244e009a4c,2017-09-01,2026-08-11T03:34:54Z,fred_semiconductor,IPG3344S,U.S. industrial production for computer and electronic product manufacturing,100.0478,index,https://fred.stlouisfed.org/series/IPG3344S
fred_semiconductor_e65b95480967abbd2cc4,2019-02-01,2026-08-11T03:34:54Z,fred_semiconductor,CUSR0000SEEE01,"U.S. consumer price index for computers, peripherals, and smart home assistants",39.649,index,https://fred.stlouisfed.org/series/CUSR0000SEEE01
fred_semiconductor_e687ae238dd5346c72d2,1992-11-01,2026-08-04T05:04:10Z,fred_semiconductor,PCU3344133441,Semiconductor and related device manufacturing producer price index,104.1,index,https://fred.stlouisfed.org/graph/fredgraph.csv?id=PCU3344133441
fred_semiconductor_e69015ace339b300e291,2014-01-01,2026-08-11T03:34:54Z,fred_semiconductor,IPG3344S,U.S. industrial production for computer and electronic product manufacturing,74.522,index,https://fred.stlouisfed.org/series/IPG3344S
fred_semiconductor_e6fb9afcf1860545e858,2025-07-01,2026-08-11T03:34:54Z,fred_semiconductor,CUSR0000SEEE01,"U.S. consumer price index for computers, peripherals, and smart home assistants",35.273,index,https://fred.stlouisfed.org/series/CUSR0000SEEE01
fred_semiconductor_e72bb187710db02512f1,1988-12-01,2026-08-04T05:04:10Z,fred_semiconductor,PCU3344133441,Semiconductor and related device manufacturing producer price index,104.7,index,https://fred.stlouisfed.org/graph/fredgraph.csv?id=PCU3344133441
fred_semiconductor_e80b5677cd85c38d8b64,1985-01-01,2026-08-11T03:34:54Z,fred_semiconductor,IPG3344S,U.S. industrial production for computer and electronic product manufacturing,0.1789,index,https://fred.stlouisfed.org/series/IPG3344S
fred_semiconductor_e86d412051643d049b66,1998-08-01,2026-08-11T03:34:54Z,fred_semiconductor,IPG3344S,U.S. industrial production for computer and electronic product manufacturing,3.0318,index,https://fred.stlouisfed.org/series/IPG3344S
fred_semiconductor_e884c1742478b0037e60,1980-06-01,2026-08-11T03:34:54Z,fred_semiconductor,IPG3344S,U.S. industrial production for computer and electronic product manufacturing,0.0861,index,https://fred.stlouisfed.org/series/IPG3344S
fred_semiconductor_e8ffb5a5ed1118e21676,1985-09-01,2026-08-04T05:04:10Z,fred_semiconductor,PCU3344133441,Semiconductor and related device manufacturing producer price index,100.5,index,https://fred.stlouisfed.org/graph/fredgraph.csv?id=PCU3344133441
fred_semiconductor_e9792096c77a11adb255,1985-10-01,2026-08-11T03:34:54Z,fred_semiconductor,IPG3344S,U.S. industrial production for computer and electronic product manufacturing,0.1578,index,https://fred.stlouisfed.org/series/IPG3344S
fred_semiconductor_e9f05b1157c8eab4ac9e,1995-02-01,2026-08-04T05:04:10Z,fred_semiconductor,PCU3344133441,Semiconductor and related device manufacturing producer price index,103.6,index,https://fred.stlouisfed.org/graph/fredgraph.csv?id=PCU3344133441
fred_semiconductor_ea97ce0323b1b1518efe,2016-06-01,2026-08-11T03:34:54Z,fred_semiconductor,CUSR0000SEEE01,"U.S. consumer price index for computers, peripherals, and smart home assistants",44.496,index,https://fred.stlouisfed.org/series/CUSR0000SEEE01
fred_semiconductor_ea9c9cc35795be7f955f,2006-10-01,2026-08-11T03:34:54Z,fred_semiconductor,CUSR0000SEEE01,"U.S. consumer price index for computers, peripherals, and smart home assistants",116.5,index,https://fred.stlouisfed.org/series/CUSR0000SEEE01
fred_semiconductor_eafc7b086e2e47f4e0a1,2008-04-01,2026-08-11T03:34:54Z,fred_semiconductor,CUSR0000SEEE01,"U.S. consumer price index for computers, peripherals, and smart home assistants",97.527,index,https://fred.stlouisfed.org/series/CUSR0000SEEE01
fred_semiconductor_eb09cdc92afa75892b2e,1990-10-01,2026-08-04T05:04:10Z,fred_semiconductor,PCU3344133441,Semiconductor and related device manufacturing producer price index,104.8,index,https://fred.stlouisfed.org/graph/fredgraph.csv?id=PCU3344133441
fred_semiconductor_eb130198b52900f64017,2024-02-01,2026-08-11T03:34:54Z,fred_semiconductor,CUSR0000SEEE01,"U.S. consumer price index for computers, peripherals, and smart home assistants",36.695,index,https://fred.stlouisfed.org/series/CUSR0000SEEE01
fred_semiconductor_eb56eb6c35a1207d74bc,2000-04-01,2026-08-11T03:34:54Z,fred_semiconductor,IPG3344S,U.S. industrial production for computer and electronic product manufacturing,6.3692,index,https://fred.stlouisfed.org/series/IPG3344S
fred_semiconductor_eb712794652516c7acda,2017-01-01,2026-08-04T05:04:10Z,fred_semiconductor,PCU3344133441,Semiconductor and related device manufacturing producer price index,57.4,index,https://fred.stlouisfed.org/graph/fredgraph.csv?id=PCU3344133441
fred_semiconductor_eba2d72e54742881134c,2005-09-01,2026-08-11T03:34:54Z,fred_semiconductor,CUSR0000SEEE01,"U.S. consumer price index for computers, peripherals, and smart home assistants",138.9,index,https://fred.stlouisfed.org/series/CUSR0000SEEE01
fred_semiconductor_ebd9c67a9413c209a22b,2018-02-01,2026-08-11T03:34:54Z,fred_semiconductor,IPG3344S,U.S. industrial production for computer and electronic product manufacturing,106.2109,index,https://fred.stlouisfed.org/series/IPG3344S
fred_semiconductor_ebde2814c3327e9247af,2018-01-01,2026-08-04T05:04:10Z,fred_semiconductor,PCU3344133441,Semiconductor and related device manufacturing producer price index,56.1,index,https://fred.stlouisfed.org/graph/fredgraph.csv?id=PCU3344133441
fred_semiconductor_ebf4901dc548dae51b21,2021-11-01,2026-08-04T05:04:10Z,fred_semiconductor,PCU3344133441,Semiconductor and related device manufacturing producer price index,55.26,index,https://fred.stlouisfed.org/graph/fredgraph.csv?id=PCU3344133441
fred_semiconductor_ec522afe6194edfac9cb,2002-07-01,2026-08-11T03:34:54Z,fred_semiconductor,IPG3344S,U.S. industrial production for computer and electronic product manufacturing,9.5136,index,https://fred.stlouisfed.org/series/IPG3344S
fred_semiconductor_ec581fdc4750bc7c39aa,2019-01-01,2026-08-11T03:34:54Z,fred_semiconductor,CUSR0000SEEE01,"U.S. consumer price index for computers, peripherals, and smart home assistants",40.044,index,https://fred.stlouisfed.org/series/CUSR0000SEEE01
fred_semiconductor_ec643ada3c5e15c22640,1984-09-01,2026-08-11T03:34:54Z,fred_semiconductor,IPG3344S,U.S. industrial production for computer and electronic product manufacturing,0.1729,index,https://fred.stlouisfed.org/series/IPG3344S
fred_semiconductor_eca42ba042172d3a7655,1987-10-01,2026-08-04T05:04:10Z,fred_semiconductor,PCU3344133441,Semiconductor and related device manufacturing producer price index,102.7,index,https://fred.stlouisfed.org/graph/fredgraph.csv?id=PCU3344133441
fred_semiconductor_ecac2dc947abf52ecfd7,2018-05-01,2026-08-04T05:04:10Z,fred_semiconductor,PCU3344133441,Semiconductor and related device manufacturing producer price index,56.2,index,https://fred.stlouisfed.org/graph/fredgraph.csv?id=PCU3344133441
fred_semiconductor_ecb220e973d7b988f9e4,2013-02-01,2026-08-04T05:04:10Z,fred_semiconductor,PCU3344133441,Semiconductor and related device manufacturing producer price index,58.9,index,https://fred.stlouisfed.org/graph/fredgraph.csv?id=PCU3344133441
fred_semiconductor_ecee46b4c7062f922e2a,1980-07-01,2026-08-11T03:34:54Z,fred_semiconductor,IPG3344S,U.S. industrial production for computer and electronic product manufacturing,0.0847,index,https://fred.stlouisfed.org/series/IPG3344S
fred_semiconductor_ecf2a5245f6aa3a05a38,1996-10-01,2026-08-04T05:04:10Z,fred_semiconductor,PCU3344133441,Semiconductor and related device manufacturing producer price index,98.0,index,https://fred.stlouisfed.org/graph/fredgraph.csv?id=PCU3344133441
fred_semiconductor_ed0f9e2b139a142dada8,2018-05-01,2026-08-11T03:34:54Z,fred_semiconductor,CUSR0000SEEE01,"U.S. consumer price index for computers, peripherals, and smart home assistants",41.37,index,https://fred.stlouisfed.org/series/CUSR0000SEEE01
fred_semiconductor_ed1636d1d0debacd773b,2019-02-01,2026-08-04T05:04:10Z,fred_semiconductor,PCU3344133441,Semiconductor and related device manufacturing producer price index,55.1,index,https://fred.stlouisfed.org/graph/fredgraph.csv?id=PCU3344133441
fred_semiconductor_ed467bfd090e3bdb2897,2021-10-01,2026-08-11T03:34:54Z,fred_semiconductor,CUSR0000SEEE01,"U.S. consumer price index for computers, peripherals, and smart home assistants",40.31,index,https://fred.stlouisfed.org/series/CUSR0000SEEE01
fred_semiconductor_ed8416fc5a597b8ee8e5,2011-05-01,2026-08-11T03:34:54Z,fred_semiconductor,IPG3344S,U.S. industrial production for computer and electronic product manufacturing,54.0203,index,https://fred.stlouisfed.org/series/IPG3344S
fred_semiconductor_ed880f5d3724f8d42c27,2002-08-01,2026-08-04T05:04:10Z,fred_semiconductor,PCU3344133441,Semiconductor and related device manufacturing producer price index,84.6,index,https://fred.stlouisfed.org/graph/fredgraph.csv?id=PCU3344133441
fred_semiconductor_ed89c809f2badce0c83d,2002-11-01,2026-08-11T03:34:54Z,fred_semiconductor,IPG3344S,U.S. industrial production for computer and electronic product manufacturing,9.9873,index,https://fred.stlouisfed.org/series/IPG3344S
fred_semiconductor_ed8f07d1b47dd1ef31bd,1990-10-01,2026-08-11T03:34:54Z,fred_semiconductor,IPG3344S,U.S. industrial production for computer and electronic product manufacturing,0.3024,index,https://fred.stlouisfed.org/series/IPG3344S
fred_semiconductor_edcad2591dd5e9e8f1b6,2016-02-01,2026-08-11T03:34:54Z,fred_semiconductor,CUSR0000SEEE01,"U.S. consumer price index for computers, peripherals, and smart home assistants",45.249,index,https://fred.stlouisfed.org/series/CUSR0000SEEE01
fred_semiconductor_ee2e8ace3484f0455d52,2009-02-01,2026-08-04T05:04:10Z,fred_semiconductor,PCU3344133441,Semiconductor and related device manufacturing producer price index,65.0,index,https://fred.stlouisfed.org/graph/fredgraph.csv?id=PCU3344133441
fred_semiconductor_ee7d7d48d4baf8370dba,2013-09-01,2026-08-04T05:04:10Z,fred_semiconductor,PCU3344133441,Semiconductor and related device manufacturing producer price index,59.2,index,https://fred.stlouisfed.org/graph/fredgraph.csv?id=PCU3344133441
fred_semiconductor_eeabac2762106594f396,2020-04-01,2026-08-11T03:34:54Z,fred_semiconductor,IPG3344S,U.S. industrial production for computer and electronic product manufacturing,107.5225,index,https://fred.stlouisfed.org/series/IPG3344S
fred_semiconductor_eecfdf97727e31321b98,2021-05-01,2026-08-11T03:34:54Z,fred_semiconductor,CUSR0000SEEE01,"U.S. consumer price index for computers, peripherals, and smart home assistants",39.611,index,https://fred.stlouisfed.org/series/CUSR0000SEEE01
fred_semiconductor_eee7a3150f4f5ed0a6ae,1999-12-01,2026-08-04T05:04:10Z,fred_semiconductor,PCU3344133441,Semiconductor and related device manufacturing producer price index,89.3,index,https://fred.stlouisfed.org/graph/fredgraph.csv?id=PCU3344133441
fred_semiconductor_ef094c4c910838b140e7,1994-01-01,2026-08-04T05:04:10Z,fred_semiconductor,PCU3344133441,Semiconductor and related device manufacturing producer price index,105.3,index,https://fred.stlouisfed.org/graph/fredgraph.csv?id=PCU3344133441
fred_semiconductor_efb7422a2056b7e9b8e6,1994-08-01,2026-08-04T05:04:10Z,fred_semiconductor,PCU3344133441,Semiconductor and related device manufacturing producer price index,104.7,index,https://fred.stlouisfed.org/graph/fredgraph.csv?id=PCU3344133441
fred_semiconductor_eff4002bee7f396485b2,2020-10-01,2026-08-11T03:34:54Z,fred_semiconductor,IPG3344S,U.S. industrial production for computer and electronic product manufacturing,119.86,index,https://fred.stlouisfed.org/series/IPG3344S
fred_semiconductor_f053cd346abdf759639b,2017-04-01,2026-08-11T03:34:54Z,fred_semiconductor,IPG3344S,U.S. industrial production for computer and electronic product manufacturing,101.0176,index,https://fred.stlouisfed.org/series/IPG3344S
fred_semiconductor_f05fc7e70db2d30525da,1978-06-01,2026-08-11T03:34:54Z,fred_semiconductor,IPG3344S,U.S. industrial production for computer and electronic product manufacturing,0.063,index,https://fred.stlouisfed.org/series/IPG3344S
fred_semiconductor_f06d9e48ea7055a4f975,1985-02-01,2026-08-11T03:34:54Z,fred_semiconductor,IPG3344S,U.S. industrial production for computer and electronic product manufacturing,0.1752,index,https://fred.stlouisfed.org/series/IPG3344S
fred_semiconductor_f0758c42c36fe534331f,1994-02-01,2026-08-11T03:34:54Z,fred_semiconductor,IPG3344S,U.S. industrial production for computer and electronic product manufacturing,0.5062,index,https://fred.stlouisfed.org/series/IPG3344S
fred_semiconductor_f08516de38a931f777bb,2019-07-01,2026-08-11T03:34:54Z,fred_semiconductor,CUSR0000SEEE01,"U.S. consumer price index for computers, peripherals, and smart home assistants",39.745,index,https://fred.stlouisfed.org/series/CUSR0000SEEE01
fred_semiconductor_f0c10c5aedcb3fd4ca8b,2021-10-01,2026-08-11T03:34:54Z,fred_semiconductor,IPG3344S,U.S. industrial production for computer and electronic product manufacturing,119.9345,index,https://fred.stlouisfed.org/series/IPG3344S
fred_semiconductor_f0c3d563d7d739628b6d,2002-05-01,2026-08-11T03:34:54Z,fred_semiconductor,IPG3344S,U.S. industrial production for computer and electronic product manufacturing,9.2091,index,https://fred.stlouisfed.org/series/IPG3344S
fred_semiconductor_f0d30ad38e7403249bc3,2010-12-01,2026-08-11T03:34:54Z,fred_semiconductor,CUSR0000SEEE01,"U.S. consumer price index for computers, peripherals, and smart home assistants",74.179,index,https://fred.stlouisfed.org/series/CUSR0000SEEE01
fred_semiconductor_f10d6d06266bacd8d802,1986-09-01,2026-08-04T05:04:10Z,fred_semiconductor,PCU3344133441,Semiconductor and related device manufacturing producer price index,103.1,index,https://fred.stlouisfed.org/graph/fredgraph.csv?id=PCU3344133441
fred_semiconductor_f1582f5d075dfec00fbe,2014-09-01,2026-08-11T03:34:54Z,fred_semiconductor,IPG3344S,U.S. industrial production for computer and electronic product manufacturing,82.6105,index,https://fred.stlouisfed.org/series/IPG3344S
fred_semiconductor_f164d23f06bf67ffcda9,2022-02-01,2026-08-04T05:04:10Z,fred_semiconductor,PCU3344133441,Semiconductor and related device manufacturing producer price index,56.376,index,https://fred.stlouisfed.org/graph/fredgraph.csv?id=PCU3344133441
fred_semiconductor_f1922c206de845f4550c,1982-06-01,2026-08-11T03:34:54Z,fred_semiconductor,IPG3344S,U.S. industrial production for computer and electronic product manufacturing,0.1106,index,https://fred.stlouisfed.org/series/IPG3344S
fred_semiconductor_f1c13f1dce2668605d1b,1975-12-01,2026-08-11T03:34:54Z,fred_semiconductor,IPG3344S,U.S. industrial production for computer and electronic product manufacturing,0.0377,index,https://fred.stlouisfed.org/series/IPG3344S
fred_semiconductor_f1ecde051d2c776f06bc,2012-12-01,2026-08-04T05:04:10Z,fred_semiconductor,PCU3344133441,Semiconductor and related device manufacturing producer price index,58.8,index,https://fred.stlouisfed.org/graph/fredgraph.csv?id=PCU3344133441
fred_semiconductor_f208f3a6d0c99f0eca4f,2009-09-01,2026-08-04T05:04:10Z,fred_semiconductor,PCU3344133441,Semiconductor and related device manufacturing producer price index,65.5,index,https://fred.stlouisfed.org/graph/fredgraph.csv?id=PCU3344133441
fred_semiconductor_f26b4dee8f0e0b9a5a0a,1996-08-01,2026-08-11T03:34:54Z,fred_semiconductor,IPG3344S,U.S. industrial production for computer and electronic product manufacturing,1.3579,index,https://fred.stlouisfed.org/series/IPG3344S
fred_semiconductor_f2d91c13bab82db8bd5d,1987-09-01,2026-08-04T05:04:10Z,fred_semiconductor,PCU3344133441,Semiconductor and related device manufacturing producer price index,102.5,index,https://fred.stlouisfed.org/graph/fredgraph.csv?id=PCU3344133441
fred_semiconductor_f2f87aeef11ea38c87e3,2013-05-01,2026-08-11T03:34:54Z,fred_semiconductor,CUSR0000SEEE01,"U.S. consumer price index for computers, peripherals, and smart home assistants",57.175,index,https://fred.stlouisfed.org/series/CUSR0000SEEE01
fred_semiconductor_f3176eeeabb69aafb8ce,1996-08-01,2026-08-04T05:04:10Z,fred_semiconductor,PCU3344133441,Semiconductor and related device manufacturing producer price index,98.7,index,https://fred.stlouisfed.org/graph/fredgraph.csv?id=PCU3344133441
fred_semiconductor_f355d9b18d596f2ddb4d,1996-05-01,2026-08-04T05:04:10Z,fred_semiconductor,PCU3344133441,Semiconductor and related device manufacturing producer price index,99.1,index,https://fred.stlouisfed.org/graph/fredgraph.csv?id=PCU3344133441
fred_semiconductor_f36c1e18703ff08c2b44,2006-05-01,2026-08-11T03:34:54Z,fred_semiconductor,IPG3344S,U.S. industrial production for computer and electronic product manufacturing,21.9945,index,https://fred.stlouisfed.org/series/IPG3344S
fred_semiconductor_f3b2ccc3021c589a8a06,2021-08-01,2026-08-04T05:04:10Z,fred_semiconductor,PCU3344133441,Semiconductor and related device manufacturing producer price index,54.775,index,https://fred.stlouisfed.org/graph/fredgraph.csv?id=PCU3344133441
fred_semiconductor_f471f2cb766e0cc6ef6a,2005-04-01,2026-08-11T03:34:54Z,fred_semiconductor,IPG3344S,U.S. industrial production for computer and electronic product manufacturing,19.0442,index,https://fred.stlouisfed.org/series/IPG3344S
fred_semiconductor_f4b0f250a79f2c2203f7,2020-05-01,2026-08-04T05:04:10Z,fred_semiconductor,PCU3344133441,Semiconductor and related device manufacturing producer price index,54.9,index,https://fred.stlouisfed.org/graph/fredgraph.csv?id=PCU3344133441
fred_semiconductor_f4cf176af6b7cc1358c5,2023-02-01,2026-08-04T05:04:10Z,fred_semiconductor,PCU3344133441,Semiconductor and related device manufacturing producer price index,57.238,index,https://fred.stlouisfed.org/graph/fredgraph.csv?id=PCU3344133441
fred_semiconductor_f4f2399f61479f755644,2006-03-01,2026-08-11T03:34:54Z,fred_semiconductor,CUSR0000SEEE01,"U.S. consumer price index for computers, peripherals, and smart home assistants",126.6,index,https://fred.stlouisfed.org/series/CUSR0000SEEE01
fred_semiconductor_f5178b681073bb035acb,2014-08-01,2026-08-04T05:04:10Z,fred_semiconductor,PCU3344133441,Semiconductor and related device manufacturing producer price index,58.8,index,https://fred.stlouisfed.org/graph/fredgraph.csv?id=PCU3344133441
fred_semiconductor_f5377d5c291cfc011ef5,1975-10-01,2026-08-11T03:34:54Z,fred_semiconductor,IPG3344S,U.S. industrial production for computer and electronic product manufacturing,0.0358,index,https://fred.stlouisfed.org/series/IPG3344S
fred_semiconductor_f56dd06f884d69bb9672,2021-02-01,2026-08-04T05:04:10Z,fred_semiconductor,PCU3344133441,Semiconductor and related device manufacturing producer price index,54.2,index,https://fred.stlouisfed.org/graph/fredgraph.csv?id=PCU3344133441
fred_semiconductor_f56f60086c2edb90f236,2012-04-01,2026-08-11T03:34:54Z,fred_semiconductor,CUSR0000SEEE01,"U.S. consumer price index for computers, peripherals, and smart home assistants",62.677,index,https://fred.stlouisfed.org/series/CUSR0000SEEE01
fred_semiconductor_f5ee28ea0dd985fae1b3,1977-05-01,2026-08-11T03:34:54Z,fred_semiconductor,IPG3344S,U.S. industrial production for computer and electronic product manufacturing,0.053,index,https://fred.stlouisfed.org/series/IPG3344S
fred_semiconductor_f5eec34e46b28c75d0c0,1984-08-01,2026-08-11T03:34:54Z,fred_semiconductor,IPG3344S,U.S. industrial production for computer and electronic product manufacturing,0.1725,index,https://fred.stlouisfed.org/series/IPG3344S
fred_semiconductor_f62bbc4bd6f6a4613c92,2019-12-01,2026-08-11T03:34:54Z,fred_semiconductor,CUSR0000SEEE01,"U.S. consumer price index for computers, peripherals, and smart home assistants",38.001,index,https://fred.stlouisfed.org/series/CUSR0000SEEE01
fred_semiconductor_f6330d8512e92d5ee71f,1991-04-01,2026-08-11T03:34:54Z,fred_semiconductor,IPG3344S,U.S. industrial production for computer and electronic product manufacturing,0.3239,index,https://fred.stlouisfed.org/series/IPG3344S
fred_semiconductor_f66f951c2139030f8aad,2024-08-01,2026-08-04T05:04:10Z,fred_semiconductor,PCU3344133441,Semiconductor and related device manufacturing producer price index,57.494,index,https://fred.stlouisfed.org/graph/fredgraph.csv?id=PCU3344133441
fred_semiconductor_f6919c54b8b13b2904a4,1998-12-01,2026-08-11T03:34:54Z,fred_semiconductor,IPG3344S,U.S. industrial production for computer and electronic product manufacturing,3.6676,index,https://fred.stlouisfed.org/series/IPG3344S
fred_semiconductor_f6ef4dc5efcf0fdd80a0,1989-07-01,2026-08-04T05:04:10Z,fred_semiconductor,PCU3344133441,Semiconductor and related device manufacturing producer price index,105.2,index,https://fred.stlouisfed.org/graph/fredgraph.csv?id=PCU3344133441
fred_semiconductor_f71def9d8585e2ab809c,1984-12-01,2026-08-04T05:04:10Z,fred_semiconductor,PCU3344133441,Semiconductor and related device manufacturing producer price index,100.0,index,https://fred.stlouisfed.org/graph/fredgraph.csv?id=PCU3344133441
fred_semiconductor_f73724a934b727fb4cb9,2014-05-01,2026-08-11T03:34:54Z,fred_semiconductor,CUSR0000SEEE01,"U.S. consumer price index for computers, peripherals, and smart home assistants",53.46,index,https://fred.stlouisfed.org/series/CUSR0000SEEE01
fred_semiconductor_f75c5af0634b639e28b2,1979-01-01,2026-08-11T03:34:54Z,fred_semiconductor,IPG3344S,U.S. industrial production for computer and electronic product manufacturing,0.0715,index,https://fred.stlouisfed.org/series/IPG3344S
fred_semiconductor_f76f87a2cf17c3ebcbd8,2015-04-01,2026-08-11T03:34:54Z,fred_semiconductor,IPG3344S,U.S. industrial production for computer and electronic product manufacturing,80.5543,index,https://fred.stlouisfed.org/series/IPG3344S
fred_semiconductor_f7895634d7d5e0764d04,2001-09-01,2026-08-11T03:34:54Z,fred_semiconductor,IPG3344S,U.S. industrial production for computer and electronic product manufacturing,7.7622,index,https://fred.stlouisfed.org/series/IPG3344S
fred_semiconductor_f79f04104d8b35266286,2001-01-01,2026-08-11T03:34:54Z,fred_semiconductor,IPG3344S,U.S. industrial production for computer and electronic product manufacturing,8.1569,index,https://fred.stlouisfed.org/series/IPG3344S
fred_semiconductor_f7c6ddc918b04ca572c1,2015-10-01,2026-08-04T05:04:10Z,fred_semiconductor,PCU3344133441,Semiconductor and related device manufacturing producer price index,58.1,index,https://fred.stlouisfed.org/graph/fredgraph.csv?id=PCU3344133441
fred_semiconductor_f7f9ad2a1c129dc1cdbb,2012-02-01,2026-08-11T03:34:54Z,fred_semiconductor,IPG3344S,U.S. industrial production for computer and electronic product manufacturing,57.7653,index,https://fred.stlouisfed.org/series/IPG3344S
fred_semiconductor_f85fcbf8c06443fe69a2,2015-03-01,2026-08-11T03:34:54Z,fred_semiconductor,CUSR0000SEEE01,"U.S. consumer price index for computers, peripherals, and smart home assistants",48.717,index,https://fred.stlouisfed.org/series/CUSR0000SEEE01
fred_semiconductor_f8797e2a44caeaa1d7a7,2001-08-01,2026-08-11T03:34:54Z,fred_semiconductor,IPG3344S,U.S. industrial production for computer and electronic product manufacturing,7.5992,index,https://fred.stlouisfed.org/series/IPG3344S
fred_semiconductor_f88bccbd21821dc22b04,1997-10-01,2026-08-04T05:04:10Z,fred_semiconductor,PCU3344133441,Semiconductor and related device manufacturing producer price index,93.6,index,https://fred.stlouisfed.org/graph/fredgraph.csv?id=PCU3344133441
fred_semiconductor_f8dc1bf7cad76d0151ca,2022-01-01,2026-08-04T05:04:10Z,fred_semiconductor,PCU3344133441,Semiconductor and related device manufacturing producer price index,56.346,index,https://fred.stlouisfed.org/graph/fredgraph.csv?id=PCU3344133441
fred_semiconductor_f8f1ac959e89c73fcbd6,1995-02-01,2026-08-11T03:34:54Z,fred_semiconductor,IPG3344S,U.S. industrial production for computer and electronic product manufacturing,0.7332,index,https://fred.stlouisfed.org/series/IPG3344S
fred_semiconductor_f93ffba22d10d261c0af,1990-06-01,2026-08-04T05:04:10Z,fred_semiconductor,PCU3344133441,Semiconductor and related device manufacturing producer price index,104.9,index,https://fred.stlouisfed.org/graph/fredgraph.csv?id=PCU3344133441
fred_semiconductor_f974f2a32a28b949c05b,1982-10-01,2026-08-11T03:34:54Z,fred_semiconductor,IPG3344S,U.S. industrial production for computer and electronic product manufacturing,0.1088,index,https://fred.stlouisfed.org/series/IPG3344S
fred_semiconductor_f9aa2d1cf3e23283b1a1,1992-07-01,2026-08-11T03:34:54Z,fred_semiconductor,IPG3344S,U.S. industrial production for computer and electronic product manufacturing,0.3998,index,https://fred.stlouisfed.org/series/IPG3344S
fred_semiconductor_f9f96b1a49998f54c19d,2006-12-01,2026-08-11T03:34:54Z,fred_semiconductor,IPG3344S,U.S. industrial production for computer and electronic product manufacturing,24.4525,index,https://fred.stlouisfed.org/series/IPG3344S
fred_semiconductor_fa27e229cf80fb4dd1a1,2017-07-01,2026-08-11T03:34:54Z,fred_semiconductor,IPG3344S,U.S. industrial production for computer and electronic product manufacturing,99.5657,index,https://fred.stlouisfed.org/series/IPG3344S
fred_semiconductor_fac8a78ddb2fe5f85b34,1995-08-01,2026-08-04T05:04:10Z,fred_semiconductor,PCU3344133441,Semiconductor and related device manufacturing producer price index,102.0,index,https://fred.stlouisfed.org/graph/fredgraph.csv?id=PCU3344133441
fred_semiconductor_facf06c59c3a3f8599db,2025-08-01,2026-08-11T03:34:54Z,fred_semiconductor,IPG3344S,U.S. industrial production for computer and electronic product manufacturing,169.197,index,https://fred.stlouisfed.org/series/IPG3344S
fred_semiconductor_faee5353e2e40655ff6a,1973-08-01,2026-08-11T03:34:54Z,fred_semiconductor,IPG3344S,U.S. industrial production for computer and electronic product manufacturing,0.041,index,https://fred.stlouisfed.org/series/IPG3344S
fred_semiconductor_faefbcf423d21958a1a4,2025-09-01,2026-08-11T03:34:54Z,fred_semiconductor,CUSR0000SEEE01,"U.S. consumer price index for computers, peripherals, and smart home assistants",35.141,index,https://fred.stlouisfed.org/series/CUSR0000SEEE01
fred_semiconductor_fb008cc9c782557dfe58,1997-02-01,2026-08-04T05:04:10Z,fred_semiconductor,PCU3344133441,Semiconductor and related device manufacturing producer price index,96.6,index,https://fred.stlouisfed.org/graph/fredgraph.csv?id=PCU3344133441
fred_semiconductor_fb2ce4cb1d002ae4a8f7,2007-02-01,2026-08-04T05:04:10Z,fred_semiconductor,PCU3344133441,Semiconductor and related device manufacturing producer price index,72.6,index,https://fred.stlouisfed.org/graph/fredgraph.csv?id=PCU3344133441
fred_semiconductor_fb53b4bac484f567d0d4,2008-06-01,2026-08-11T03:34:54Z,fred_semiconductor,CUSR0000SEEE01,"U.S. consumer price index for computers, peripherals, and smart home assistants",96.037,index,https://fred.stlouisfed.org/series/CUSR0000SEEE01
fred_semiconductor_fc4629402851e0471e6b,2012-07-01,2026-08-04T05:04:10Z,fred_semiconductor,PCU3344133441,Semiconductor and related device manufacturing producer price index,59.6,index,https://fred.stlouisfed.org/graph/fredgraph.csv?id=PCU3344133441
fred_semiconductor_fc51ea31ea552a86c4d4,1995-07-01,2026-08-04T05:04:10Z,fred_semiconductor,PCU3344133441,Semiconductor and related device manufacturing producer price index,102.1,index,https://fred.stlouisfed.org/graph/fredgraph.csv?id=PCU3344133441
fred_semiconductor_fc95401ec8b06e087982,1981-11-01,2026-08-11T03:34:54Z,fred_semiconductor,IPG3344S,U.S. industrial production for computer and electronic product manufacturing,0.1026,index,https://fred.stlouisfed.org/series/IPG3344S
fred_semiconductor_fca4c684fa80f59eb455,1996-03-01,2026-08-04T05:04:10Z,fred_semiconductor,PCU3344133441,Semiconductor and related device manufacturing producer price index,100.6,index,https://fred.stlouisfed.org/graph/fredgraph.csv?id=PCU3344133441
fred_semiconductor_fd50bc00f620628832ca,1994-04-01,2026-08-11T03:34:54Z,fred_semiconductor,IPG3344S,U.S. industrial production for computer and electronic product manufacturing,0.5528,index,https://fred.stlouisfed.org/series/IPG3344S
fred_semiconductor_fd7e380324c3f4262bc6,1976-12-01,2026-08-11T03:34:54Z,fred_semiconductor,IPG3344S,U.S. industrial production for computer and electronic product manufacturing,0.0484,index,https://fred.stlouisfed.org/series/IPG3344S
fred_semiconductor_fd8b45b086d668475a96,1998-01-01,2026-08-04T05:04:10Z,fred_semiconductor,PCU3344133441,Semiconductor and related device manufacturing producer price index,92.9,index,https://fred.stlouisfed.org/graph/fredgraph.csv?id=PCU3344133441
fred_semiconductor_fe44388e4cef4eb66d7f,2024-10-01,2026-08-04T05:04:10Z,fred_semiconductor,PCU3344133441,Semiconductor and related device manufacturing producer price index,58.003,index,https://fred.stlouisfed.org/graph/fredgraph.csv?id=PCU3344133441
fred_semiconductor_febbb73c0b9ca06d0549,2015-02-01,2026-08-11T03:34:54Z,fred_semiconductor,IPG3344S,U.S. industrial production for computer and electronic product manufacturing,81.8215,index,https://fred.stlouisfed.org/series/IPG3344S
fred_semiconductor_febe77cc7d13d9b9622d,1989-07-01,2026-08-11T03:34:54Z,fred_semiconductor,IPG3344S,U.S. industrial production for computer and electronic product manufacturing,0.2634,index,https://fred.stlouisfed.org/series/IPG3344S
fred_semiconductor_fef40e202c3c9f741655,2010-03-01,2026-08-04T05:04:10Z,fred_semiconductor,PCU3344133441,Semiconductor and related device manufacturing producer price index,64.7,index,https://fred.stlouisfed.org/graph/fredgraph.csv?id=PCU3344133441
fred_semiconductor_ff200797132bd9769d1b,1990-01-01,2026-08-11T03:34:54Z,fred_semiconductor,IPG3344S,U.S. industrial production for computer and electronic product manufacturing,0.2833,index,https://fred.stlouisfed.org/series/IPG3344S
fred_semiconductor_ff62d3e7543762460a01,1986-10-01,2026-08-04T05:04:10Z,fred_semiconductor,PCU3344133441,Semiconductor and related device manufacturing producer price index,103.2,index,https://fred.stlouisfed.org/graph/fredgraph.csv?id=PCU3344133441
fred_semiconductor_ff797984603dfcf4a7a0,2017-12-01,2026-08-04T05:04:10Z,fred_semiconductor,PCU3344133441,Semiconductor and related device manufacturing producer price index,56.0,index,https://fred.stlouisfed.org/graph/fredgraph.csv?id=PCU3344133441
fred_semiconductor_ffbe5cf8a86f000ab355,2009-10-01,2026-08-04T05:04:10Z,fred_semiconductor,PCU3344133441,Semiconductor and related device manufacturing producer price index,65.6,index,https://fred.stlouisfed.org/graph/fredgraph.csv?id=PCU3344133441
fred_semiconductor_ffe5d3f0fe39c7b63f0b,2024-03-01,2026-08-11T03:34:54Z,fred_semiconductor,CUSR0000SEEE01,"U.S. consumer price index for computers, peripherals, and smart home assistants",36.528,index,https://fred.stlouisfed.org/series/CUSR0000SEEE01
world_bank_high_tech_exports_06bcb0a091699e8a1ebf,2020-01-01,2026-08-04T18:01:05Z,world_bank_high_tech_exports,TX.VAL.TECH.CD,Global high-technology exports,2860013945158.0,current USD,https://api.worldbank.org/v2/country/WLD/indicator/TX.VAL.TECH.CD?format=json&per_page=100
world_bank_high_tech_exports_12b4c87c09391b93bd0a,2012-01-01,2026-08-04T18:01:05Z,world_bank_high_tech_exports,TX.VAL.TECH.CD,Global high-technology exports,2206044379119.0,current USD,https://api.worldbank.org/v2/country/WLD/indicator/TX.VAL.TECH.CD?format=json&per_page=100
world_bank_high_tech_exports_2d74cd30cb5e0d208f76,2014-01-01,2026-08-04T18:01:05Z,world_bank_high_tech_exports,TX.VAL.TECH.CD,Global high-technology exports,2363111504189.0,current USD,https://api.worldbank.org/v2/country/WLD/indicator/TX.VAL.TECH.CD?format=json&per_page=100
world_bank_high_tech_exports_3c9b0d8244668d27f94a,2016-01-01,2026-08-04T18:01:05Z,world_bank_high_tech_exports,TX.VAL.TECH.CD,Global high-technology exports,2231978518131.0,current USD,https://api.worldbank.org/v2/country/WLD/indicator/TX.VAL.TECH.CD?format=json&per_page=100
world_bank_high_tech_exports_6aeb8acf99840fd6b2c1,2019-01-01,2026-08-04T18:01:05Z,world_bank_high_tech_exports,TX.VAL.TECH.CD,Global high-technology exports,2863835450855.0,current USD,https://api.worldbank.org/v2/country/WLD/indicator/TX.VAL.TECH.CD?format=json&per_page=100
world_bank_high_tech_exports_96ddf4e4b5eb51305540,2015-01-01,2026-08-04T18:01:05Z,world_bank_high_tech_exports,TX.VAL.TECH.CD,Global high-technology exports,2278313876247.0,current USD,https://api.worldbank.org/v2/country/WLD/indicator/TX.VAL.TECH.CD?format=json&per_page=100
world_bank_high_tech_exports_996229e2fb592fdce116,2018-01-01,2026-08-04T18:01:05Z,world_bank_high_tech_exports,TX.VAL.TECH.CD,Global high-technology exports,2911325380177.0,current USD,https://api.worldbank.org/v2/country/WLD/indicator/TX.VAL.TECH.CD?format=json&per_page=100
world_bank_high_tech_exports_9b7b77aca5f036852dcd,2017-01-01,2026-08-04T18:01:05Z,world_bank_high_tech_exports,TX.VAL.TECH.CD,Global high-technology exports,2666214206463.0,current USD,https://api.worldbank.org/v2/country/WLD/indicator/TX.VAL.TECH.CD?format=json&per_page=100
world_bank_high_tech_exports_aa30e33f88792e924ada,2021-01-01,2026-08-04T18:01:05Z,world_bank_high_tech_exports,TX.VAL.TECH.CD,Global high-technology exports,3451354766344.0,current USD,https://api.worldbank.org/v2/country/WLD/indicator/TX.VAL.TECH.CD?format=json&per_page=100
world_bank_high_tech_exports_ae1ccf4a2e2b77058c10,2022-01-01,2026-08-04T18:01:05Z,world_bank_high_tech_exports,TX.VAL.TECH.CD,Global high-technology exports,3732331336808.0,current USD,https://api.worldbank.org/v2/country/WLD/indicator/TX.VAL.TECH.CD?format=json&per_page=100
world_bank_high_tech_exports_b5144c839f9139a7d024,2013-01-01,2026-08-04T18:01:05Z,world_bank_high_tech_exports,TX.VAL.TECH.CD,Global high-technology exports,2314703682159.0,current USD,https://api.worldbank.org/v2/country/WLD/indicator/TX.VAL.TECH.CD?format=json&per_page=100
world_bank_high_tech_exports_b7f4add3ec02b156a182,2011-01-01,2026-08-04T18:01:05Z,world_bank_high_tech_exports,TX.VAL.TECH.CD,Global high-technology exports,2150066249210.0,current USD,https://api.worldbank.org/v2/country/WLD/indicator/TX.VAL.TECH.CD?format=json&per_page=100
world_bank_high_tech_exports_bbac1a90525cb26f7197,2023-01-01,2026-08-04T18:01:05Z,world_bank_high_tech_exports,TX.VAL.TECH.CD,Global high-technology exports,3575435720236.0,current USD,https://api.worldbank.org/v2/country/WLD/indicator/TX.VAL.TECH.CD?format=json&per_page=100
