observation_id,observation_date,collected_at,source_id,market_type,memory_generation,product_type,capacity_value,capacity_unit,speed_mts,price_value,currency,price_basis,price_per_gb,daily_high,daily_low,session_average,source_url,source_label,source_reliability,raw_description,is_estimate
stanford_memory_prices_0029d53edff2331aa9db,1995-07-02,2026-08-04T05:05:14Z,stanford_memory_prices,historical_research,DRAM,McCallum DRAM (historical),,unknown,,31200.0,USD,USD/GB,31200.0,,,,https://dam.stanford.edu/assets/memory-prices/memory-prices.csv,Stanford dataset; underlying source: mccallum,research_dataset,"McCallum DRAM (historical) — 4Mx36-70 SIMM [72 pin] @ $499 — Historical, John C. McCallum (jcmit.net) via Internet Archive",false
stanford_memory_prices_003a798a94ef85182028,2018-01-30,2026-08-04T05:05:14Z,stanford_memory_prices,historical_research,DDR3,McCallum DRAM (historical),8.0,GB,,6.7,USD,USD/GB,6.7,,,,https://dam.stanford.edu/assets/memory-prices/memory-prices.csv,Stanford dataset; underlying source: mccallum,research_dataset,"McCallum DRAM (historical) — 2x 8GB DIMM DDR3-1600 @ $108.99 + free shipping — Historical, John C. McCallum (jcmit.net) via Internet Archive",false
stanford_memory_prices_0041d9041f6067bbdaec,1992-04-01,2026-08-04T05:05:14Z,stanford_memory_prices,historical_research,DRAM,McCallum DRAM (historical),,unknown,,35000.0,USD,USD/GB,35000.0,,,,https://dam.stanford.edu/assets/memory-prices/memory-prices.csv,Stanford dataset; underlying source: mccallum,research_dataset,"McCallum DRAM (historical) — 4Mx9-?? SIMM @ $139 — Historical, John C. McCallum (jcmit.net) via Internet Archive",false
stanford_memory_prices_00ce88b79f76ea5f7556,1988-03-03,2026-08-04T05:05:14Z,stanford_memory_prices,historical_research,DRAM,McCallum DRAM (historical),,unknown,,199000.0,USD,USD/GB,199000.0,,,,https://dam.stanford.edu/assets/memory-prices/memory-prices.csv,Stanford dataset; underlying source: mccallum,research_dataset,"McCallum DRAM (historical) — JDR MCT-ATMF 3MB Multifunc $169.90+426.60 — Historical, John C. McCallum (jcmit.net) via Internet Archive",false
stanford_memory_prices_011d0ed52407a2fd59c7,1985-08-01,2026-08-04T05:05:14Z,stanford_memory_prices,historical_research,DRAM,McCallum DRAM (historical),,unknown,,350000.0,USD,USD/GB,350000.0,,,,https://dam.stanford.edu/assets/memory-prices/memory-prices.csv,Stanford dataset; underlying source: mccallum,research_dataset,"McCallum DRAM (historical) — 2MB J-RAM-2 A&T $699 — Historical, John C. McCallum (jcmit.net) via Internet Archive",false
stanford_memory_prices_01386dfa23abac205b6d,1988-12-02,2026-08-04T05:05:14Z,stanford_memory_prices,historical_research,DRAM,McCallum DRAM (historical),,unknown,,505000.0,USD,USD/GB,505000.0,,,,https://dam.stanford.edu/assets/memory-prices/memory-prices.csv,Stanford dataset; underlying source: mccallum,research_dataset,"McCallum DRAM (historical) — JDR MCT-ATMF 3MB Multifunc $169.90+3*36*12.45 — Historical, John C. McCallum (jcmit.net) via Internet Archive",false
stanford_memory_prices_015d6ab1d77c1bf52c41,2012-07-31,2026-08-04T05:05:14Z,stanford_memory_prices,historical_research,DDR3,McCallum DRAM (historical),8.0,GB,,4.8,USD,USD/GB,4.8,,,,https://dam.stanford.edu/assets/memory-prices/memory-prices.csv,Stanford dataset; underlying source: mccallum,research_dataset,"McCallum DRAM (historical) — 2x 8GB DIMM DDR3-1333 @ $77.99 + free shipping — Historical, John C. McCallum (jcmit.net) via Internet Archive",false
stanford_memory_prices_01600e4e3ec62d3bf378,1991-06-03,2026-08-04T05:05:14Z,stanford_memory_prices,historical_research,DRAM,McCallum DRAM (historical),,unknown,,44000.0,USD,USD/GB,44000.0,,,,https://dam.stanford.edu/assets/memory-prices/memory-prices.csv,Stanford dataset; underlying source: mccallum,research_dataset,"McCallum DRAM (historical) — 4Mx9-80 SIMM @ $175 — Historical, John C. McCallum (jcmit.net) via Internet Archive",false
stanford_memory_prices_01de45f26477f2c6c1b3,2025-12-01,2026-08-04T05:05:14Z,stanford_memory_prices,historical_research,DDR4,DRAM cheapest (Keepa),16.0,GB,,4.03562,USD,USD/GB,4.03562,,,,https://dam.stanford.edu/assets/memory-prices/memory-prices.csv,Stanford dataset; underlying source: keepa,research_dataset,DRAM cheapest (Keepa) — G.Skill Ripjaws V 16GB DDR4 K2 16GVK 4000 (2x8GB) C18 — Cheapest listed $/GB across the consumer Keepa basket; per-drive posting glitches removed,false
stanford_memory_prices_022337b4903f3c2cbeee,1997-07-02,2026-08-04T05:05:14Z,stanford_memory_prices,historical_research,DRAM,McCallum DRAM (historical),,unknown,,4000.0,USD,USD/GB,4000.0,,,,https://dam.stanford.edu/assets/memory-prices/memory-prices.csv,Stanford dataset; underlying source: mccallum,research_dataset,"McCallum DRAM (historical) — 2Mx32-? SIMM EDO [72 pin] @ $32 — Historical, John C. McCallum (jcmit.net) via Internet Archive",false
stanford_memory_prices_02414eba0e1b43b9aeb8,1989-03-04,2026-08-04T05:05:14Z,stanford_memory_prices,historical_research,DRAM,McCallum DRAM (historical),,unknown,,505000.0,USD,USD/GB,505000.0,,,,https://dam.stanford.edu/assets/memory-prices/memory-prices.csv,Stanford dataset; underlying source: mccallum,research_dataset,"McCallum DRAM (historical) — JDR MCT-ATMF 3MB Multifunc $169.90+3*36*12.45 — Historical, John C. McCallum (jcmit.net) via Internet Archive",false
stanford_memory_prices_026394fa221057755d15,2026-05-01,2026-08-04T05:05:14Z,stanford_memory_prices,historical_research,DDR4,DDR4 (Keepa),8.0,GB,2666,7.2475,USD,USD/GB,7.2475,,,,https://dam.stanford.edu/assets/memory-prices/memory-prices.csv,Stanford dataset; underlying source: keepa,research_dataset,DDR4 (Keepa) — Mushkin 8GB (4GB x 2) Essentials 260-Pin DDR4 SO-DIMM DDR4 2666MHz Laptop Memory Model MES — Cheapest listed $/GB across the consumer Keepa basket; per-drive posting glitches removed,false
stanford_memory_prices_029d6ee5315335ef109a,1994-04-02,2026-08-04T05:05:14Z,stanford_memory_prices,historical_research,DRAM,McCallum DRAM (historical),,unknown,,37300.0,USD,USD/GB,37300.0,,,,https://dam.stanford.edu/assets/memory-prices/memory-prices.csv,Stanford dataset; underlying source: mccallum,research_dataset,"McCallum DRAM (historical) — 4Mx9-80 SIMM @ $149 — Historical, John C. McCallum (jcmit.net) via Internet Archive",false
stanford_memory_prices_02d718b2fc4a65a9f6fd,2024-10-01,2026-08-04T05:05:14Z,stanford_memory_prices,historical_research,DDR4,DRAM cheapest (Keepa),32.0,GB,2133,1.79375,USD,USD/GB,1.79375,,,,https://dam.stanford.edu/assets/memory-prices/memory-prices.csv,Stanford dataset; underlying source: keepa,research_dataset,DRAM cheapest (Keepa) — G.Skill 32GB (2 x 16G) Ripjaws Series DDR4 PC4-17000 2133MHz Laptop Memory Model F4-2133C1 — Cheapest listed $/GB across the consumer Keepa basket; per-drive posting glitches removed,false
stanford_memory_prices_02e43ef7ee49dc0ac864,2024-04-01,2026-08-04T05:05:14Z,stanford_memory_prices,historical_research,HBM,Auxiliary cost share,,unknown,,14.2,% of component cost,percent_share,,,,,https://dam.stanford.edu/assets/memory-prices/memory-prices.csv,Stanford dataset; underlying source: epoch.ai,research_dataset,Auxiliary cost share — Auxiliary share of AI-accelerator BoM — Epoch AI quarterly estimate (production-volume-weighted across Nvidia/AMD/Google/Amazon),true
stanford_memory_prices_02fea82760f378d00f0c,2021-01-30,2026-08-04T05:05:14Z,stanford_memory_prices,historical_research,DDR4,McCallum DRAM (historical),16.0,GB,,3.4,USD,USD/GB,3.4,,,,https://dam.stanford.edu/assets/memory-prices/memory-prices.csv,Stanford dataset; underlying source: mccallum,research_dataset,"McCallum DRAM (historical) — 2x 16GB DIMM DDR4-3000 @ $109.99 + free shipping — Historical, John C. McCallum (jcmit.net) via Internet Archive",false
stanford_memory_prices_0342dca926af53009162,1987-10-31,2026-08-04T05:05:14Z,stanford_memory_prices,historical_research,DRAM,McCallum DRAM (historical),,unknown,,163000.0,USD,USD/GB,163000.0,,,,https://dam.stanford.edu/assets/memory-prices/memory-prices.csv,Stanford dataset; underlying source: mccallum,research_dataset,"McCallum DRAM (historical) — JDR MCT-ATMF 3MB Multifunction — Historical, John C. McCallum (jcmit.net) via Internet Archive",false
stanford_memory_prices_037540e739986824b83b,2015-09-03,2026-08-04T05:05:14Z,stanford_memory_prices,historical_research,DDR3,McCallum DRAM (historical),4.0,GB,,4.3,USD,USD/GB,4.3,,,,https://dam.stanford.edu/assets/memory-prices/memory-prices.csv,Stanford dataset; underlying source: mccallum,research_dataset,"McCallum DRAM (historical) — 2x 4GB DIMM DDR3-1333 @ $34.99 + free shipping — Historical, John C. McCallum (jcmit.net) via Internet Archive",false
stanford_memory_prices_03a224fe287e1e24041f,2026-01-01,2026-08-04T05:05:14Z,stanford_memory_prices,historical_research,DDR5,DDR5 (Keepa),8.0,GB,5200,9.87375,USD,USD/GB,9.87375,,,,https://dam.stanford.edu/assets/memory-prices/memory-prices.csv,Stanford dataset; underlying source: keepa,research_dataset,DDR5 (Keepa) — Kingston Fury Beast 8GB 5200MT/s DDR5 CL40 XMP 3.0 Ready Computer Memory Single Module KF5 — Cheapest listed $/GB across the consumer Keepa basket; per-drive posting glitches removed,false
stanford_memory_prices_041cad8a919d8d7973de,2025-01-01,2026-08-04T05:05:14Z,stanford_memory_prices,historical_research,DDR4,DRAM cheapest (Keepa),32.0,GB,2133,1.88594,USD,USD/GB,1.88594,,,,https://dam.stanford.edu/assets/memory-prices/memory-prices.csv,Stanford dataset; underlying source: keepa,research_dataset,DRAM cheapest (Keepa) — G.Skill 32GB (2 x 16G) Ripjaws Series DDR4 PC4-17000 2133MHz Laptop Memory Model F4-2133C1 — Cheapest listed $/GB across the consumer Keepa basket; per-drive posting glitches removed,false
stanford_memory_prices_04b403e62aea36707442,2025-03-01,2026-08-04T05:05:14Z,stanford_memory_prices,historical_research,DDR5,DDR5 (Keepa),96.0,GB,6400,2.91656,USD,USD/GB,2.91656,,,,https://dam.stanford.edu/assets/memory-prices/memory-prices.csv,Stanford dataset; underlying source: keepa,research_dataset,DDR5 (Keepa) — KingBank RGB Computer Desktop Memory Ram Hynix M-die DDR5 96GB(2x48GB) 6400MT/s CL32 1.4V — Cheapest listed $/GB across the consumer Keepa basket; per-drive posting glitches removed,false
stanford_memory_prices_04dde7747dcbb0df6894,2017-04-01,2026-08-04T05:05:14Z,stanford_memory_prices,historical_research,NAND,NAND cheapest (Keepa),512.0,GB,,0.27148,USD,USD/GB,0.27148,,,,https://dam.stanford.edu/assets/memory-prices/memory-prices.csv,Stanford dataset; underlying source: keepa,research_dataset,NAND cheapest (Keepa) — Plextor M8Pe 512GB M.2 PCIe NVMe Solid-State Drive with Heatsink (PX-512M8PeG) — Cheapest listed $/GB across the consumer Keepa basket; per-drive posting glitches removed,false
stanford_memory_prices_0528d7081ac212560236,2024-04-01,2026-08-04T05:05:14Z,stanford_memory_prices,historical_research,HBM,HBM spend,,unknown,,2.3065,USD,usd_billion,,,,,https://dam.stanford.edu/assets/memory-prices/memory-prices.csv,Stanford dataset; underlying source: epoch.ai,research_dataset,HBM spend — HBM quarterly spend (4 designers) — Epoch AI quarterly estimate (production-volume-weighted across Nvidia/AMD/Google/Amazon),true
stanford_memory_prices_05a04215006a8b6b3709,1976-07-31,2026-08-04T05:05:14Z,stanford_memory_prices,historical_research,DRAM,McCallum DRAM (historical),,unknown,,32000000.0,USD,USD/GB,32000000.0,,,,https://dam.stanford.edu/assets/memory-prices/memory-prices.csv,Stanford dataset; underlying source: mccallum,research_dataset,"McCallum DRAM (historical) — 8K Static RAM Board — Historical, John C. McCallum (jcmit.net) via Internet Archive",false
stanford_memory_prices_0614dfc2e2c577811e5f,2023-07-01,2026-08-04T05:05:14Z,stanford_memory_prices,historical_research,NAND,NAND cheapest (Keepa),,unknown,,0.03699,USD,USD/GB,0.03699,,,,https://dam.stanford.edu/assets/memory-prices/memory-prices.csv,Stanford dataset; underlying source: keepa,research_dataset,"NAND cheapest (Keepa) — LEVEN JPS800 1TB PCIe Gen4 Speed up to 5,000MB/s, 3D NAND NVMe M.2 SSD with Thermal Pad an — Cheapest listed $/GB across the consumer Keepa basket; per-drive posting glitches removed",false
stanford_memory_prices_063d514c379b0e5bc717,2007-07-02,2026-08-04T05:05:14Z,stanford_memory_prices,historical_research,DRAM,McCallum DRAM (historical),1.0,GB,,39.0,USD,USD/GB,39.0,,,,https://dam.stanford.edu/assets/memory-prices/memory-prices.csv,Stanford dataset; underlying source: mccallum,research_dataset,"McCallum DRAM (historical) — 2x 1GB DIMM DDR2-667 @ $73.99 + 4.99 shipping — Historical, John C. McCallum (jcmit.net) via Internet Archive",false
stanford_memory_prices_0669863100f7fc747422,1992-01-01,2026-08-04T05:05:14Z,stanford_memory_prices,historical_research,DRAM,McCallum DRAM (historical),,unknown,,36000.0,USD,USD/GB,36000.0,,,,https://dam.stanford.edu/assets/memory-prices/memory-prices.csv,Stanford dataset; underlying source: mccallum,research_dataset,"McCallum DRAM (historical) — 4Mx9-80 SIMM @ $145 — Historical, John C. McCallum (jcmit.net) via Internet Archive",false
stanford_memory_prices_06804049483446374984,2022-01-01,2026-08-04T05:05:14Z,stanford_memory_prices,historical_research,NAND,NAND cheapest (Keepa),,unknown,,0.0845,USD,USD/GB,0.0845,,,,https://dam.stanford.edu/assets/memory-prices/memory-prices.csv,Stanford dataset; underlying source: keepa,research_dataset,NAND cheapest (Keepa) — msi SPATIUM M370 NVMe M.2 1TB Internal SSD PCIe Gen3 NVMe 1.3 3D NAND 1600 TBW — Cheapest listed $/GB across the consumer Keepa basket; per-drive posting glitches removed,false
stanford_memory_prices_068af4e7c3ec699716cb,2009-06-03,2026-08-04T05:05:14Z,stanford_memory_prices,historical_research,DRAM,McCallum DRAM (historical),2.0,GB,,11.5,USD,USD/GB,11.5,,,,https://dam.stanford.edu/assets/memory-prices/memory-prices.csv,Stanford dataset; underlying source: mccallum,research_dataset,"McCallum DRAM (historical) — 2x 2GB DIMM DDR2-800 @ $46.99 + free shipping — Historical, John C. McCallum (jcmit.net) via Internet Archive",false
stanford_memory_prices_0691256de0c166df3031,2002-01-30,2026-08-04T05:05:14Z,stanford_memory_prices,historical_research,DRAM,McCallum DRAM (historical),,unknown,,210.0,USD,USD/GB,210.0,,,,https://dam.stanford.edu/assets/memory-prices/memory-prices.csv,Stanford dataset; underlying source: mccallum,research_dataset,"McCallum DRAM (historical) — 256 MB DDR PC2100 @ $53.09 — Historical, John C. McCallum (jcmit.net) via Internet Archive",false
stanford_memory_prices_077fb4997be1e1a0a0f0,1991-12-03,2026-08-04T05:05:14Z,stanford_memory_prices,historical_research,DRAM,McCallum DRAM (historical),,unknown,,40000.0,USD,USD/GB,40000.0,,,,https://dam.stanford.edu/assets/memory-prices/memory-prices.csv,Stanford dataset; underlying source: mccallum,research_dataset,"McCallum DRAM (historical) — 4Mx9-80 SIMM @ $159 — Historical, John C. McCallum (jcmit.net) via Internet Archive",false
stanford_memory_prices_0785367953ce80421ce1,2025-10-01,2026-08-04T05:05:14Z,stanford_memory_prices,historical_research,HBM,Auxiliary spend,,unknown,,1.5319,USD,usd_billion,,,,,https://dam.stanford.edu/assets/memory-prices/memory-prices.csv,Stanford dataset; underlying source: epoch.ai,research_dataset,Auxiliary spend — Auxiliary quarterly spend (4 designers) — Epoch AI quarterly estimate (production-volume-weighted across Nvidia/AMD/Google/Amazon),true
stanford_memory_prices_07b3063472bac2371f37,2025-10-01,2026-08-04T05:05:14Z,stanford_memory_prices,historical_research,DDR5,DDR5 (Keepa),32.0,GB,,2.92031,USD,USD/GB,2.92031,,,,https://dam.stanford.edu/assets/memory-prices/memory-prices.csv,Stanford dataset; underlying source: keepa,research_dataset,DDR5 (Keepa) — Axiom 32GB DDR5 SDRAM Memory Module - for Notebook - 32 GB - DDR5-5600/PC5-44800 DDR5 SDRA — Cheapest listed $/GB across the consumer Keepa basket; per-drive posting glitches removed,false
stanford_memory_prices_07f627dbbc3aa6583e71,2010-10-31,2026-08-04T05:05:14Z,stanford_memory_prices,historical_research,DDR3,McCallum DRAM (historical),2.0,GB,,14.6,USD,USD/GB,14.6,,,,https://dam.stanford.edu/assets/memory-prices/memory-prices.csv,Stanford dataset; underlying source: mccallum,research_dataset,"McCallum DRAM (historical) — 2x 2GB DIMM DDR3-1333 @ $59.99 + free shipping — Historical, John C. McCallum (jcmit.net) via Internet Archive",false
stanford_memory_prices_08d031492b16adb73c53,2007-10-02,2026-08-04T05:05:14Z,stanford_memory_prices,historical_research,DRAM,McCallum DRAM (historical),1.0,GB,,32.0,USD,USD/GB,32.0,,,,https://dam.stanford.edu/assets/memory-prices/memory-prices.csv,Stanford dataset; underlying source: mccallum,research_dataset,"McCallum DRAM (historical) — 2x 1GB DIMM DDR2-800 @ $60.99 + 4.99 shipping — Historical, John C. McCallum (jcmit.net) via Internet Archive",false
stanford_memory_prices_08fb90536535761b37d4,2025-04-01,2026-08-04T05:05:14Z,stanford_memory_prices,historical_research,DDR4,DRAM cheapest (Keepa),32.0,GB,2133,1.75344,USD,USD/GB,1.75344,,,,https://dam.stanford.edu/assets/memory-prices/memory-prices.csv,Stanford dataset; underlying source: keepa,research_dataset,DRAM cheapest (Keepa) — G.Skill 32GB (2 x 16G) Ripjaws Series DDR4 PC4-17000 2133MHz Laptop Memory Model F4-2133C1 — Cheapest listed $/GB across the consumer Keepa basket; per-drive posting glitches removed,false
stanford_memory_prices_095d130b7c3fd48e2580,1999-01-30,2026-08-04T05:05:14Z,stanford_memory_prices,historical_research,DRAM,McCallum DRAM (historical),,unknown,,1440.0,USD,USD/GB,1440.0,,,,https://dam.stanford.edu/assets/memory-prices/memory-prices.csv,Stanford dataset; underlying source: mccallum,research_dataset,"McCallum DRAM (historical) — 8Mx32-? SIMM FPM [72 pin] @ $46 — Historical, John C. McCallum (jcmit.net) via Internet Archive",false
stanford_memory_prices_09bf50ac32a92049a957,2024-11-01,2026-08-04T05:05:14Z,stanford_memory_prices,historical_research,DDR3,DDR3 (Keepa),8.0,Gb,1600,3.25375,USD,USD/GB,3.25375,,,,https://dam.stanford.edu/assets/memory-prices/memory-prices.csv,Stanford dataset; underlying source: keepa,research_dataset,DDR3 (Keepa) — Addon Hp H6Y77Aa#Aba Compatible 8Gb Ddr3-1600Mhz Unbuffered Dual Rank 1.35V 204- — Cheapest listed $/GB across the consumer Keepa basket; per-drive posting glitches removed,false
stanford_memory_prices_0a4f1425914ec43a7dee,2025-02-01,2026-08-04T05:05:14Z,stanford_memory_prices,historical_research,NAND,NAND cheapest (Keepa),,unknown,,0.04749,USD,USD/GB,0.04749,,,,https://dam.stanford.edu/assets/memory-prices/memory-prices.csv,Stanford dataset; underlying source: keepa,research_dataset,"NAND cheapest (Keepa) — Colorful 2TB M2 SSD NVMe 2280 Internal Solid State Drive,SLC Cache 3D NAND TLC,Up to 3200M — Cheapest listed $/GB across the consumer Keepa basket; per-drive posting glitches removed",false
stanford_memory_prices_0a542ddcc786bc163e06,2019-03-01,2026-08-04T05:05:14Z,stanford_memory_prices,historical_research,NAND,NAND cheapest (Keepa),512.0,GB,,0.09764,USD,USD/GB,0.09764,,,,https://dam.stanford.edu/assets/memory-prices/memory-prices.csv,Stanford dataset; underlying source: keepa,research_dataset,NAND cheapest (Keepa) — SABRENT 512GB Rocket NVMe PCIe M.2 2280 Internal SSD High Performance Solid State Drive (S — Cheapest listed $/GB across the consumer Keepa basket; per-drive posting glitches removed,false
stanford_memory_prices_0a9143153f893dd3d2c6,2007-01-01,2026-08-04T05:05:14Z,stanford_memory_prices,historical_research,DRAM,McCallum DRAM (historical),1.0,GB,,82.0,USD,USD/GB,82.0,,,,https://dam.stanford.edu/assets/memory-prices/memory-prices.csv,Stanford dataset; underlying source: mccallum,research_dataset,"McCallum DRAM (historical) — 1GB DIMM DDR-400 @ $78.99 + 4.99 shipping — Historical, John C. McCallum (jcmit.net) via Internet Archive",false
stanford_memory_prices_0c513287baff8de80103,1995-09-03,2026-08-04T05:05:14Z,stanford_memory_prices,historical_research,DRAM,McCallum DRAM (historical),,unknown,,33100.0,USD,USD/GB,33100.0,,,,https://dam.stanford.edu/assets/memory-prices/memory-prices.csv,Stanford dataset; underlying source: mccallum,research_dataset,"McCallum DRAM (historical) — 4Mx36-70 SIMM [72 pin] @ $529 — Historical, John C. McCallum (jcmit.net) via Internet Archive",false
stanford_memory_prices_0c7500180fc07dd6b48a,1959-01-01,2026-08-04T05:05:14Z,stanford_memory_prices,historical_research,DRAM,McCallum DRAM (historical),,unknown,,67947725000.0,USD,USD/GB,67947725000.0,,,,https://dam.stanford.edu/assets/memory-prices/memory-prices.csv,Stanford dataset; underlying source: mccallum,research_dataset,"McCallum DRAM (historical) — vacuum tube Flip-Flop — Historical, John C. McCallum (jcmit.net) via Internet Archive",false
stanford_memory_prices_0e2bf49d53b6af073c26,2025-06-01,2026-08-04T05:05:14Z,stanford_memory_prices,historical_research,DDR5,DDR5 (Keepa),48.0,GB,4800,2.53771,USD,USD/GB,2.53771,,,,https://dam.stanford.edu/assets/memory-prices/memory-prices.csv,Stanford dataset; underlying source: keepa,research_dataset,DDR5 (Keepa) — CORSAIR Vengeance SODIMM DDR5 RAM 48GB (2x24GB) 4800MHz CL40 Intel XMP iCUE Compatible Com — Cheapest listed $/GB across the consumer Keepa basket; per-drive posting glitches removed,false
stanford_memory_prices_0e6061457338b2e9c254,2017-01-01,2026-08-04T05:05:14Z,stanford_memory_prices,historical_research,NAND,NAND cheapest (Keepa),512.0,GB,,0.38086,USD,USD/GB,0.38086,,,,https://dam.stanford.edu/assets/memory-prices/memory-prices.csv,Stanford dataset; underlying source: keepa,research_dataset,NAND cheapest (Keepa) — Plextor M8Pe 512GB M.2 PCIe NVMe Solid-State Drive with Heatsink (PX-512M8PeG) — Cheapest listed $/GB across the consumer Keepa basket; per-drive posting glitches removed,false
stanford_memory_prices_0ede46b6854e1529acdf,1985-10-31,2026-08-04T05:05:14Z,stanford_memory_prices,historical_research,DRAM,McCallum DRAM (historical),,unknown,,300000.0,USD,USD/GB,300000.0,,,,https://dam.stanford.edu/assets/memory-prices/memory-prices.csv,Stanford dataset; underlying source: mccallum,research_dataset,"McCallum DRAM (historical) — 2MB J-RAM-2 A&T $599 — Historical, John C. McCallum (jcmit.net) via Internet Archive",false
stanford_memory_prices_0fbaf9279c105b362747,1987-01-30,2026-08-04T05:05:14Z,stanford_memory_prices,historical_research,DRAM,McCallum DRAM (historical),,unknown,,176000.0,USD,USD/GB,176000.0,,,,https://dam.stanford.edu/assets/memory-prices/memory-prices.csv,Stanford dataset; underlying source: mccallum,research_dataset,"McCallum DRAM (historical) — JDR AT Multifuntion $139.95+49.95+3*36*2.95 — Historical, John C. McCallum (jcmit.net) via Internet Archive",false
stanford_memory_prices_0fc443c08a7d72fe487e,2025-12-01,2026-08-04T05:05:14Z,stanford_memory_prices,historical_research,NAND,NAND cheapest (Keepa),,unknown,,0.0569,USD,USD/GB,0.0569,,,,https://dam.stanford.edu/assets/memory-prices/memory-prices.csv,Stanford dataset; underlying source: keepa,research_dataset,"NAND cheapest (Keepa) — Crucial P3 PCIe Gen3 NVMe 4TB SSD, Up to 3,500MB/s Read, Laptop & Desktop (PC) Compatible, — Cheapest listed $/GB across the consumer Keepa basket; per-drive posting glitches removed",false
stanford_memory_prices_0fe9826c85dfd001e91a,2025-01-01,2026-08-04T05:05:14Z,stanford_memory_prices,historical_research,HBM,Logic cost share,,unknown,,14.29,% of component cost,percent_share,,,,,https://dam.stanford.edu/assets/memory-prices/memory-prices.csv,Stanford dataset; underlying source: epoch.ai,research_dataset,Logic cost share — Logic share of AI-accelerator BoM — Epoch AI quarterly estimate (production-volume-weighted across Nvidia/AMD/Google/Amazon),true
stanford_memory_prices_1016d6fa85323bbcabae,2014-06-03,2026-08-04T05:05:14Z,stanford_memory_prices,historical_research,DDR3,McCallum DRAM (historical),4.0,GB,,7.9,USD,USD/GB,7.9,,,,https://dam.stanford.edu/assets/memory-prices/memory-prices.csv,Stanford dataset; underlying source: mccallum,research_dataset,"McCallum DRAM (historical) — 2x 4GB DIMM DDR3-1333 @ $64.99 + free shipping — Historical, John C. McCallum (jcmit.net) via Internet Archive",false
stanford_memory_prices_10e63d853170f209d795,2026-06-01,2026-08-04T05:05:14Z,stanford_memory_prices,historical_research,NAND,NAND cheapest (Keepa),,unknown,,0.09753,USD,USD/GB,0.09753,,,,https://dam.stanford.edu/assets/memory-prices/memory-prices.csv,Stanford dataset; underlying source: keepa,research_dataset,"NAND cheapest (Keepa) — Western Digital 4TB WD Blue SN5000 NVMe Internal Solid State Drive SSD - PCIe Gen 4.0, M.2 — Cheapest listed $/GB across the consumer Keepa basket; per-drive posting glitches removed",false
stanford_memory_prices_11d31c2372df0547ff9a,2020-08-01,2026-08-04T05:05:14Z,stanford_memory_prices,historical_research,NAND,NAND cheapest (Keepa),,unknown,,0.08999,USD,USD/GB,0.08999,,,,https://dam.stanford.edu/assets/memory-prices/memory-prices.csv,Stanford dataset; underlying source: keepa,research_dataset,NAND cheapest (Keepa) — LEVEN JP600 1TB Up to 2100 MB/s PCIe NVMe Internal SSD (Solid State Drive)- Gen3x4 M.2 228 — Cheapest listed $/GB across the consumer Keepa basket; per-drive posting glitches removed,false
stanford_memory_prices_11eb2cf1c980b1ac54eb,1996-07-01,2026-08-04T05:05:14Z,stanford_memory_prices,historical_research,DRAM,McCallum DRAM (historical),,unknown,,11250.0,USD,USD/GB,11250.0,,,,https://dam.stanford.edu/assets/memory-prices/memory-prices.csv,Stanford dataset; underlying source: mccallum,research_dataset,"McCallum DRAM (historical) — 4Mx32-60 SIMM [72 pin] @ $180 — Historical, John C. McCallum (jcmit.net) via Internet Archive",false
stanford_memory_prices_123b077d1221ff28b0ae,2023-01-30,2026-08-04T05:05:14Z,stanford_memory_prices,historical_research,DDR4,McCallum DRAM (historical),32.0,GB,,1.8,USD,USD/GB,1.8,,,,https://dam.stanford.edu/assets/memory-prices/memory-prices.csv,Stanford dataset; underlying source: mccallum,research_dataset,"McCallum DRAM (historical) — 2x 32GB SO-DIMM DDR4-3200 @ $114.99 + free shipping — Historical, John C. McCallum (jcmit.net) via Internet Archive",false
stanford_memory_prices_126522899a91e880c219,2015-04-02,2026-08-04T05:05:14Z,stanford_memory_prices,historical_research,DDR3,McCallum DRAM (historical),4.0,GB,,6.1,USD,USD/GB,6.1,,,,https://dam.stanford.edu/assets/memory-prices/memory-prices.csv,Stanford dataset; underlying source: mccallum,research_dataset,"McCallum DRAM (historical) — 2x 4GB DIMM DDR3-1600 @ $49.99 + free shipping — Historical, John C. McCallum (jcmit.net) via Internet Archive",false
stanford_memory_prices_1276adaaad803d2249dc,2003-04-02,2026-08-04T05:05:14Z,stanford_memory_prices,historical_research,DRAM,McCallum DRAM (historical),,unknown,,76.0,USD,USD/GB,76.0,,,,https://dam.stanford.edu/assets/memory-prices/memory-prices.csv,Stanford dataset; underlying source: mccallum,research_dataset,"McCallum DRAM (historical) — 512MB DIMM PC-133 @ $39 — Historical, John C. McCallum (jcmit.net) via Internet Archive",false
stanford_memory_prices_13507ae2cfad9a580701,2025-06-01,2026-08-04T05:05:14Z,stanford_memory_prices,historical_research,DDR3,DDR3 (Keepa),2.0,GB,1600,2.63,USD,USD/GB,2.63,,,,https://dam.stanford.edu/assets/memory-prices/memory-prices.csv,Stanford dataset; underlying source: keepa,research_dataset,"DDR3 (Keepa) — HYNIX HMT325S6EFR8A-PB 1600 MHZ, 2 GB, DDR3, RAM Stick — Cheapest listed $/GB across the consumer Keepa basket; per-drive posting glitches removed",false
stanford_memory_prices_13815c7e022e0e349660,2020-12-02,2026-08-04T05:05:14Z,stanford_memory_prices,historical_research,DDR4,McCallum DRAM (historical),16.0,GB,,3.0,USD,USD/GB,3.0,,,,https://dam.stanford.edu/assets/memory-prices/memory-prices.csv,Stanford dataset; underlying source: mccallum,research_dataset,"McCallum DRAM (historical) — 2x 16GB DIMM DDR4-3000 @ $97.99 + free shipping — Historical, John C. McCallum (jcmit.net) via Internet Archive",false
stanford_memory_prices_1383452ee0a9df1d9f63,1978-10-02,2026-08-04T05:05:14Z,stanford_memory_prices,historical_research,DRAM,McCallum DRAM (historical),,unknown,,15200000.0,USD,USD/GB,15200000.0,,,,https://dam.stanford.edu/assets/memory-prices/memory-prices.csv,Stanford dataset; underlying source: mccallum,research_dataset,"McCallum DRAM (historical) — Historical, John C. McCallum (jcmit.net) via Internet Archive",false
stanford_memory_prices_13dc821b2d1419484bda,2024-08-01,2026-08-04T05:05:14Z,stanford_memory_prices,historical_research,NAND,NAND cheapest (Keepa),,unknown,,0.0475,USD,USD/GB,0.0475,,,,https://dam.stanford.edu/assets/memory-prices/memory-prices.csv,Stanford dataset; underlying source: keepa,research_dataset,"NAND cheapest (Keepa) — LEVEN JPS800 4TB PCIe Gen4 Speed up to 5,000MB/s 3D NAND NVMe M.2 SSD with Thermal Pad and — Cheapest listed $/GB across the consumer Keepa basket; per-drive posting glitches removed",false
stanford_memory_prices_146fafa913aa34e2248e,1994-10-02,2026-08-04T05:05:14Z,stanford_memory_prices,historical_research,DRAM,McCallum DRAM (historical),,unknown,,33500.0,USD,USD/GB,33500.0,,,,https://dam.stanford.edu/assets/memory-prices/memory-prices.csv,Stanford dataset; underlying source: mccallum,research_dataset,"McCallum DRAM (historical) — 4Mx9-70 SIMM @ $134 — Historical, John C. McCallum (jcmit.net) via Internet Archive",false
stanford_memory_prices_14b039cc38ad2ee6360f,1995-05-01,2026-08-04T05:05:14Z,stanford_memory_prices,historical_research,DRAM,McCallum DRAM (historical),,unknown,,31200.0,USD,USD/GB,31200.0,,,,https://dam.stanford.edu/assets/memory-prices/memory-prices.csv,Stanford dataset; underlying source: mccallum,research_dataset,"McCallum DRAM (historical) — 4Mx36-70 SIMM [72 pin] @ $499 — Historical, John C. McCallum (jcmit.net) via Internet Archive",false
stanford_memory_prices_1562c79505dda19d46a4,2024-07-01,2026-08-04T05:05:14Z,stanford_memory_prices,historical_research,HBM,Auxiliary cost share,,unknown,,12.37,% of component cost,percent_share,,,,,https://dam.stanford.edu/assets/memory-prices/memory-prices.csv,Stanford dataset; underlying source: epoch.ai,research_dataset,Auxiliary cost share — Auxiliary share of AI-accelerator BoM — Epoch AI quarterly estimate (production-volume-weighted across Nvidia/AMD/Google/Amazon),true
stanford_memory_prices_15a4fb16056fd0a93341,1992-03-03,2026-08-04T05:05:14Z,stanford_memory_prices,historical_research,DRAM,McCallum DRAM (historical),,unknown,,36000.0,USD,USD/GB,36000.0,,,,https://dam.stanford.edu/assets/memory-prices/memory-prices.csv,Stanford dataset; underlying source: mccallum,research_dataset,"McCallum DRAM (historical) — 4Mx9-80 SIMM @ $145 — Historical, John C. McCallum (jcmit.net) via Internet Archive",false
stanford_memory_prices_15a6ea2e45abb23719ca,2009-07-02,2026-08-04T05:05:14Z,stanford_memory_prices,historical_research,DRAM,McCallum DRAM (historical),2.0,GB,,11.0,USD,USD/GB,11.0,,,,https://dam.stanford.edu/assets/memory-prices/memory-prices.csv,Stanford dataset; underlying source: mccallum,research_dataset,"McCallum DRAM (historical) — 2x 2GB DIMM DDR2-800 @ $44.99 + free shipping — Historical, John C. McCallum (jcmit.net) via Internet Archive",false
stanford_memory_prices_15f19f877acf35b24d7f,2022-02-01,2026-08-04T05:05:14Z,stanford_memory_prices,historical_research,NAND,NAND cheapest (Keepa),,unknown,,0.0905,USD,USD/GB,0.0905,,,,https://dam.stanford.edu/assets/memory-prices/memory-prices.csv,Stanford dataset; underlying source: keepa,research_dataset,"NAND cheapest (Keepa) — WD_BLACK 2TB SN750 NVMe Internal Gaming SSD Solid State Drive - Gen3 PCIe, M.2 2280, 3D NA — Cheapest listed $/GB across the consumer Keepa basket; per-drive posting glitches removed",false
stanford_memory_prices_15ffae842d317d47c418,2025-04-01,2026-08-04T05:05:14Z,stanford_memory_prices,historical_research,HBM,Auxiliary cost share,,unknown,,10.71,% of component cost,percent_share,,,,,https://dam.stanford.edu/assets/memory-prices/memory-prices.csv,Stanford dataset; underlying source: epoch.ai,research_dataset,Auxiliary cost share — Auxiliary share of AI-accelerator BoM — Epoch AI quarterly estimate (production-volume-weighted across Nvidia/AMD/Google/Amazon),true
stanford_memory_prices_1649f79a04692146f2f6,2001-10-09,2026-08-04T05:05:14Z,stanford_memory_prices,historical_research,DRAM,McCallum DRAM (historical),,unknown,,150.0,USD,USD/GB,150.0,,,,https://dam.stanford.edu/assets/memory-prices/memory-prices.csv,Stanford dataset; underlying source: mccallum,research_dataset,"McCallum DRAM (historical) — 128 MB DIMM PC-133 @ $18.89 — Historical, John C. McCallum (jcmit.net) via Internet Archive",false
stanford_memory_prices_1679a22ffc3f2c82a041,2016-01-30,2026-08-04T05:05:14Z,stanford_memory_prices,historical_research,DDR3,McCallum DRAM (historical),8.0,GB,,3.6,USD,USD/GB,3.6,,,,https://dam.stanford.edu/assets/memory-prices/memory-prices.csv,Stanford dataset; underlying source: mccallum,research_dataset,"McCallum DRAM (historical) — 2x 8GB DIMM DDR3L-1600 @ $58.99 + free shipping — Historical, John C. McCallum (jcmit.net) via Internet Archive",false
stanford_memory_prices_17412d9c601d18f32f02,2023-10-02,2026-08-04T05:05:14Z,stanford_memory_prices,historical_research,DDR4,McCallum DRAM (historical),32.0,GB,,1.37,USD,USD/GB,1.37,,,,https://dam.stanford.edu/assets/memory-prices/memory-prices.csv,Stanford dataset; underlying source: mccallum,research_dataset,"McCallum DRAM (historical) — 2x 32GB SO-DIMM DDR4-3200 @ $89.99 + free shipping — Historical, John C. McCallum (jcmit.net) via Internet Archive",false
stanford_memory_prices_17574e54a33418269309,2025-04-01,2026-08-04T05:05:14Z,stanford_memory_prices,historical_research,HBM,Auxiliary spend,,unknown,,1.1499,USD,usd_billion,,,,,https://dam.stanford.edu/assets/memory-prices/memory-prices.csv,Stanford dataset; underlying source: epoch.ai,research_dataset,Auxiliary spend — Auxiliary quarterly spend (4 designers) — Epoch AI quarterly estimate (production-volume-weighted across Nvidia/AMD/Google/Amazon),true
stanford_memory_prices_180713aaa75afba6ec72,1995-01-30,2026-08-04T05:05:14Z,stanford_memory_prices,historical_research,DRAM,McCallum DRAM (historical),,unknown,,32000.0,USD,USD/GB,32000.0,,,,https://dam.stanford.edu/assets/memory-prices/memory-prices.csv,Stanford dataset; underlying source: mccallum,research_dataset,"McCallum DRAM (historical) — 4Mx9-70 SIMM @ $129 — Historical, John C. McCallum (jcmit.net) via Internet Archive",false
stanford_memory_prices_183d3f837c7ba31da1c4,2026-02-01,2026-08-04T05:05:14Z,stanford_memory_prices,historical_research,DDR5,DDR5 (Keepa),8.0,GB,5200,9.87375,USD,USD/GB,9.87375,,,,https://dam.stanford.edu/assets/memory-prices/memory-prices.csv,Stanford dataset; underlying source: keepa,research_dataset,DDR5 (Keepa) — Kingston Fury Beast 8GB 5200MT/s DDR5 CL40 XMP 3.0 Ready Computer Memory Single Module KF5 — Cheapest listed $/GB across the consumer Keepa basket; per-drive posting glitches removed,false
stanford_memory_prices_18827e12d58e55260b59,2013-08-01,2026-08-04T05:05:14Z,stanford_memory_prices,historical_research,DDR3,McCallum DRAM (historical),4.0,GB,,7.3,USD,USD/GB,7.3,,,,https://dam.stanford.edu/assets/memory-prices/memory-prices.csv,Stanford dataset; underlying source: mccallum,research_dataset,"McCallum DRAM (historical) — 2x 4GB DIMM DDR3-1333 @ $59.99 + free shipping — Historical, John C. McCallum (jcmit.net) via Internet Archive",false
stanford_memory_prices_189aed752512bef6af03,2023-03-01,2026-08-04T05:05:14Z,stanford_memory_prices,historical_research,NAND,NAND cheapest (Keepa),,unknown,,0.04299,USD,USD/GB,0.04299,,,,https://dam.stanford.edu/assets/memory-prices/memory-prices.csv,Stanford dataset; underlying source: keepa,research_dataset,NAND cheapest (Keepa) — LEVEN JP600 1TB Up to 2100 MB/s PCIe NVMe Internal SSD (Solid State Drive)- Gen3x4 M.2 228 — Cheapest listed $/GB across the consumer Keepa basket; per-drive posting glitches removed,false
stanford_memory_prices_19021d09b041ec3b8281,2024-11-01,2026-08-04T05:05:14Z,stanford_memory_prices,historical_research,NAND,NAND cheapest (Keepa),,unknown,,0.0356,USD,USD/GB,0.0356,,,,https://dam.stanford.edu/assets/memory-prices/memory-prices.csv,Stanford dataset; underlying source: keepa,research_dataset,NAND cheapest (Keepa) — V7 1 TB Solid State Drive - M.2 Internal - PCI Express NVMe (PCI Express 3.0 x4) - TAA Com — Cheapest listed $/GB across the consumer Keepa basket; per-drive posting glitches removed,false
stanford_memory_prices_192760504a655a39dd95,1960-01-01,2026-08-04T05:05:14Z,stanford_memory_prices,historical_research,DRAM,McCallum DRAM (historical),,unknown,,5242880000.0,USD,USD/GB,5242880000.0,,,,https://dam.stanford.edu/assets/memory-prices/memory-prices.csv,Stanford dataset; underlying source: mccallum,research_dataset,"McCallum DRAM (historical) — IBM 1401 core memory — Historical, John C. McCallum (jcmit.net) via Internet Archive",false
stanford_memory_prices_19ccae7869721dfe2b26,2000-01-30,2026-08-04T05:05:14Z,stanford_memory_prices,historical_research,DRAM,McCallum DRAM (historical),,unknown,,1480.0,USD,USD/GB,1480.0,,,,https://dam.stanford.edu/assets/memory-prices/memory-prices.csv,Stanford dataset; underlying source: mccallum,research_dataset,"McCallum DRAM (historical) — 64 MB DIMM PC-100 @ $94.49 — Historical, John C. McCallum (jcmit.net) via Internet Archive",false
stanford_memory_prices_19ccd97f5946dcd5d629,1976-06-02,2026-08-04T05:05:14Z,stanford_memory_prices,historical_research,DRAM,McCallum DRAM (historical),,unknown,,23040000.0,USD,USD/GB,23040000.0,,,,https://dam.stanford.edu/assets/memory-prices/memory-prices.csv,Stanford dataset; underlying source: mccallum,research_dataset,"McCallum DRAM (historical) — SD Sales 4K Static Board — Historical, John C. McCallum (jcmit.net) via Internet Archive",false
stanford_memory_prices_1a095e99763b8a4bdda4,2022-05-01,2026-08-04T05:05:14Z,stanford_memory_prices,historical_research,DDR4,McCallum DRAM (historical),32.0,GB,,2.7,USD,USD/GB,2.7,,,,https://dam.stanford.edu/assets/memory-prices/memory-prices.csv,Stanford dataset; underlying source: mccallum,research_dataset,"McCallum DRAM (historical) — 1x 32GB SO-DIMM DDR4-3200 @ $87.99 + free shipping — Historical, John C. McCallum (jcmit.net) via Internet Archive",false
stanford_memory_prices_1a4c815e0e9923b5f8fc,1994-10-31,2026-08-04T05:05:14Z,stanford_memory_prices,historical_research,DRAM,McCallum DRAM (historical),,unknown,,32300.0,USD,USD/GB,32300.0,,,,https://dam.stanford.edu/assets/memory-prices/memory-prices.csv,Stanford dataset; underlying source: mccallum,research_dataset,"McCallum DRAM (historical) — 4Mx9-70 SIMM @ $129 — Historical, John C. McCallum (jcmit.net) via Internet Archive",false
stanford_memory_prices_1a795c80056b4f5b73c7,1986-08-01,2026-08-04T05:05:14Z,stanford_memory_prices,historical_research,DRAM,McCallum DRAM (historical),,unknown,,190000.0,USD,USD/GB,190000.0,,,,https://dam.stanford.edu/assets/memory-prices/memory-prices.csv,Stanford dataset; underlying source: mccallum,research_dataset,"McCallum DRAM (historical) — JDR AT Multifuntion $199.95+49.95+318.60 — Historical, John C. McCallum (jcmit.net) via Internet Archive",false
stanford_memory_prices_1aa52b24fb5d94ab8a03,1982-09-03,2026-08-04T05:05:14Z,stanford_memory_prices,historical_research,DRAM,McCallum DRAM (historical),,unknown,,1980000.0,USD,USD/GB,1980000.0,,,,https://dam.stanford.edu/assets/memory-prices/memory-prices.csv,Stanford dataset; underlying source: mccallum,research_dataset,"McCallum DRAM (historical) — California Digital — Historical, John C. McCallum (jcmit.net) via Internet Archive",false
stanford_memory_prices_1b122e76dae2930269ae,2021-12-01,2026-08-04T05:05:14Z,stanford_memory_prices,historical_research,NAND,NAND cheapest (Keepa),,unknown,,0.08,USD,USD/GB,0.08,,,,https://dam.stanford.edu/assets/memory-prices/memory-prices.csv,Stanford dataset; underlying source: keepa,research_dataset,NAND cheapest (Keepa) — Crucial P2 2TB 3D NAND NVMe PCIe M.2 SSD Up to 2400MB/s - CT2000P2SSD8 — Cheapest listed $/GB across the consumer Keepa basket; per-drive posting glitches removed,false
stanford_memory_prices_1b1b8c4498cfd1299573,2025-10-01,2026-08-04T05:05:14Z,stanford_memory_prices,historical_research,DDR3,DDR3 (Keepa),2.0,GB,1600,3.025,USD,USD/GB,3.025,,,,https://dam.stanford.edu/assets/memory-prices/memory-prices.csv,Stanford dataset; underlying source: keepa,research_dataset,"DDR3 (Keepa) — HYNIX HMT325S6EFR8A-PB 1600 MHZ, 2 GB, DDR3, RAM Stick — Cheapest listed $/GB across the consumer Keepa basket; per-drive posting glitches removed",false
stanford_memory_prices_1b2b2cf5106ddd9ac6c9,2024-10-01,2026-08-04T05:05:14Z,stanford_memory_prices,historical_research,NAND,NAND cheapest (Keepa),,unknown,,0.0475,USD,USD/GB,0.0475,,,,https://dam.stanford.edu/assets/memory-prices/memory-prices.csv,Stanford dataset; underlying source: keepa,research_dataset,"NAND cheapest (Keepa) — LEVEN JPS800 4TB PCIe Gen4 Speed up to 5,000MB/s 3D NAND NVMe M.2 SSD with Thermal Pad and — Cheapest listed $/GB across the consumer Keepa basket; per-drive posting glitches removed",false
stanford_memory_prices_1b4d147370890da01021,2026-07-01,2026-08-04T05:05:14Z,stanford_memory_prices,historical_research,DDR4,DDR4 (Keepa),32.0,GB,3600,8.40625,USD,USD/GB,8.40625,,,,https://dam.stanford.edu/assets/memory-prices/memory-prices.csv,Stanford dataset; underlying source: keepa,research_dataset,DDR4 (Keepa) — CORSAIR Vengeance RGB PRO DDR4 RAM 32GB (2x16GB) 3600MHz CL18-22-22-42 1.35V Intel AMD Des — Cheapest listed $/GB across the consumer Keepa basket; per-drive posting glitches removed,false
stanford_memory_prices_1b6426c2c1617d76d0b0,2007-03-04,2026-08-04T05:05:14Z,stanford_memory_prices,historical_research,DRAM,McCallum DRAM (historical),1.0,GB,,66.0,USD,USD/GB,66.0,,,,https://dam.stanford.edu/assets/memory-prices/memory-prices.csv,Stanford dataset; underlying source: mccallum,research_dataset,"McCallum DRAM (historical) — 2x 1GB DIMM DDR2-667 @ $129.99 + 4.99 shipping — Historical, John C. McCallum (jcmit.net) via Internet Archive",false
stanford_memory_prices_1b91cf07a9c235dc849c,1975-01-01,2026-08-04T05:05:14Z,stanford_memory_prices,historical_research,DRAM,McCallum DRAM (historical),,unknown,,421888000.0,USD,USD/GB,421888000.0,,,,https://dam.stanford.edu/assets/memory-prices/memory-prices.csv,Stanford dataset; underlying source: mccallum,research_dataset,"McCallum DRAM (historical) — Altair 8800 256 Byte Static Board — Historical, John C. McCallum (jcmit.net) via Internet Archive",false
stanford_memory_prices_1bf793db5f91301863f5,2010-06-01,2026-08-04T05:05:14Z,stanford_memory_prices,historical_research,NAND,NAND SSD (anchor),,unknown,,2.5,USD,USD/GB,2.5,,,,https://dam.stanford.edu/assets/memory-prices/memory-prices.csv,Stanford dataset; underlying source: manual,research_dataset,NAND SSD (anchor) — early consumer SSD ~$2.5/GB — Approximate (general SSD price-history),false
stanford_memory_prices_1d08c19220464cd2ca54,2010-08-01,2026-08-04T05:05:14Z,stanford_memory_prices,historical_research,DDR3,McCallum DRAM (historical),2.0,GB,,22.0,USD,USD/GB,22.0,,,,https://dam.stanford.edu/assets/memory-prices/memory-prices.csv,Stanford dataset; underlying source: mccallum,research_dataset,"McCallum DRAM (historical) — 2x 2GB DIMM DDR3-1333 @ $89.99 + free shipping — Historical, John C. McCallum (jcmit.net) via Internet Archive",false
stanford_memory_prices_1df690f4b61c86348245,2024-10-01,2026-08-04T05:05:14Z,stanford_memory_prices,historical_research,HBM,HBM spend,,unknown,,4.8054,USD,usd_billion,,,,,https://dam.stanford.edu/assets/memory-prices/memory-prices.csv,Stanford dataset; underlying source: epoch.ai,research_dataset,HBM spend — HBM quarterly spend (4 designers) — Epoch AI quarterly estimate (production-volume-weighted across Nvidia/AMD/Google/Amazon),true
stanford_memory_prices_1e609d4cf65dcd38b3bf,2019-02-01,2026-08-04T05:05:14Z,stanford_memory_prices,historical_research,NAND,NAND cheapest (Keepa),8.0,Gb,,0.12999,USD,USD/GB,0.12999,,,,https://dam.stanford.edu/assets/memory-prices/memory-prices.csv,Stanford dataset; underlying source: keepa,research_dataset,"NAND cheapest (Keepa) — Dataram Internal SSD, PCIe NVMe M.2 2280 Solid State Drive, PCIe Gen3 8Gb/s (1TB) — Cheapest listed $/GB across the consumer Keepa basket; per-drive posting glitches removed",false
stanford_memory_prices_1ecef5d78424b33e1760,1990-10-02,2026-08-04T05:05:14Z,stanford_memory_prices,historical_research,DRAM,McCallum DRAM (historical),,unknown,,59000.0,USD,USD/GB,59000.0,,,,https://dam.stanford.edu/assets/memory-prices/memory-prices.csv,Stanford dataset; underlying source: mccallum,research_dataset,"McCallum DRAM (historical) — 1Mx9-80 SIMM @ $59 — Historical, John C. McCallum (jcmit.net) via Internet Archive",false
stanford_memory_prices_1fa0b489273e2d4f0bc3,2014-03-04,2026-08-04T05:05:14Z,stanford_memory_prices,historical_research,DDR3,McCallum DRAM (historical),4.0,GB,,7.9,USD,USD/GB,7.9,,,,https://dam.stanford.edu/assets/memory-prices/memory-prices.csv,Stanford dataset; underlying source: mccallum,research_dataset,"McCallum DRAM (historical) — 2x 4GB DIMM DDR3-1600 @ $64.99 + free shipping — Historical, John C. McCallum (jcmit.net) via Internet Archive",false
stanford_memory_prices_1ff94e5fcb8438e0c657,1987-09-03,2026-08-04T05:05:14Z,stanford_memory_prices,historical_research,DRAM,McCallum DRAM (historical),,unknown,,163000.0,USD,USD/GB,163000.0,,,,https://dam.stanford.edu/assets/memory-prices/memory-prices.csv,Stanford dataset; underlying source: mccallum,research_dataset,"McCallum DRAM (historical) — JDR MCT-ATMF 3MB Multifunction — Historical, John C. McCallum (jcmit.net) via Internet Archive",false
stanford_memory_prices_20766b302f44f6554888,1995-04-02,2026-08-04T05:05:14Z,stanford_memory_prices,historical_research,DRAM,McCallum DRAM (historical),,unknown,,31200.0,USD,USD/GB,31200.0,,,,https://dam.stanford.edu/assets/memory-prices/memory-prices.csv,Stanford dataset; underlying source: mccallum,research_dataset,"McCallum DRAM (historical) — 4Mx36-70 SIMM [72 pin] @ $499 — Historical, John C. McCallum (jcmit.net) via Internet Archive",false
stanford_memory_prices_20bc578c45a470e8dd58,1993-12-03,2026-08-04T05:05:14Z,stanford_memory_prices,historical_research,DRAM,McCallum DRAM (historical),,unknown,,35800.0,USD,USD/GB,35800.0,,,,https://dam.stanford.edu/assets/memory-prices/memory-prices.csv,Stanford dataset; underlying source: mccallum,research_dataset,"McCallum DRAM (historical) — 4Mx3x3-70 SIMM @ $143 — Historical, John C. McCallum (jcmit.net) via Internet Archive",false
stanford_memory_prices_20d8c9d564c7c9c9063d,2017-05-01,2026-08-04T05:05:14Z,stanford_memory_prices,historical_research,NAND,NAND cheapest (Keepa),512.0,GB,,0.4199,USD,USD/GB,0.4199,,,,https://dam.stanford.edu/assets/memory-prices/memory-prices.csv,Stanford dataset; underlying source: keepa,research_dataset,NAND cheapest (Keepa) — Plextor M8Pe 512GB M.2 PCIe NVMe Solid-State Drive with Heatsink (PX-512M8PeG) — Cheapest listed $/GB across the consumer Keepa basket; per-drive posting glitches removed,false
stanford_memory_prices_20ded93c68ef2a2f5f10,1991-04-02,2026-08-04T05:05:14Z,stanford_memory_prices,historical_research,DRAM,McCallum DRAM (historical),,unknown,,45000.0,USD,USD/GB,45000.0,,,,https://dam.stanford.edu/assets/memory-prices/memory-prices.csv,Stanford dataset; underlying source: mccallum,research_dataset,"McCallum DRAM (historical) — 1Mx9-100 SIMM @ $45 — Historical, John C. McCallum (jcmit.net) via Internet Archive",false
stanford_memory_prices_20ee0e18cceaf1f4130b,2025-04-01,2026-08-04T05:05:14Z,stanford_memory_prices,historical_research,HBM,Packaging spend,,unknown,,1.7979,USD,usd_billion,,,,,https://dam.stanford.edu/assets/memory-prices/memory-prices.csv,Stanford dataset; underlying source: epoch.ai,research_dataset,Packaging spend — Packaging quarterly spend (4 designers) — Epoch AI quarterly estimate (production-volume-weighted across Nvidia/AMD/Google/Amazon),true
stanford_memory_prices_2165fa58da9ea984fa38,1981-08-01,2026-08-04T05:05:14Z,stanford_memory_prices,historical_research,DRAM,McCallum DRAM (historical),,unknown,,4479000.0,USD,USD/GB,4479000.0,,,,https://dam.stanford.edu/assets/memory-prices/memory-prices.csv,Stanford dataset; underlying source: mccallum,research_dataset,"McCallum DRAM (historical) — Jade — Historical, John C. McCallum (jcmit.net) via Internet Archive",false
stanford_memory_prices_21a909fdb9dbf5e95462,1986-01-30,2026-08-04T05:05:14Z,stanford_memory_prices,historical_research,DRAM,McCallum DRAM (historical),,unknown,,300000.0,USD,USD/GB,300000.0,,,,https://dam.stanford.edu/assets/memory-prices/memory-prices.csv,Stanford dataset; underlying source: mccallum,research_dataset,"McCallum DRAM (historical) — 2MB J-RAM-2 A&T $599 — Historical, John C. McCallum (jcmit.net) via Internet Archive",false
stanford_memory_prices_220ddb2cb5c650295548,1997-01-01,2026-08-04T05:05:14Z,stanford_memory_prices,historical_research,DRAM,McCallum DRAM (historical),,unknown,,4630.0,USD,USD/GB,4630.0,,,,https://dam.stanford.edu/assets/memory-prices/memory-prices.csv,Stanford dataset; underlying source: mccallum,research_dataset,"McCallum DRAM (historical) — 2Mx32-60 SIMM EDO [72 pin] @ $37 — Historical, John C. McCallum (jcmit.net) via Internet Archive",false
stanford_memory_prices_22118f4f92b544b0f16e,2026-01-01,2026-08-04T05:05:14Z,stanford_memory_prices,historical_research,DDR3,DRAM cheapest (Keepa),2.0,GB,1600,2.85,USD,USD/GB,2.85,,,,https://dam.stanford.edu/assets/memory-prices/memory-prices.csv,Stanford dataset; underlying source: keepa,research_dataset,"DRAM cheapest (Keepa) — HYNIX HMT325S6EFR8A-PB 1600 MHZ, 2 GB, DDR3, RAM Stick — Cheapest listed $/GB across the consumer Keepa basket; per-drive posting glitches removed",false
stanford_memory_prices_22c9be6d731f1885dddd,2023-06-01,2026-08-04T05:05:14Z,stanford_memory_prices,historical_research,NAND,NAND cheapest (Keepa),,unknown,,0.03899,USD,USD/GB,0.03899,,,,https://dam.stanford.edu/assets/memory-prices/memory-prices.csv,Stanford dataset; underlying source: keepa,research_dataset,"NAND cheapest (Keepa) — Ediloca EN600 PRO SSD 1TB PCIe 3.0 Gen 3x4, NVMe M.2 2280, Up to 3200MB/s, Internal Solid — Cheapest listed $/GB across the consumer Keepa basket; per-drive posting glitches removed",false
stanford_memory_prices_233aad53f37bd811b2e4,2016-10-01,2026-08-04T05:05:14Z,stanford_memory_prices,historical_research,NAND,NAND cheapest (Keepa),512.0,GB,,0.46873,USD,USD/GB,0.46873,,,,https://dam.stanford.edu/assets/memory-prices/memory-prices.csv,Stanford dataset; underlying source: keepa,research_dataset,NAND cheapest (Keepa) — Plextor M8Pe 512GB M.2 PCIe NVMe Solid-State Drive with Heatsink (PX-512M8PeG) — Cheapest listed $/GB across the consumer Keepa basket; per-drive posting glitches removed,false
stanford_memory_prices_236c90d5fd258f2a97e4,1980-01-01,2026-08-04T05:05:14Z,stanford_memory_prices,historical_research,DRAM,McCallum DRAM (historical),,unknown,,6480000.0,USD,USD/GB,6480000.0,,,,https://dam.stanford.edu/assets/memory-prices/memory-prices.csv,Stanford dataset; underlying source: mccallum,research_dataset,"McCallum DRAM (historical) — Historical, John C. McCallum (jcmit.net) via Internet Archive",false
stanford_memory_prices_2371cefdbcea66c22100,2019-12-01,2026-08-04T05:05:14Z,stanford_memory_prices,historical_research,NAND,NAND cheapest (Keepa),8.0,Gb,,0.10999,USD,USD/GB,0.10999,,,,https://dam.stanford.edu/assets/memory-prices/memory-prices.csv,Stanford dataset; underlying source: keepa,research_dataset,"NAND cheapest (Keepa) — Dataram Internal SSD, PCIe NVMe M.2 2280 Solid State Drive, PCIe Gen3 8Gb/s (1TB) — Cheapest listed $/GB across the consumer Keepa basket; per-drive posting glitches removed",false
stanford_memory_prices_23ef64f945f6e12306d4,2020-11-01,2026-08-04T05:05:14Z,stanford_memory_prices,historical_research,NAND,NAND cheapest (Keepa),512.0,GB,,0.1048,USD,USD/GB,0.1048,,,,https://dam.stanford.edu/assets/memory-prices/memory-prices.csv,Stanford dataset; underlying source: keepa,research_dataset,NAND cheapest (Keepa) — TOTAL MICRO TECHNOLOGIES Total Micro 512GB M.2 PCIe Nvme Class 40 Solid State Drive Meets — Cheapest listed $/GB across the consumer Keepa basket; per-drive posting glitches removed,false
stanford_memory_prices_241e899bc3df75687af7,1998-01-30,2026-08-04T05:05:14Z,stanford_memory_prices,historical_research,DRAM,McCallum DRAM (historical),,unknown,,910.0,USD,USD/GB,910.0,,,,https://dam.stanford.edu/assets/memory-prices/memory-prices.csv,Stanford dataset; underlying source: mccallum,research_dataset,"McCallum DRAM (historical) — 8Mx32-? SIMM EDO [72 pin] @ $29 — Historical, John C. McCallum (jcmit.net) via Internet Archive",false
stanford_memory_prices_24575776ebc2e6378d63,2026-06-01,2026-08-04T05:05:14Z,stanford_memory_prices,historical_research,DDR4,DDR4 (Keepa),16.0,GB,2133,5.95812,USD,USD/GB,5.95812,,,,https://dam.stanford.edu/assets/memory-prices/memory-prices.csv,Stanford dataset; underlying source: keepa,research_dataset,DDR4 (Keepa) — A-Tech 16GB RAM Replacement for Fujitsu 38046017 | DDR4 2133MHz PC4-17000 2Rx8 1.2V SODIMM — Cheapest listed $/GB across the consumer Keepa basket; per-drive posting glitches removed,false
stanford_memory_prices_248ae1cbfc40f307f580,2025-05-01,2026-08-04T05:05:14Z,stanford_memory_prices,historical_research,DDR5,DDR5 (Keepa),8.0,GB,5600,2.87375,USD,USD/GB,2.87375,,,,https://dam.stanford.edu/assets/memory-prices/memory-prices.csv,Stanford dataset; underlying source: keepa,research_dataset,DDR5 (Keepa) — Sam Original 8GB (1x8GB) DDR5 5600MHz PC5-44800 SODIMM 1Rx16 CL46 1.1v Laptop Notebook Mem — Cheapest listed $/GB across the consumer Keepa basket; per-drive posting glitches removed,false
stanford_memory_prices_2491c35e85ad8c0951cf,2013-09-03,2026-08-04T05:05:14Z,stanford_memory_prices,historical_research,DDR3,McCallum DRAM (historical),8.0,GB,,6.5,USD,USD/GB,6.5,,,,https://dam.stanford.edu/assets/memory-prices/memory-prices.csv,Stanford dataset; underlying source: mccallum,research_dataset,"McCallum DRAM (historical) — 1x 8GB DIMM DDR3-1600 @ $52.99 + free shipping — Historical, John C. McCallum (jcmit.net) via Internet Archive",false
stanford_memory_prices_251118ee1933a2f85d37,2024-08-01,2026-08-04T05:05:14Z,stanford_memory_prices,historical_research,DDR3,DDR3 (Keepa),8.0,GB,,2.415,USD,USD/GB,2.415,,,,https://dam.stanford.edu/assets/memory-prices/memory-prices.csv,Stanford dataset; underlying source: keepa,research_dataset,DDR3 (Keepa) — OFFTEK 8GB Replacement Memory RAM Upgrade for Toshiba Satellite P870 (PSPLEU-07401S) (DDR3 — Cheapest listed $/GB across the consumer Keepa basket; per-drive posting glitches removed,false
stanford_memory_prices_258c1aa7fac2271f2dbf,2023-08-01,2026-08-04T05:05:14Z,stanford_memory_prices,historical_research,NAND,NAND cheapest (Keepa),,unknown,,0.03699,USD,USD/GB,0.03699,,,,https://dam.stanford.edu/assets/memory-prices/memory-prices.csv,Stanford dataset; underlying source: keepa,research_dataset,"NAND cheapest (Keepa) — LEVEN JPS800 1TB PCIe Gen4 Speed up to 5,000MB/s, 3D NAND NVMe M.2 SSD with Thermal Pad an — Cheapest listed $/GB across the consumer Keepa basket; per-drive posting glitches removed",false
stanford_memory_prices_262cd55a26bbbb0c9aa1,2024-01-01,2026-08-04T05:05:14Z,stanford_memory_prices,historical_research,HBM,Logic spend,,unknown,,0.4579,USD,usd_billion,,,,,https://dam.stanford.edu/assets/memory-prices/memory-prices.csv,Stanford dataset; underlying source: epoch.ai,research_dataset,Logic spend — Logic quarterly spend (4 designers) — Epoch AI quarterly estimate (production-volume-weighted across Nvidia/AMD/Google/Amazon),true
stanford_memory_prices_26353c26a7120063844b,1998-09-03,2026-08-04T05:05:14Z,stanford_memory_prices,historical_research,DRAM,McCallum DRAM (historical),,unknown,,970.0,USD,USD/GB,970.0,,,,https://dam.stanford.edu/assets/memory-prices/memory-prices.csv,Stanford dataset; underlying source: mccallum,research_dataset,"McCallum DRAM (historical) — 8Mx32-? SIMM EDO [72 pin] @ $31 — Historical, John C. McCallum (jcmit.net) via Internet Archive",false
stanford_memory_prices_2671841c6f04c5398574,2025-07-01,2026-08-04T05:05:14Z,stanford_memory_prices,historical_research,DDR5,DDR5 (Keepa),48.0,GB,4800,2.16646,USD,USD/GB,2.16646,,,,https://dam.stanford.edu/assets/memory-prices/memory-prices.csv,Stanford dataset; underlying source: keepa,research_dataset,DDR5 (Keepa) — CORSAIR Vengeance SODIMM DDR5 RAM 48GB (2x24GB) 4800MHz CL40 Intel XMP iCUE Compatible Com — Cheapest listed $/GB across the consumer Keepa basket; per-drive posting glitches removed,false
stanford_memory_prices_26a8edd11f9a51d54d2d,2017-01-01,2026-08-04T05:05:14Z,stanford_memory_prices,historical_research,DDR4,McCallum DRAM (historical),8.0,GB,,4.9,USD,USD/GB,4.9,,,,https://dam.stanford.edu/assets/memory-prices/memory-prices.csv,Stanford dataset; underlying source: mccallum,research_dataset,"McCallum DRAM (historical) — 2x 8GB DIMM DDR4-3000 @ $79.99 + free shipping — Historical, John C. McCallum (jcmit.net) via Internet Archive",false
stanford_memory_prices_26f5fe52cce5c525c175,1996-10-01,2026-08-04T05:05:14Z,stanford_memory_prices,historical_research,DRAM,McCallum DRAM (historical),,unknown,,8000.0,USD,USD/GB,8000.0,,,,https://dam.stanford.edu/assets/memory-prices/memory-prices.csv,Stanford dataset; underlying source: mccallum,research_dataset,"McCallum DRAM (historical) — 4Mx36-70 SIMM [72 pin] @ $128 — Historical, John C. McCallum (jcmit.net) via Internet Archive",false
stanford_memory_prices_270c168b6ce0325a0dc0,1982-03-04,2026-08-04T05:05:14Z,stanford_memory_prices,historical_research,DRAM,McCallum DRAM (historical),,unknown,,4464000.0,USD,USD/GB,4464000.0,,,,https://dam.stanford.edu/assets/memory-prices/memory-prices.csv,Stanford dataset; underlying source: mccallum,research_dataset,"McCallum DRAM (historical) — Historical, John C. McCallum (jcmit.net) via Internet Archive",false
stanford_memory_prices_27190fffabbf2c1e379a,2015-05-01,2026-08-04T05:05:14Z,stanford_memory_prices,historical_research,DDR3,McCallum DRAM (historical),8.0,GB,,5.6,USD,USD/GB,5.6,,,,https://dam.stanford.edu/assets/memory-prices/memory-prices.csv,Stanford dataset; underlying source: mccallum,research_dataset,"McCallum DRAM (historical) — 2x 8GB DIMM DDR3-1600 @ $91.99 + free shipping — Historical, John C. McCallum (jcmit.net) via Internet Archive",false
stanford_memory_prices_2761b3970858b0e31fb8,2018-03-01,2026-08-04T05:05:14Z,stanford_memory_prices,historical_research,NAND,NAND cheapest (Keepa),512.0,GB,,0.30076,USD,USD/GB,0.30076,,,,https://dam.stanford.edu/assets/memory-prices/memory-prices.csv,Stanford dataset; underlying source: keepa,research_dataset,NAND cheapest (Keepa) — ADATA XPG SX6000 PCIe 512GB 3D NAND PCIe Gen3x4 M.2 2280 NVMe 1.2 R/W up to 1000/800MB/s S — Cheapest listed $/GB across the consumer Keepa basket; per-drive posting glitches removed,false
stanford_memory_prices_27a0da45e439abb4f542,1989-07-02,2026-08-04T05:05:14Z,stanford_memory_prices,historical_research,DRAM,McCallum DRAM (historical),,unknown,,197000.0,USD,USD/GB,197000.0,,,,https://dam.stanford.edu/assets/memory-prices/memory-prices.csv,Stanford dataset; underlying source: mccallum,research_dataset,"McCallum DRAM (historical) — Unitex RAMII-EMS - 4MB $249+36*15.00 — Historical, John C. McCallum (jcmit.net) via Internet Archive",false
stanford_memory_prices_27f38813a227826277f8,2020-07-31,2026-08-04T05:05:14Z,stanford_memory_prices,historical_research,DDR4,McCallum DRAM (historical),32.0,GB,,2.7,USD,USD/GB,2.7,,,,https://dam.stanford.edu/assets/memory-prices/memory-prices.csv,Stanford dataset; underlying source: mccallum,research_dataset,"McCallum DRAM (historical) — 1x 32GB DIMM DDR4-3200 @ $89.99 + free shipping — Historical, John C. McCallum (jcmit.net) via Internet Archive",false
stanford_memory_prices_28dcfaa66a5267c143d3,2005-06-03,2026-08-04T05:05:14Z,stanford_memory_prices,historical_research,DRAM,McCallum DRAM (historical),1.0,GB,,149.0,USD,USD/GB,149.0,,,,https://dam.stanford.edu/assets/memory-prices/memory-prices.csv,Stanford dataset; underlying source: mccallum,research_dataset,"McCallum DRAM (historical) — 1GB DIMM DDR PC-3200Pro — Historical, John C. McCallum (jcmit.net) via Internet Archive",false
stanford_memory_prices_296bbdc9cf25d63d1990,1965-01-01,2026-08-04T05:05:14Z,stanford_memory_prices,historical_research,DRAM,McCallum DRAM (historical),,unknown,,2642412000.0,USD,USD/GB,2642412000.0,,,,https://dam.stanford.edu/assets/memory-prices/memory-prices.csv,Stanford dataset; underlying source: mccallum,research_dataset,"McCallum DRAM (historical) — IBM 360/30 core memory — Historical, John C. McCallum (jcmit.net) via Internet Archive",false
stanford_memory_prices_298a0daea56a0ab1fab6,2024-12-01,2026-08-04T05:05:14Z,stanford_memory_prices,historical_research,NAND,NAND cheapest (Keepa),,unknown,,0.04674,USD,USD/GB,0.04674,,,,https://dam.stanford.edu/assets/memory-prices/memory-prices.csv,Stanford dataset; underlying source: keepa,research_dataset,"NAND cheapest (Keepa) — Ediloca 2TB M2 NVME SSD with Heatsink - PCIe Gen4.0 NVMe M.2 2280 3D NAND TLC, 4800MB/s Re — Cheapest listed $/GB across the consumer Keepa basket; per-drive posting glitches removed",false
stanford_memory_prices_299e59008bf4768498d7,2004-03-03,2026-08-04T05:05:14Z,stanford_memory_prices,historical_research,DRAM,McCallum DRAM (historical),,unknown,,146.0,USD,USD/GB,146.0,,,,https://dam.stanford.edu/assets/memory-prices/memory-prices.csv,Stanford dataset; underlying source: mccallum,research_dataset,"McCallum DRAM (historical) — 512MB DIMM DDR-3200 @ $75 — Historical, John C. McCallum (jcmit.net) via Internet Archive",false
stanford_memory_prices_29cd6ab27c5e54fcea83,2016-06-02,2026-08-04T05:05:14Z,stanford_memory_prices,historical_research,DDR3,McCallum DRAM (historical),8.0,GB,,2.7,USD,USD/GB,2.7,,,,https://dam.stanford.edu/assets/memory-prices/memory-prices.csv,Stanford dataset; underlying source: mccallum,research_dataset,"McCallum DRAM (historical) — 2x 8GB DIMM DDR3-1866 @ $44.99 + free shipping — Historical, John C. McCallum (jcmit.net) via Internet Archive",false
stanford_memory_prices_29dfadd2fa6726030d46,2025-01-01,2026-08-04T05:05:14Z,stanford_memory_prices,historical_research,NAND,NAND cheapest (Keepa),,unknown,,0.04625,USD,USD/GB,0.04625,,,,https://dam.stanford.edu/assets/memory-prices/memory-prices.csv,Stanford dataset; underlying source: keepa,research_dataset,"NAND cheapest (Keepa) — LEVEN JPS800 4TB PCIe Gen4 Speed up to 5,000MB/s 3D NAND NVMe M.2 SSD with Thermal Pad and — Cheapest listed $/GB across the consumer Keepa basket; per-drive posting glitches removed",false
stanford_memory_prices_29e0b5d8a836fe0d21ee,2024-07-01,2026-08-04T05:05:14Z,stanford_memory_prices,historical_research,HBM,HBM spend,,unknown,,3.3393,USD,usd_billion,,,,,https://dam.stanford.edu/assets/memory-prices/memory-prices.csv,Stanford dataset; underlying source: epoch.ai,research_dataset,HBM spend — HBM quarterly spend (4 designers) — Epoch AI quarterly estimate (production-volume-weighted across Nvidia/AMD/Google/Amazon),true
stanford_memory_prices_2b93a4c839ed6663a43a,2024-06-01,2026-08-04T05:05:14Z,stanford_memory_prices,historical_research,NAND,NAND cheapest (Keepa),,unknown,,0.05125,USD,USD/GB,0.05125,,,,https://dam.stanford.edu/assets/memory-prices/memory-prices.csv,Stanford dataset; underlying source: keepa,research_dataset,"NAND cheapest (Keepa) — Crucial P3 PCIe Gen3 NVMe 4TB SSD, Up to 3,500MB/s Read, Laptop & Desktop (PC) Compatible, — Cheapest listed $/GB across the consumer Keepa basket; per-drive posting glitches removed",false
stanford_memory_prices_2c19e379a084e174d22f,2024-09-01,2026-08-04T05:05:14Z,stanford_memory_prices,historical_research,DDR3,DDR3 (Keepa),8.0,GB,,2.89375,USD,USD/GB,2.89375,,,,https://dam.stanford.edu/assets/memory-prices/memory-prices.csv,Stanford dataset; underlying source: keepa,research_dataset,DDR3 (Keepa) — PASOUL Laptop Memory DDR3-1600 (PC3L-12800) RAM 8GB SODIMM 204Pin 1.35V (Low Voltage) 16-C — Cheapest listed $/GB across the consumer Keepa basket; per-drive posting glitches removed,false
stanford_memory_prices_2c2934ef2dce69886553,2026-04-01,2026-08-04T05:05:14Z,stanford_memory_prices,historical_research,DDR4,DDR4 (Keepa),8.0,GB,2666,7.18375,USD,USD/GB,7.18375,,,,https://dam.stanford.edu/assets/memory-prices/memory-prices.csv,Stanford dataset; underlying source: keepa,research_dataset,DDR4 (Keepa) — Mushkin 8GB (4GB x 2) Essentials 260-Pin DDR4 SO-DIMM DDR4 2666MHz Laptop Memory Model MES — Cheapest listed $/GB across the consumer Keepa basket; per-drive posting glitches removed,false
stanford_memory_prices_2c93d373185c24cf47d4,2005-04-02,2026-08-04T05:05:14Z,stanford_memory_prices,historical_research,DRAM,McCallum DRAM (historical),,unknown,,185.0,USD,USD/GB,185.0,,,,https://dam.stanford.edu/assets/memory-prices/memory-prices.csv,Stanford dataset; underlying source: mccallum,research_dataset,"McCallum DRAM (historical) — 2x 512MB DIMM DDR-3200 @ $189 — Historical, John C. McCallum (jcmit.net) via Internet Archive",false
stanford_memory_prices_2edd8362f1a83adb15d2,1990-07-02,2026-08-04T05:05:14Z,stanford_memory_prices,historical_research,DRAM,McCallum DRAM (historical),,unknown,,83000.0,USD,USD/GB,83000.0,,,,https://dam.stanford.edu/assets/memory-prices/memory-prices.csv,Stanford dataset; underlying source: mccallum,research_dataset,"McCallum DRAM (historical) — Bocaram AT 8MB - $140+72*7.25 — Historical, John C. McCallum (jcmit.net) via Internet Archive",false
stanford_memory_prices_2f3e371030792a8b6426,1996-10-30,2026-08-04T05:05:14Z,stanford_memory_prices,historical_research,DRAM,McCallum DRAM (historical),,unknown,,5250.0,USD,USD/GB,5250.0,,,,https://dam.stanford.edu/assets/memory-prices/memory-prices.csv,Stanford dataset; underlying source: mccallum,research_dataset,"McCallum DRAM (historical) — 2Mx32-70 SIMM [72 pin] @ $42 — Historical, John C. McCallum (jcmit.net) via Internet Archive",false
stanford_memory_prices_2f82130b9cfcf36fe14a,2021-01-01,2026-08-04T05:05:14Z,stanford_memory_prices,historical_research,NAND,NAND cheapest (Keepa),,unknown,,0.105,USD,USD/GB,0.105,,,,https://dam.stanford.edu/assets/memory-prices/memory-prices.csv,Stanford dataset; underlying source: keepa,research_dataset,NAND cheapest (Keepa) — Crucial P2 2TB 3D NAND NVMe PCIe M.2 SSD Up to 2400MB/s - CT2000P2SSD8 — Cheapest listed $/GB across the consumer Keepa basket; per-drive posting glitches removed,false
stanford_memory_prices_30054885211d25e3941d,2004-06-02,2026-08-04T05:05:14Z,stanford_memory_prices,historical_research,DRAM,McCallum DRAM (historical),,unknown,,203.0,USD,USD/GB,203.0,,,,https://dam.stanford.edu/assets/memory-prices/memory-prices.csv,Stanford dataset; underlying source: mccallum,research_dataset,"McCallum DRAM (historical) — 512MB DIMM DDR-3200 @ $104 — Historical, John C. McCallum (jcmit.net) via Internet Archive",false
stanford_memory_prices_30244ffa1f29c35eecc6,2024-04-01,2026-08-04T05:05:14Z,stanford_memory_prices,historical_research,HBM,Logic spend,,unknown,,0.5808,USD,usd_billion,,,,,https://dam.stanford.edu/assets/memory-prices/memory-prices.csv,Stanford dataset; underlying source: epoch.ai,research_dataset,Logic spend — Logic quarterly spend (4 designers) — Epoch AI quarterly estimate (production-volume-weighted across Nvidia/AMD/Google/Amazon),true
stanford_memory_prices_3029c670fe601b6000e3,1985-12-03,2026-08-04T05:05:14Z,stanford_memory_prices,historical_research,DRAM,McCallum DRAM (historical),,unknown,,300000.0,USD,USD/GB,300000.0,,,,https://dam.stanford.edu/assets/memory-prices/memory-prices.csv,Stanford dataset; underlying source: mccallum,research_dataset,"McCallum DRAM (historical) — 2MB J-RAM-2 A&T $599 — Historical, John C. McCallum (jcmit.net) via Internet Archive",false
stanford_memory_prices_304c1ad4255830f30217,2024-10-01,2026-08-04T05:05:14Z,stanford_memory_prices,historical_research,HBM,Logic cost share,,unknown,,14.45,% of component cost,percent_share,,,,,https://dam.stanford.edu/assets/memory-prices/memory-prices.csv,Stanford dataset; underlying source: epoch.ai,research_dataset,Logic cost share — Logic share of AI-accelerator BoM — Epoch AI quarterly estimate (production-volume-weighted across Nvidia/AMD/Google/Amazon),true
stanford_memory_prices_30849f37874b998d7a61,2001-01-30,2026-08-04T05:05:14Z,stanford_memory_prices,historical_research,DRAM,McCallum DRAM (historical),,unknown,,460.0,USD,USD/GB,460.0,,,,https://dam.stanford.edu/assets/memory-prices/memory-prices.csv,Stanford dataset; underlying source: mccallum,research_dataset,"McCallum DRAM (historical) — 128 MB DIMM PC-133 @ $59.39 — Historical, John C. McCallum (jcmit.net) via Internet Archive",false
stanford_memory_prices_30be225c3f31dcec7819,2022-06-01,2026-08-04T05:05:14Z,stanford_memory_prices,historical_research,NAND,NAND cheapest (Keepa),,unknown,,0.07799,USD,USD/GB,0.07799,,,,https://dam.stanford.edu/assets/memory-prices/memory-prices.csv,Stanford dataset; underlying source: keepa,research_dataset,NAND cheapest (Keepa) — XPG Gammix S5 1TB PCIe 3D NAND PCIe Gen3x4 M.2 2280 NVMe 1.3 R/W up to 2100/1500MB/s SSD ( — Cheapest listed $/GB across the consumer Keepa basket; per-drive posting glitches removed,false
stanford_memory_prices_30e442602bdaf6fa6e81,2018-05-01,2026-08-04T05:05:14Z,stanford_memory_prices,historical_research,DDR3,McCallum DRAM (historical),8.0,GB,,6.8,USD,USD/GB,6.8,,,,https://dam.stanford.edu/assets/memory-prices/memory-prices.csv,Stanford dataset; underlying source: mccallum,research_dataset,"McCallum DRAM (historical) — 2x 8GB DIMM DDR3-1600 @ $110.99 + $0.99 shipping — Historical, John C. McCallum (jcmit.net) via Internet Archive",false
stanford_memory_prices_31907eff6a5a1680388d,2012-10-30,2026-08-04T05:05:14Z,stanford_memory_prices,historical_research,DDR3,McCallum DRAM (historical),4.0,GB,,3.7,USD,USD/GB,3.7,,,,https://dam.stanford.edu/assets/memory-prices/memory-prices.csv,Stanford dataset; underlying source: mccallum,research_dataset,"McCallum DRAM (historical) — 2x 4GB DIMM DDR3-1333 @ $29.99 + free shipping — Historical, John C. McCallum (jcmit.net) via Internet Archive",false
stanford_memory_prices_31fac0e0dd8db1716ebc,2023-09-03,2026-08-04T05:05:14Z,stanford_memory_prices,historical_research,DDR4,McCallum DRAM (historical),32.0,GB,,1.42,USD,USD/GB,1.42,,,,https://dam.stanford.edu/assets/memory-prices/memory-prices.csv,Stanford dataset; underlying source: mccallum,research_dataset,"McCallum DRAM (historical) — 2x 32GB DIMM DDR4-3200 @ $92.99 + free shipping — Historical, John C. McCallum (jcmit.net) via Internet Archive",false
stanford_memory_prices_321a41969f5f428b2303,1992-06-02,2026-08-04T05:05:14Z,stanford_memory_prices,historical_research,DRAM,McCallum DRAM (historical),,unknown,,33000.0,USD,USD/GB,33000.0,,,,https://dam.stanford.edu/assets/memory-prices/memory-prices.csv,Stanford dataset; underlying source: mccallum,research_dataset,"McCallum DRAM (historical) — 4Mx9-80 SIMM @ $130 — Historical, John C. McCallum (jcmit.net) via Internet Archive",false
stanford_memory_prices_322787f4b1b8d3f05c51,2026-04-01,2026-08-04T05:05:14Z,stanford_memory_prices,historical_research,DDR3,DDR3 (Keepa),2.0,GB,1600,2.855,USD,USD/GB,2.855,,,,https://dam.stanford.edu/assets/memory-prices/memory-prices.csv,Stanford dataset; underlying source: keepa,research_dataset,"DDR3 (Keepa) — HYNIX HMT325S6EFR8A-PB 1600 MHZ, 2 GB, DDR3, RAM Stick — Cheapest listed $/GB across the consumer Keepa basket; per-drive posting glitches removed",false
stanford_memory_prices_325445bfdf777693f8e4,2021-05-01,2026-08-04T05:05:14Z,stanford_memory_prices,historical_research,NAND,NAND cheapest (Keepa),,unknown,,0.0955,USD,USD/GB,0.0955,,,,https://dam.stanford.edu/assets/memory-prices/memory-prices.csv,Stanford dataset; underlying source: keepa,research_dataset,NAND cheapest (Keepa) — Crucial P2 2TB 3D NAND NVMe PCIe M.2 SSD Up to 2400MB/s - CT2000P2SSD8 — Cheapest listed $/GB across the consumer Keepa basket; per-drive posting glitches removed,false
stanford_memory_prices_328eb7a1e1b51c1a148a,2018-07-01,2026-08-04T05:05:14Z,stanford_memory_prices,historical_research,NAND,NAND cheapest (Keepa),512.0,GB,,0.22068,USD,USD/GB,0.22068,,,,https://dam.stanford.edu/assets/memory-prices/memory-prices.csv,Stanford dataset; underlying source: keepa,research_dataset,NAND cheapest (Keepa) — ADATA XPG SX6000 PCIe 512GB 3D NAND PCIe Gen3x4 M.2 2280 NVMe 1.2 R/W up to 1000/800MB/s S — Cheapest listed $/GB across the consumer Keepa basket; per-drive posting glitches removed,false
stanford_memory_prices_329a38e2d4a1ce9d1184,2018-04-01,2026-08-04T05:05:14Z,stanford_memory_prices,historical_research,NAND,NAND cheapest (Keepa),512.0,GB,,0.26951,USD,USD/GB,0.26951,,,,https://dam.stanford.edu/assets/memory-prices/memory-prices.csv,Stanford dataset; underlying source: keepa,research_dataset,NAND cheapest (Keepa) — ADATA XPG SX6000 PCIe 512GB 3D NAND PCIe Gen3x4 M.2 2280 NVMe 1.2 R/W up to 1000/800MB/s S — Cheapest listed $/GB across the consumer Keepa basket; per-drive posting glitches removed,false
stanford_memory_prices_332b9a9d88e644787b39,2025-01-01,2026-08-04T05:05:14Z,stanford_memory_prices,historical_research,HBM,HBM cost share,,unknown,,56.16,% of component cost,percent_share,,,,,https://dam.stanford.edu/assets/memory-prices/memory-prices.csv,Stanford dataset; underlying source: epoch.ai,research_dataset,HBM cost share — HBM share of AI-accelerator BoM — Epoch AI quarterly estimate (production-volume-weighted across Nvidia/AMD/Google/Amazon),true
stanford_memory_prices_332dd01e65bdc2fcebd9,2019-09-01,2026-08-04T05:05:14Z,stanford_memory_prices,historical_research,NAND,NAND cheapest (Keepa),,unknown,,0.09999,USD,USD/GB,0.09999,,,,https://dam.stanford.edu/assets/memory-prices/memory-prices.csv,Stanford dataset; underlying source: keepa,research_dataset,NAND cheapest (Keepa) — XPG Gammix S5 1TB PCIe 3D NAND PCIe Gen3x4 M.2 2280 NVMe 1.3 R/W up to 2100/1500MB/s SSD ( — Cheapest listed $/GB across the consumer Keepa basket; per-drive posting glitches removed,false
stanford_memory_prices_33315d6ebde338354ff0,1994-09-03,2026-08-04T05:05:14Z,stanford_memory_prices,historical_research,DRAM,McCallum DRAM (historical),,unknown,,34000.0,USD,USD/GB,34000.0,,,,https://dam.stanford.edu/assets/memory-prices/memory-prices.csv,Stanford dataset; underlying source: mccallum,research_dataset,"McCallum DRAM (historical) — 4Mx9-70 SIMM @ $136 — Historical, John C. McCallum (jcmit.net) via Internet Archive",false
stanford_memory_prices_335387dc5499466b9b46,2024-10-01,2026-08-04T05:05:14Z,stanford_memory_prices,historical_research,DDR3,DDR3 (Keepa),16.0,GB,1333,2.81125,USD,USD/GB,2.81125,,,,https://dam.stanford.edu/assets/memory-prices/memory-prices.csv,Stanford dataset; underlying source: keepa,research_dataset,DDR3 (Keepa) — A-Tech 16GB Kit (2x8GB) RAM for Acer TravelMate 5760ZG | DDR3 1333MHz PC3-10600 SODIMM 204 — Cheapest listed $/GB across the consumer Keepa basket; per-drive posting glitches removed,false
stanford_memory_prices_335fc2faebf7a6f69224,2017-08-01,2026-08-04T05:05:14Z,stanford_memory_prices,historical_research,NAND,NAND cheapest (Keepa),512.0,GB,,0.37107,USD,USD/GB,0.37107,,,,https://dam.stanford.edu/assets/memory-prices/memory-prices.csv,Stanford dataset; underlying source: keepa,research_dataset,NAND cheapest (Keepa) — ADATA SX7000 PCIe 512GB 3D NAND NVMe Gen3x4 M.2 2280 Solid State Drive (ASX7000NP-512GT-C) — Cheapest listed $/GB across the consumer Keepa basket; per-drive posting glitches removed,false
stanford_memory_prices_3404aca31ea2f641d8ff,1992-09-02,2026-08-04T05:05:14Z,stanford_memory_prices,historical_research,DRAM,McCallum DRAM (historical),,unknown,,27500.0,USD,USD/GB,27500.0,,,,https://dam.stanford.edu/assets/memory-prices/memory-prices.csv,Stanford dataset; underlying source: mccallum,research_dataset,"McCallum DRAM (historical) — 4Mx9-80 SIMM @ $110 — Historical, John C. McCallum (jcmit.net) via Internet Archive",false
stanford_memory_prices_344cce730087d184e80a,1989-01-01,2026-08-04T05:05:14Z,stanford_memory_prices,historical_research,DRAM,McCallum DRAM (historical),,unknown,,505000.0,USD,USD/GB,505000.0,,,,https://dam.stanford.edu/assets/memory-prices/memory-prices.csv,Stanford dataset; underlying source: mccallum,research_dataset,"McCallum DRAM (historical) — JDR MCT-ATMF 3MB Multifunc $169.90+3*36*12.45 — Historical, John C. McCallum (jcmit.net) via Internet Archive",false
stanford_memory_prices_347375a834423aa27d7c,2007-10-31,2026-08-04T05:05:14Z,stanford_memory_prices,historical_research,DRAM,McCallum DRAM (historical),1.0,GB,,24.0,USD,USD/GB,24.0,,,,https://dam.stanford.edu/assets/memory-prices/memory-prices.csv,Stanford dataset; underlying source: mccallum,research_dataset,"McCallum DRAM (historical) — 2x 1GB DIMM DDR2-667 @ $44.99 + 4.99 shipping — Historical, John C. McCallum (jcmit.net) via Internet Archive",false
stanford_memory_prices_34d223dbb9aa57cc716b,2000-10-30,2026-08-04T05:05:14Z,stanford_memory_prices,historical_research,DRAM,McCallum DRAM (historical),,unknown,,1120.0,USD,USD/GB,1120.0,,,,https://dam.stanford.edu/assets/memory-prices/memory-prices.csv,Stanford dataset; underlying source: mccallum,research_dataset,"McCallum DRAM (historical) — 64 MB DIMM PC-133 @ $71.99 — Historical, John C. McCallum (jcmit.net) via Internet Archive",false
stanford_memory_prices_35019f55967d89cbb7a7,2009-01-01,2026-08-04T05:05:14Z,stanford_memory_prices,historical_research,DRAM,McCallum DRAM (historical),2.0,GB,,10.0,USD,USD/GB,10.0,,,,https://dam.stanford.edu/assets/memory-prices/memory-prices.csv,Stanford dataset; underlying source: mccallum,research_dataset,"McCallum DRAM (historical) — 2x 2GB DIMM DDR2-800 @ $39.99 + free shipping — Historical, John C. McCallum (jcmit.net) via Internet Archive",false
stanford_memory_prices_351b61719801a5174385,2003-10-31,2026-08-04T05:05:14Z,stanford_memory_prices,historical_research,DRAM,McCallum DRAM (historical),,unknown,,160.0,USD,USD/GB,160.0,,,,https://dam.stanford.edu/assets/memory-prices/memory-prices.csv,Stanford dataset; underlying source: mccallum,research_dataset,"McCallum DRAM (historical) — 512MB DIMM PC-133 @ $81.99 — Historical, John C. McCallum (jcmit.net) via Internet Archive",false
stanford_memory_prices_35985f486b036a838c7f,1998-12-03,2026-08-04T05:05:14Z,stanford_memory_prices,historical_research,DRAM,McCallum DRAM (historical),,unknown,,840.0,USD,USD/GB,840.0,,,,https://dam.stanford.edu/assets/memory-prices/memory-prices.csv,Stanford dataset; underlying source: mccallum,research_dataset,"McCallum DRAM (historical) — 8Mx32-? SIMM FPM [72 pin] @ $27 — Historical, John C. McCallum (jcmit.net) via Internet Archive",false
stanford_memory_prices_35bd977eb358e57d7989,2017-10-01,2026-08-04T05:05:14Z,stanford_memory_prices,historical_research,NAND,NAND cheapest (Keepa),512.0,GB,,0.36717,USD,USD/GB,0.36717,,,,https://dam.stanford.edu/assets/memory-prices/memory-prices.csv,Stanford dataset; underlying source: keepa,research_dataset,NAND cheapest (Keepa) — ADATA SX7000 PCIe 512GB 3D NAND NVMe Gen3x4 M.2 2280 Solid State Drive (ASX7000NP-512GT-C) — Cheapest listed $/GB across the consumer Keepa basket; per-drive posting glitches removed,false
stanford_memory_prices_36a492135557e34e5ace,2025-03-01,2026-08-04T05:05:14Z,stanford_memory_prices,historical_research,NAND,NAND cheapest (Keepa),,unknown,,0.045,USD,USD/GB,0.045,,,,https://dam.stanford.edu/assets/memory-prices/memory-prices.csv,Stanford dataset; underlying source: keepa,research_dataset,"NAND cheapest (Keepa) — Colorful 2TB M2 SSD NVMe 2280 Internal Solid State Drive,SLC Cache 3D NAND TLC,Up to 3200M — Cheapest listed $/GB across the consumer Keepa basket; per-drive posting glitches removed",false
stanford_memory_prices_36f3ae6958cb513524d5,1996-01-01,2026-08-04T05:05:14Z,stanford_memory_prices,historical_research,DRAM,McCallum DRAM (historical),,unknown,,29900.0,USD,USD/GB,29900.0,,,,https://dam.stanford.edu/assets/memory-prices/memory-prices.csv,Stanford dataset; underlying source: mccallum,research_dataset,"McCallum DRAM (historical) — 4Mx36-70 SIMM [72 pin] @ $478 — Historical, John C. McCallum (jcmit.net) via Internet Archive",false
stanford_memory_prices_3710ceaba5c1b4f3b5a8,2021-09-03,2026-08-04T05:05:14Z,stanford_memory_prices,historical_research,DDR4,McCallum DRAM (historical),16.0,GB,,3.2,USD,USD/GB,3.2,,,,https://dam.stanford.edu/assets/memory-prices/memory-prices.csv,Stanford dataset; underlying source: mccallum,research_dataset,"McCallum DRAM (historical) — 1x 16GB DIMM DDR4-2666 @ $51.99 + free shipping — Historical, John C. McCallum (jcmit.net) via Internet Archive",false
stanford_memory_prices_3728e80a7c90578f2894,2025-04-01,2026-08-04T05:05:14Z,stanford_memory_prices,historical_research,DDR3,DDR3 (Keepa),4.0,GB,,3.615,USD,USD/GB,3.615,,,,https://dam.stanford.edu/assets/memory-prices/memory-prices.csv,Stanford dataset; underlying source: keepa,research_dataset,DDR3 (Keepa) — OFFTEK 4GB Replacement Memory RAM Upgrade for Toshiba Satellite C850D-101 (DDR3-10600) Lap — Cheapest listed $/GB across the consumer Keepa basket; per-drive posting glitches removed,false
stanford_memory_prices_3749819d6fd14a5d0be1,1993-06-03,2026-08-04T05:05:14Z,stanford_memory_prices,historical_research,DRAM,McCallum DRAM (historical),,unknown,,30000.0,USD,USD/GB,30000.0,,,,https://dam.stanford.edu/assets/memory-prices/memory-prices.csv,Stanford dataset; underlying source: mccallum,research_dataset,"McCallum DRAM (historical) — 1Mx9-100 SIMM @ $30 — Historical, John C. McCallum (jcmit.net) via Internet Archive",false
stanford_memory_prices_37c9cc42bf3db0980ebd,2013-12-03,2026-08-04T05:05:14Z,stanford_memory_prices,historical_research,DDR3,McCallum DRAM (historical),8.0,GB,,7.9,USD,USD/GB,7.9,,,,https://dam.stanford.edu/assets/memory-prices/memory-prices.csv,Stanford dataset; underlying source: mccallum,research_dataset,"McCallum DRAM (historical) — 2x 8GB DIMM DDR3-1600 @ $129.99 + free shipping — Historical, John C. McCallum (jcmit.net) via Internet Archive",false
stanford_memory_prices_37cf430698021f7ad029,2025-09-01,2026-08-04T05:05:14Z,stanford_memory_prices,historical_research,NAND,NAND cheapest (Keepa),,unknown,,0.04559,USD,USD/GB,0.04559,,,,https://dam.stanford.edu/assets/memory-prices/memory-prices.csv,Stanford dataset; underlying source: keepa,research_dataset,"NAND cheapest (Keepa) — Ediloca 2TB M2 NVME SSD with Heatsink - PCIe Gen4.0 NVMe M.2 2280 3D NAND TLC, 4800MB/s Re — Cheapest listed $/GB across the consumer Keepa basket; per-drive posting glitches removed",false
stanford_memory_prices_380ecdb0c6262e5ff7dd,2003-08-01,2026-08-04T05:05:14Z,stanford_memory_prices,historical_research,DRAM,McCallum DRAM (historical),,unknown,,129.0,USD,USD/GB,129.0,,,,https://dam.stanford.edu/assets/memory-prices/memory-prices.csv,Stanford dataset; underlying source: mccallum,research_dataset,"McCallum DRAM (historical) — 512MB DIMM SDRAM @ $65.99 — Historical, John C. McCallum (jcmit.net) via Internet Archive",false
stanford_memory_prices_382503de47e094861d12,2025-06-01,2026-08-04T05:05:14Z,stanford_memory_prices,historical_research,NAND,NAND cheapest (Keepa),,unknown,,0.045,USD,USD/GB,0.045,,,,https://dam.stanford.edu/assets/memory-prices/memory-prices.csv,Stanford dataset; underlying source: keepa,research_dataset,"NAND cheapest (Keepa) — Colorful 2TB M2 SSD NVMe 2280 Internal Solid State Drive,SLC Cache 3D NAND TLC,Up to 3200M — Cheapest listed $/GB across the consumer Keepa basket; per-drive posting glitches removed",false
stanford_memory_prices_3967f6bef6aceb439c32,2001-07-02,2026-08-04T05:05:14Z,stanford_memory_prices,historical_research,DRAM,McCallum DRAM (historical),,unknown,,270.0,USD,USD/GB,270.0,,,,https://dam.stanford.edu/assets/memory-prices/memory-prices.csv,Stanford dataset; underlying source: mccallum,research_dataset,"McCallum DRAM (historical) — 256 MB DIMM PC-133 @ $69 — Historical, John C. McCallum (jcmit.net) via Internet Archive",false
stanford_memory_prices_396cf1e459b61a6a03a1,1985-06-03,2026-08-04T05:05:14Z,stanford_memory_prices,historical_research,DRAM,McCallum DRAM (historical),,unknown,,550000.0,USD,USD/GB,550000.0,,,,https://dam.stanford.edu/assets/memory-prices/memory-prices.csv,Stanford dataset; underlying source: mccallum,research_dataset,"McCallum DRAM (historical) — IBM 512K $149+8*15.75 — Historical, John C. McCallum (jcmit.net) via Internet Archive",false
stanford_memory_prices_3aec5cf8f26f1e5acf77,2001-03-04,2026-08-04T05:05:14Z,stanford_memory_prices,historical_research,DRAM,McCallum DRAM (historical),,unknown,,460.0,USD,USD/GB,460.0,,,,https://dam.stanford.edu/assets/memory-prices/memory-prices.csv,Stanford dataset; underlying source: mccallum,research_dataset,"McCallum DRAM (historical) — 128 MB DIMM PC-133 @ $59.39 — Historical, John C. McCallum (jcmit.net) via Internet Archive",false
stanford_memory_prices_3b9f164f8d998c465604,1978-07-02,2026-08-04T05:05:14Z,stanford_memory_prices,historical_research,DRAM,McCallum DRAM (historical),,unknown,,24000000.0,USD,USD/GB,24000000.0,,,,https://dam.stanford.edu/assets/memory-prices/memory-prices.csv,Stanford dataset; underlying source: mccallum,research_dataset,"McCallum DRAM (historical) — Extensis — Historical, John C. McCallum (jcmit.net) via Internet Archive",false
stanford_memory_prices_3bfc56a9353ecbb84b24,2023-01-01,2026-08-04T05:05:14Z,stanford_memory_prices,historical_research,DDR4,McCallum DRAM (historical),32.0,GB,,2.0,USD,USD/GB,2.0,,,,https://dam.stanford.edu/assets/memory-prices/memory-prices.csv,Stanford dataset; underlying source: mccallum,research_dataset,"McCallum DRAM (historical) — 1x 32GB SO-DIMM DDR4-2666 @ $61.99 + $1.99 shipping — Historical, John C. McCallum (jcmit.net) via Internet Archive",false
stanford_memory_prices_3c4df1920e735f8a3328,2020-04-01,2026-08-04T05:05:14Z,stanford_memory_prices,historical_research,DDR4,McCallum DRAM (historical),16.0,GB,,3.5,USD,USD/GB,3.5,,,,https://dam.stanford.edu/assets/memory-prices/memory-prices.csv,Stanford dataset; underlying source: mccallum,research_dataset,"McCallum DRAM (historical) — 1x 16GB DIMM DDR4-3000 @ $57.99 + free shipping — Historical, John C. McCallum (jcmit.net) via Internet Archive",false
stanford_memory_prices_3c81bfdd2e775d390700,2024-07-01,2026-08-04T05:05:14Z,stanford_memory_prices,historical_research,HBM,Auxiliary spend,,unknown,,0.7389,USD,usd_billion,,,,,https://dam.stanford.edu/assets/memory-prices/memory-prices.csv,Stanford dataset; underlying source: epoch.ai,research_dataset,Auxiliary spend — Auxiliary quarterly spend (4 designers) — Epoch AI quarterly estimate (production-volume-weighted across Nvidia/AMD/Google/Amazon),true
stanford_memory_prices_3c8ff912b23d04fb2989,2003-12-28,2026-08-04T05:05:14Z,stanford_memory_prices,historical_research,DRAM,McCallum DRAM (historical),,unknown,,166.0,USD,USD/GB,166.0,,,,https://dam.stanford.edu/assets/memory-prices/memory-prices.csv,Stanford dataset; underlying source: mccallum,research_dataset,"McCallum DRAM (historical) — 512MB DIMM PC-133 @ $84.99 — Historical, John C. McCallum (jcmit.net) via Internet Archive",false
stanford_memory_prices_3d443cf5b528ef9e5365,2020-07-01,2026-08-04T05:05:14Z,stanford_memory_prices,historical_research,DDR4,McCallum DRAM (historical),16.0,GB,,2.9,USD,USD/GB,2.9,,,,https://dam.stanford.edu/assets/memory-prices/memory-prices.csv,Stanford dataset; underlying source: mccallum,research_dataset,"McCallum DRAM (historical) — 2x 16GB DIMM DDR4-2666 @ $94.99 + free shipping — Historical, John C. McCallum (jcmit.net) via Internet Archive",false
stanford_memory_prices_3d4c52b7cad6756dccf8,2020-01-01,2026-08-04T05:05:14Z,stanford_memory_prices,historical_research,NAND,NAND cheapest (Keepa),8.0,Gb,,0.119,USD,USD/GB,0.119,,,,https://dam.stanford.edu/assets/memory-prices/memory-prices.csv,Stanford dataset; underlying source: keepa,research_dataset,"NAND cheapest (Keepa) — Dataram Internal SSD, PCIe NVMe M.2 2280 Solid State Drive, PCIe Gen3 8Gb/s (1TB) — Cheapest listed $/GB across the consumer Keepa basket; per-drive posting glitches removed",false
stanford_memory_prices_3da14497eae8402f68c3,2011-01-30,2026-08-04T05:05:14Z,stanford_memory_prices,historical_research,DDR3,McCallum DRAM (historical),4.0,GB,,10.3,USD,USD/GB,10.3,,,,https://dam.stanford.edu/assets/memory-prices/memory-prices.csv,Stanford dataset; underlying source: mccallum,research_dataset,"McCallum DRAM (historical) — 1x 4GB DIMM DDR3-1333 @ $41.99 + free shipping — Historical, John C. McCallum (jcmit.net) via Internet Archive",false
stanford_memory_prices_3da47c2e72f9ef507ab7,1983-01-01,2026-08-04T05:05:14Z,stanford_memory_prices,historical_research,DRAM,McCallum DRAM (historical),,unknown,,2396000.0,USD,USD/GB,2396000.0,,,,https://dam.stanford.edu/assets/memory-prices/memory-prices.csv,Stanford dataset; underlying source: mccallum,research_dataset,"McCallum DRAM (historical) — Historical, John C. McCallum (jcmit.net) via Internet Archive",false
stanford_memory_prices_3e0709a84396b906e536,2014-06-01,2026-08-04T05:05:14Z,stanford_memory_prices,historical_research,NAND,NAND SSD (anchor),,unknown,,0.55,USD,USD/GB,0.55,,,,https://dam.stanford.edu/assets/memory-prices/memory-prices.csv,Stanford dataset; underlying source: manual,research_dataset,NAND SSD (anchor) — ~$0.55/GB — Approximate (general SSD price-history),false
stanford_memory_prices_3e1d5a5b323b86841c33,2025-01-01,2026-08-04T05:05:14Z,stanford_memory_prices,historical_research,DDR4,DDR4 (Keepa),32.0,GB,2133,1.88594,USD,USD/GB,1.88594,,,,https://dam.stanford.edu/assets/memory-prices/memory-prices.csv,Stanford dataset; underlying source: keepa,research_dataset,DDR4 (Keepa) — G.Skill 32GB (2 x 16G) Ripjaws Series DDR4 PC4-17000 2133MHz Laptop Memory Model F4-2133C1 — Cheapest listed $/GB across the consumer Keepa basket; per-drive posting glitches removed,false
stanford_memory_prices_3e3368256eb58b284de2,2025-10-01,2026-08-04T05:05:14Z,stanford_memory_prices,historical_research,HBM,HBM cost share,,unknown,,63.42,% of component cost,percent_share,,,,,https://dam.stanford.edu/assets/memory-prices/memory-prices.csv,Stanford dataset; underlying source: epoch.ai,research_dataset,HBM cost share — HBM share of AI-accelerator BoM — Epoch AI quarterly estimate (production-volume-weighted across Nvidia/AMD/Google/Amazon),true
stanford_memory_prices_3e48bb3052c44c55d3fa,1990-03-04,2026-08-04T05:05:14Z,stanford_memory_prices,historical_research,DRAM,McCallum DRAM (historical),,unknown,,98000.0,USD,USD/GB,98000.0,,,,https://dam.stanford.edu/assets/memory-prices/memory-prices.csv,Stanford dataset; underlying source: mccallum,research_dataset,"McCallum DRAM (historical) — Bocaram AT 8MB - $149+72*8.50 — Historical, John C. McCallum (jcmit.net) via Internet Archive",false
stanford_memory_prices_3eb8e85cd9562f6fcf29,1989-04-02,2026-08-04T05:05:14Z,stanford_memory_prices,historical_research,DRAM,McCallum DRAM (historical),,unknown,,505000.0,USD,USD/GB,505000.0,,,,https://dam.stanford.edu/assets/memory-prices/memory-prices.csv,Stanford dataset; underlying source: mccallum,research_dataset,"McCallum DRAM (historical) — JDR MCT-ATMF 3MB Multifunc $169.90+3*36*12.45 — Historical, John C. McCallum (jcmit.net) via Internet Archive",false
stanford_memory_prices_3f959dae2c801ce02a6a,2026-03-01,2026-08-04T05:05:14Z,stanford_memory_prices,historical_research,HBM,HBM $/GB,,unknown,,16.0,USD,USD/GB,16.0,,,,https://dam.stanford.edu/assets/memory-prices/memory-prices.csv,Stanford dataset; underlying source: trendforce,research_dataset,HBM $/GB — HBM3e ~$16/GB (+~20% 2026 hike) — TrendForce Dec 2025 (2026 price hike),true
stanford_memory_prices_3fb42388d7e42d5a65b1,2004-01-30,2026-08-04T05:05:14Z,stanford_memory_prices,historical_research,DRAM,McCallum DRAM (historical),,unknown,,148.0,USD,USD/GB,148.0,,,,https://dam.stanford.edu/assets/memory-prices/memory-prices.csv,Stanford dataset; underlying source: mccallum,research_dataset,"McCallum DRAM (historical) — 512MB DIMM DDR-3200 @ $76 — Historical, John C. McCallum (jcmit.net) via Internet Archive",false
stanford_memory_prices_3fdfc4bd05d65cdcf7b3,2024-01-30,2026-08-04T05:05:14Z,stanford_memory_prices,historical_research,DDR4,McCallum DRAM (historical),32.0,GB,,1.68,USD,USD/GB,1.68,,,,https://dam.stanford.edu/assets/memory-prices/memory-prices.csv,Stanford dataset; underlying source: mccallum,research_dataset,"McCallum DRAM (historical) — 2x 32GB SO-DIMM DDR4-3200 @ $109.99 + free shipping — Historical, John C. McCallum (jcmit.net) via Internet Archive",false
stanford_memory_prices_3ff20af79a26d039a879,2024-04-01,2026-08-04T05:05:14Z,stanford_memory_prices,historical_research,HBM,HBM cost share,,unknown,,54.04,% of component cost,percent_share,,,,,https://dam.stanford.edu/assets/memory-prices/memory-prices.csv,Stanford dataset; underlying source: epoch.ai,research_dataset,HBM cost share — HBM share of AI-accelerator BoM — Epoch AI quarterly estimate (production-volume-weighted across Nvidia/AMD/Google/Amazon),true
stanford_memory_prices_3ff505da488c2ec298a7,1989-12-03,2026-08-04T05:05:14Z,stanford_memory_prices,historical_research,DRAM,McCallum DRAM (historical),,unknown,,113000.0,USD,USD/GB,113000.0,,,,https://dam.stanford.edu/assets/memory-prices/memory-prices.csv,Stanford dataset; underlying source: mccallum,research_dataset,"McCallum DRAM (historical) — Bocaram AT 8MB - $149+72*10.50 — Historical, John C. McCallum (jcmit.net) via Internet Archive",false
stanford_memory_prices_3ff7a68ee62f12bb54be,2025-11-01,2026-08-04T05:05:14Z,stanford_memory_prices,historical_research,DDR5,DDR5 (Keepa),32.0,GB,6000,4.96875,USD,USD/GB,4.96875,,,,https://dam.stanford.edu/assets/memory-prices/memory-prices.csv,Stanford dataset; underlying source: keepa,research_dataset,DDR5 (Keepa) — G.Skill Trident Z5 32GB (2 X 16GB) DDR5 6000MHZ CL40 F5-6000J4040F16GX2-TZ5K Memory — Cheapest listed $/GB across the consumer Keepa basket; per-drive posting glitches removed,false
stanford_memory_prices_3ffec80d3e79c1870335,2006-03-04,2026-08-04T05:05:14Z,stanford_memory_prices,historical_research,DRAM,McCallum DRAM (historical),1.0,GB,,112.0,USD,USD/GB,112.0,,,,https://dam.stanford.edu/assets/memory-prices/memory-prices.csv,Stanford dataset; underlying source: mccallum,research_dataset,"McCallum DRAM (historical) — 2x 1GB DIMM DDR-500 PC4000 @ $229.81 — Historical, John C. McCallum (jcmit.net) via Internet Archive",false
stanford_memory_prices_40694bd63bfc0c7f7731,1997-10-31,2026-08-04T05:05:14Z,stanford_memory_prices,historical_research,DRAM,McCallum DRAM (historical),,unknown,,3250.0,USD,USD/GB,3250.0,,,,https://dam.stanford.edu/assets/memory-prices/memory-prices.csv,Stanford dataset; underlying source: mccallum,research_dataset,"McCallum DRAM (historical) — 8Mx32-? SIMM EDO [72 pin] @ $104 — Historical, John C. McCallum (jcmit.net) via Internet Archive",false
stanford_memory_prices_407a9037a9ee756540f0,1975-01-30,2026-08-04T05:05:14Z,stanford_memory_prices,historical_research,DRAM,McCallum DRAM (historical),,unknown,,180224000.0,USD,USD/GB,180224000.0,,,,https://dam.stanford.edu/assets/memory-prices/memory-prices.csv,Stanford dataset; underlying source: mccallum,research_dataset,"McCallum DRAM (historical) — Altair 1K Static Board — Historical, John C. McCallum (jcmit.net) via Internet Archive",false
stanford_memory_prices_40b269e817d9d6a72e5c,1998-04-02,2026-08-04T05:05:14Z,stanford_memory_prices,historical_research,DRAM,McCallum DRAM (historical),,unknown,,1220.0,USD,USD/GB,1220.0,,,,https://dam.stanford.edu/assets/memory-prices/memory-prices.csv,Stanford dataset; underlying source: mccallum,research_dataset,"McCallum DRAM (historical) — 8Mx32-? SIMM EDO [72 pin] @ $39 — Historical, John C. McCallum (jcmit.net) via Internet Archive",false
stanford_memory_prices_4134734512087d53e69b,2013-10-02,2026-08-04T05:05:14Z,stanford_memory_prices,historical_research,DDR3,McCallum DRAM (historical),8.0,GB,,8.2,USD,USD/GB,8.2,,,,https://dam.stanford.edu/assets/memory-prices/memory-prices.csv,Stanford dataset; underlying source: mccallum,research_dataset,"McCallum DRAM (historical) — 2x 8GB DIMM DDR3-1866 @ $133.99 + free shipping — Historical, John C. McCallum (jcmit.net) via Internet Archive",false
stanford_memory_prices_41a065dfa679f96935fe,2000-07-01,2026-08-04T05:05:14Z,stanford_memory_prices,historical_research,DRAM,McCallum DRAM (historical),,unknown,,770.0,USD,USD/GB,770.0,,,,https://dam.stanford.edu/assets/memory-prices/memory-prices.csv,Stanford dataset; underlying source: mccallum,research_dataset,"McCallum DRAM (historical) — 128 MB DIMM PC-133 @ $99 — Historical, John C. McCallum (jcmit.net) via Internet Archive",false
stanford_memory_prices_42f6b4267103c37c1438,1988-10-30,2026-08-04T05:05:14Z,stanford_memory_prices,historical_research,DRAM,McCallum DRAM (historical),,unknown,,505000.0,USD,USD/GB,505000.0,,,,https://dam.stanford.edu/assets/memory-prices/memory-prices.csv,Stanford dataset; underlying source: mccallum,research_dataset,"McCallum DRAM (historical) — JDR MCT-ATMF 3MB Multifunc $169.90+3*36*12.45 — Historical, John C. McCallum (jcmit.net) via Internet Archive",false
stanford_memory_prices_453f4fb9701c78084f94,2014-04-02,2026-08-04T05:05:14Z,stanford_memory_prices,historical_research,DDR3,McCallum DRAM (historical),4.0,GB,,7.3,USD,USD/GB,7.3,,,,https://dam.stanford.edu/assets/memory-prices/memory-prices.csv,Stanford dataset; underlying source: mccallum,research_dataset,"McCallum DRAM (historical) — 1x 4GB DIMM DDR3-1600 @ $29.99 + free shipping — Historical, John C. McCallum (jcmit.net) via Internet Archive",false
stanford_memory_prices_4588781564173cf0137a,2024-10-01,2026-08-04T05:05:14Z,stanford_memory_prices,historical_research,HBM,Packaging cost share,,unknown,,17.82,% of component cost,percent_share,,,,,https://dam.stanford.edu/assets/memory-prices/memory-prices.csv,Stanford dataset; underlying source: epoch.ai,research_dataset,Packaging cost share — Packaging share of AI-accelerator BoM — Epoch AI quarterly estimate (production-volume-weighted across Nvidia/AMD/Google/Amazon),true
stanford_memory_prices_47388bd62567c8bf827d,1996-09-02,2026-08-04T05:05:14Z,stanford_memory_prices,historical_research,DRAM,McCallum DRAM (historical),,unknown,,8440.0,USD,USD/GB,8440.0,,,,https://dam.stanford.edu/assets/memory-prices/memory-prices.csv,Stanford dataset; underlying source: mccallum,research_dataset,"McCallum DRAM (historical) — 4Mx36-60 SIMM [72 pin] @ $135 — Historical, John C. McCallum (jcmit.net) via Internet Archive",false
stanford_memory_prices_47753e325e45ff4bac61,2025-04-01,2026-08-04T05:05:14Z,stanford_memory_prices,historical_research,HBM,HBM cost share,,unknown,,58.52,% of component cost,percent_share,,,,,https://dam.stanford.edu/assets/memory-prices/memory-prices.csv,Stanford dataset; underlying source: epoch.ai,research_dataset,HBM cost share — HBM share of AI-accelerator BoM — Epoch AI quarterly estimate (production-volume-weighted across Nvidia/AMD/Google/Amazon),true
stanford_memory_prices_479612d0e524711273ed,1973-01-01,2026-08-04T05:05:14Z,stanford_memory_prices,historical_research,DRAM,McCallum DRAM (historical),,unknown,,399360000.0,USD,USD/GB,399360000.0,,,,https://dam.stanford.edu/assets/memory-prices/memory-prices.csv,Stanford dataset; underlying source: mccallum,research_dataset,"McCallum DRAM (historical) — Core memory 8KwordX12 bit — Historical, John C. McCallum (jcmit.net) via Internet Archive",false
stanford_memory_prices_47e168b3ffbae3789263,2002-05-01,2026-08-04T05:05:14Z,stanford_memory_prices,historical_research,DRAM,McCallum DRAM (historical),,unknown,,193.0,USD,USD/GB,193.0,,,,https://dam.stanford.edu/assets/memory-prices/memory-prices.csv,Stanford dataset; underlying source: mccallum,research_dataset,"McCallum DRAM (historical) — 512 MB DIMM PC-133 @ $99 — Historical, John C. McCallum (jcmit.net) via Internet Archive",false
stanford_memory_prices_47f5b29125f1ebcffe9b,2017-03-04,2026-08-04T05:05:14Z,stanford_memory_prices,historical_research,DDR3,McCallum DRAM (historical),8.0,GB,,5.5,USD,USD/GB,5.5,,,,https://dam.stanford.edu/assets/memory-prices/memory-prices.csv,Stanford dataset; underlying source: mccallum,research_dataset,"McCallum DRAM (historical) — 2x 8GB DIMM DDR3-2133 @ $89.99 + free shipping — Historical, John C. McCallum (jcmit.net) via Internet Archive",false
stanford_memory_prices_4807b0a3e9cd6ea08e28,1994-12-03,2026-08-04T05:05:14Z,stanford_memory_prices,historical_research,DRAM,McCallum DRAM (historical),,unknown,,32300.0,USD,USD/GB,32300.0,,,,https://dam.stanford.edu/assets/memory-prices/memory-prices.csv,Stanford dataset; underlying source: mccallum,research_dataset,"McCallum DRAM (historical) — 4Mx9-70 SIMM @ $129 — Historical, John C. McCallum (jcmit.net) via Internet Archive",false
stanford_memory_prices_48a0b655f5f2d92eeba4,1995-01-01,2026-08-04T05:05:14Z,stanford_memory_prices,historical_research,DRAM,McCallum DRAM (historical),,unknown,,32300.0,USD,USD/GB,32300.0,,,,https://dam.stanford.edu/assets/memory-prices/memory-prices.csv,Stanford dataset; underlying source: mccallum,research_dataset,"McCallum DRAM (historical) — 4Mx9-80 SIMM @ $129 — Historical, John C. McCallum (jcmit.net) via Internet Archive",false
stanford_memory_prices_48b76a6c58326b94d902,2025-10-01,2026-08-04T05:05:14Z,stanford_memory_prices,historical_research,HBM,Packaging spend,,unknown,,2.5715,USD,usd_billion,,,,,https://dam.stanford.edu/assets/memory-prices/memory-prices.csv,Stanford dataset; underlying source: epoch.ai,research_dataset,Packaging spend — Packaging quarterly spend (4 designers) — Epoch AI quarterly estimate (production-volume-weighted across Nvidia/AMD/Google/Amazon),true
stanford_memory_prices_48ec5b4c3ef6367942bf,2025-07-01,2026-08-04T05:05:14Z,stanford_memory_prices,historical_research,HBM,Packaging cost share,,unknown,,15.75,% of component cost,percent_share,,,,,https://dam.stanford.edu/assets/memory-prices/memory-prices.csv,Stanford dataset; underlying source: epoch.ai,research_dataset,Packaging cost share — Packaging share of AI-accelerator BoM — Epoch AI quarterly estimate (production-volume-weighted across Nvidia/AMD/Google/Amazon),true
stanford_memory_prices_4908abff35ac81dd73c3,2000-04-30,2026-08-04T05:05:14Z,stanford_memory_prices,historical_research,DRAM,McCallum DRAM (historical),,unknown,,700.0,USD,USD/GB,700.0,,,,https://dam.stanford.edu/assets/memory-prices/memory-prices.csv,Stanford dataset; underlying source: mccallum,research_dataset,"McCallum DRAM (historical) — 128 MB DIMM PC-100 @ $89 — Historical, John C. McCallum (jcmit.net) via Internet Archive",false
stanford_memory_prices_491b90d0482522cab762,1988-01-30,2026-08-04T05:05:14Z,stanford_memory_prices,historical_research,DRAM,McCallum DRAM (historical),,unknown,,182000.0,USD,USD/GB,182000.0,,,,https://dam.stanford.edu/assets/memory-prices/memory-prices.csv,Stanford dataset; underlying source: mccallum,research_dataset,"McCallum DRAM (historical) — JDR MCT-ATMF 3MB Multifunc $169.90+3*36*3.49 — Historical, John C. McCallum (jcmit.net) via Internet Archive",false
stanford_memory_prices_492ca8f1687b4b4cc423,2026-05-01,2026-08-04T05:05:14Z,stanford_memory_prices,historical_research,NAND,NAND cheapest (Keepa),,unknown,,0.0995,USD,USD/GB,0.0995,,,,https://dam.stanford.edu/assets/memory-prices/memory-prices.csv,Stanford dataset; underlying source: keepa,research_dataset,"NAND cheapest (Keepa) — WD_Black 2TB SN770 NVMe Internal Gaming SSD Solid State Drive - Gen4 PCIe, M.2 2280, Up to — Cheapest listed $/GB across the consumer Keepa basket; per-drive posting glitches removed",false
stanford_memory_prices_4995307932e137b81321,1986-01-01,2026-08-04T05:05:14Z,stanford_memory_prices,historical_research,DRAM,McCallum DRAM (historical),,unknown,,300000.0,USD,USD/GB,300000.0,,,,https://dam.stanford.edu/assets/memory-prices/memory-prices.csv,Stanford dataset; underlying source: mccallum,research_dataset,"McCallum DRAM (historical) — 2MB J-RAM-2 A&T $599 — Historical, John C. McCallum (jcmit.net) via Internet Archive",false
stanford_memory_prices_49aeefe5c19dabda3122,2024-11-01,2026-08-04T05:05:14Z,stanford_memory_prices,historical_research,DDR4,DRAM cheapest (Keepa),32.0,GB,2133,1.80906,USD,USD/GB,1.80906,,,,https://dam.stanford.edu/assets/memory-prices/memory-prices.csv,Stanford dataset; underlying source: keepa,research_dataset,DRAM cheapest (Keepa) — G.Skill 32GB (2 x 16G) Ripjaws Series DDR4 PC4-17000 2133MHz Laptop Memory Model F4-2133C1 — Cheapest listed $/GB across the consumer Keepa basket; per-drive posting glitches removed,false
stanford_memory_prices_4b68cb1890fddfb67843,1988-10-01,2026-08-04T05:05:14Z,stanford_memory_prices,historical_research,DRAM,McCallum DRAM (historical),,unknown,,505000.0,USD,USD/GB,505000.0,,,,https://dam.stanford.edu/assets/memory-prices/memory-prices.csv,Stanford dataset; underlying source: mccallum,research_dataset,"McCallum DRAM (historical) — JDR MCT-ATMF 3MB Multifunc $169.90+3*36*12.45 — Historical, John C. McCallum (jcmit.net) via Internet Archive",false
stanford_memory_prices_4bb3c60bb26530939623,2021-12-03,2026-08-04T05:05:14Z,stanford_memory_prices,historical_research,DDR4,McCallum DRAM (historical),16.0,GB,,2.6,USD,USD/GB,2.6,,,,https://dam.stanford.edu/assets/memory-prices/memory-prices.csv,Stanford dataset; underlying source: mccallum,research_dataset,"McCallum DRAM (historical) — 2x 16GB DIMM DDR4-2666 @ $84.99 + free shipping — Historical, John C. McCallum (jcmit.net) via Internet Archive",false
stanford_memory_prices_4bd5e370265098a11fdc,1986-03-04,2026-08-04T05:05:14Z,stanford_memory_prices,historical_research,DRAM,McCallum DRAM (historical),,unknown,,300000.0,USD,USD/GB,300000.0,,,,https://dam.stanford.edu/assets/memory-prices/memory-prices.csv,Stanford dataset; underlying source: mccallum,research_dataset,"McCallum DRAM (historical) — 2MB J-RAM-2 A&T $599 — Historical, John C. McCallum (jcmit.net) via Internet Archive",false
stanford_memory_prices_4cad5b2884687579c904,2023-10-01,2026-08-04T05:05:14Z,stanford_memory_prices,historical_research,NAND,NAND cheapest (Keepa),,unknown,,0.03499,USD,USD/GB,0.03499,,,,https://dam.stanford.edu/assets/memory-prices/memory-prices.csv,Stanford dataset; underlying source: keepa,research_dataset,NAND cheapest (Keepa) — Solidigm™ P41 Plus Series 1TB PCIe GEN 4 NVMe 4.0 x4 M.2 2280 3D NAND Internal Solid State — Cheapest listed $/GB across the consumer Keepa basket; per-drive posting glitches removed,false
stanford_memory_prices_4ce732019232b7ea94a4,2025-07-01,2026-08-04T05:05:14Z,stanford_memory_prices,historical_research,NAND,NAND cheapest (Keepa),,unknown,,0.04462,USD,USD/GB,0.04462,,,,https://dam.stanford.edu/assets/memory-prices/memory-prices.csv,Stanford dataset; underlying source: keepa,research_dataset,"NAND cheapest (Keepa) — Ediloca 4TB SSD NVMe M.2 2280 PCIe Gen4 x4 Internal Solid State Drive - Up to 5000MB/s, 4T — Cheapest listed $/GB across the consumer Keepa basket; per-drive posting glitches removed",false
stanford_memory_prices_4d2101250b35009af512,2016-07-31,2026-08-04T05:05:14Z,stanford_memory_prices,historical_research,DDR3,McCallum DRAM (historical),8.0,GB,,3.5,USD,USD/GB,3.5,,,,https://dam.stanford.edu/assets/memory-prices/memory-prices.csv,Stanford dataset; underlying source: mccallum,research_dataset,"McCallum DRAM (historical) — 2x 8GB DIMM DDR3-1600 @ $57.99 + free shipping — Historical, John C. McCallum (jcmit.net) via Internet Archive",false
stanford_memory_prices_4da48b9feef285dbb760,1987-05-01,2026-08-04T05:05:14Z,stanford_memory_prices,historical_research,DRAM,McCallum DRAM (historical),,unknown,,154000.0,USD,USD/GB,154000.0,,,,https://dam.stanford.edu/assets/memory-prices/memory-prices.csv,Stanford dataset; underlying source: mccallum,research_dataset,"McCallum DRAM (historical) — JDR MCT-ATRAM 4MB $149.95+39.95+4*36*2.95 — Historical, John C. McCallum (jcmit.net) via Internet Archive",false
stanford_memory_prices_4e2ae6b57497e3be18ee,2014-10-31,2026-08-04T05:05:14Z,stanford_memory_prices,historical_research,DDR3,McCallum DRAM (historical),4.0,GB,,8.5,USD,USD/GB,8.5,,,,https://dam.stanford.edu/assets/memory-prices/memory-prices.csv,Stanford dataset; underlying source: mccallum,research_dataset,"McCallum DRAM (historical) — 1x 4GB DIMM DDR3-1600 @ $34.99 + free shipping — Historical, John C. McCallum (jcmit.net) via Internet Archive",false
stanford_memory_prices_4e3e51924c51cb82fa8e,2025-09-01,2026-08-04T05:05:14Z,stanford_memory_prices,historical_research,DDR3,DDR3 (Keepa),2.0,GB,1600,2.4,USD,USD/GB,2.4,,,,https://dam.stanford.edu/assets/memory-prices/memory-prices.csv,Stanford dataset; underlying source: keepa,research_dataset,"DDR3 (Keepa) — HYNIX HMT325S6EFR8A-PB 1600 MHZ, 2 GB, DDR3, RAM Stick — Cheapest listed $/GB across the consumer Keepa basket; per-drive posting glitches removed",false
stanford_memory_prices_4e72606e94fec536ac46,2026-07-01,2026-08-04T05:05:14Z,stanford_memory_prices,historical_research,DDR5,DDR5 (Keepa),64.0,GB,4800,11.40609,USD,USD/GB,11.40609,,,,https://dam.stanford.edu/assets/memory-prices/memory-prices.csv,Stanford dataset; underlying source: keepa,research_dataset,"DDR5 (Keepa) — Crucial 64GB DDR5 RAM Kit (2x32GB), 4800MHz CL40 Laptop Memory - SODIMM 262-Pin - Compatib — Cheapest listed $/GB across the consumer Keepa basket; per-drive posting glitches removed",false
stanford_memory_prices_4e78d574a7e44c2e55d0,2021-07-02,2026-08-04T05:05:14Z,stanford_memory_prices,historical_research,DDR3,McCallum DRAM (historical),8.0,GB,,3.9,USD,USD/GB,3.9,,,,https://dam.stanford.edu/assets/memory-prices/memory-prices.csv,Stanford dataset; underlying source: mccallum,research_dataset,"McCallum DRAM (historical) — 1x 8GB DIMM DDR3-1600 @ $31.99 + free shipping — Historical, John C. McCallum (jcmit.net) via Internet Archive",false
stanford_memory_prices_4fb12d86aa1ed35cf464,2020-12-01,2026-08-04T05:05:14Z,stanford_memory_prices,historical_research,NAND,NAND cheapest (Keepa),,unknown,,0.11249,USD,USD/GB,0.11249,,,,https://dam.stanford.edu/assets/memory-prices/memory-prices.csv,Stanford dataset; underlying source: keepa,research_dataset,NAND cheapest (Keepa) — Crucial P2 2TB 3D NAND NVMe PCIe M.2 SSD Up to 2400MB/s - CT2000P2SSD8 — Cheapest listed $/GB across the consumer Keepa basket; per-drive posting glitches removed,false
stanford_memory_prices_4fb9a747b3ec40b1ccd5,1997-05-01,2026-08-04T05:05:14Z,stanford_memory_prices,historical_research,DRAM,McCallum DRAM (historical),,unknown,,3000.0,USD,USD/GB,3000.0,,,,https://dam.stanford.edu/assets/memory-prices/memory-prices.csv,Stanford dataset; underlying source: mccallum,research_dataset,"McCallum DRAM (historical) — 2Mx32-60 SIMM EDO [72 pin] @ $24 — Historical, John C. McCallum (jcmit.net) via Internet Archive",false
stanford_memory_prices_4fc05f8129ae3aa7a85b,2019-01-01,2026-08-04T05:05:14Z,stanford_memory_prices,historical_research,NAND,NAND cheapest (Keepa),512.0,GB,,0.166,USD,USD/GB,0.166,,,,https://dam.stanford.edu/assets/memory-prices/memory-prices.csv,Stanford dataset; underlying source: keepa,research_dataset,NAND cheapest (Keepa) — ADATA XPG SX6000 PCIe 512GB 3D NAND PCIe Gen3x4 M.2 2280 NVMe 1.2 R/W up to 1000/800MB/s S — Cheapest listed $/GB across the consumer Keepa basket; per-drive posting glitches removed,false
stanford_memory_prices_4ff57c16435f5cf51366,2025-03-01,2026-08-04T05:05:14Z,stanford_memory_prices,historical_research,HBM,HBM $/GB,,unknown,,18.0,USD,USD/GB,18.0,,,,https://dam.stanford.edu/assets/memory-prices/memory-prices.csv,Stanford dataset; underlying source: trendforce,research_dataset,HBM $/GB — HBM3e peak ~$18/GB (range $17-20) — TrendForce / Silicon Analysts H1 2025 peak,true
stanford_memory_prices_50879183c955659390d2,2022-03-01,2026-08-04T05:05:14Z,stanford_memory_prices,historical_research,NAND,NAND cheapest (Keepa),,unknown,,0.075,USD,USD/GB,0.075,,,,https://dam.stanford.edu/assets/memory-prices/memory-prices.csv,Stanford dataset; underlying source: keepa,research_dataset,"NAND cheapest (Keepa) — WD_BLACK 2TB SN750 NVMe Internal Gaming SSD Solid State Drive - Gen3 PCIe, M.2 2280, 3D NA — Cheapest listed $/GB across the consumer Keepa basket; per-drive posting glitches removed",false
stanford_memory_prices_51241b1fabd44390f7e7,2004-07-01,2026-08-04T05:05:14Z,stanford_memory_prices,historical_research,DRAM,McCallum DRAM (historical),,unknown,,176.0,USD,USD/GB,176.0,,,,https://dam.stanford.edu/assets/memory-prices/memory-prices.csv,Stanford dataset; underlying source: mccallum,research_dataset,"McCallum DRAM (historical) — 512MB DIMM DDR-3200 @ $90 — Historical, John C. McCallum (jcmit.net) via Internet Archive",false
stanford_memory_prices_512538d5e71a34214396,2025-11-01,2026-08-04T05:05:14Z,stanford_memory_prices,historical_research,DDR4,DDR4 (Keepa),8.0,GB,2133,3.67375,USD,USD/GB,3.67375,,,,https://dam.stanford.edu/assets/memory-prices/memory-prices.csv,Stanford dataset; underlying source: keepa,research_dataset,DDR4 (Keepa) — A-Tech 8GB RAM for Intel NUC7i3DNKTC NUC 7 Business Mini PC | DDR4 2133MHz PC4-17000 1.2V — Cheapest listed $/GB across the consumer Keepa basket; per-drive posting glitches removed,false
stanford_memory_prices_517d76d0dc2e4ee53c55,1990-06-03,2026-08-04T05:05:14Z,stanford_memory_prices,historical_research,DRAM,McCallum DRAM (historical),,unknown,,90000.0,USD,USD/GB,90000.0,,,,https://dam.stanford.edu/assets/memory-prices/memory-prices.csv,Stanford dataset; underlying source: mccallum,research_dataset,"McCallum DRAM (historical) — Bocaram AT 8MB - $140+72*8.00 — Historical, John C. McCallum (jcmit.net) via Internet Archive",false
stanford_memory_prices_52175cfc51b138b3c632,1988-07-01,2026-08-04T05:05:14Z,stanford_memory_prices,historical_research,DRAM,McCallum DRAM (historical),,unknown,,505000.0,USD,USD/GB,505000.0,,,,https://dam.stanford.edu/assets/memory-prices/memory-prices.csv,Stanford dataset; underlying source: mccallum,research_dataset,"McCallum DRAM (historical) — JDR MCT-ATMF 3MB Multifunc $169.90+3*36*12.45 — Historical, John C. McCallum (jcmit.net) via Internet Archive",false
stanford_memory_prices_5229b20f3d82a28a54b7,2024-10-01,2026-08-04T05:05:14Z,stanford_memory_prices,historical_research,DDR4,DDR4 (Keepa),32.0,GB,2133,1.79375,USD,USD/GB,1.79375,,,,https://dam.stanford.edu/assets/memory-prices/memory-prices.csv,Stanford dataset; underlying source: keepa,research_dataset,DDR4 (Keepa) — G.Skill 32GB (2 x 16G) Ripjaws Series DDR4 PC4-17000 2133MHz Laptop Memory Model F4-2133C1 — Cheapest listed $/GB across the consumer Keepa basket; per-drive posting glitches removed,false
stanford_memory_prices_529ed79757b03f0b552f,1988-09-02,2026-08-04T05:05:14Z,stanford_memory_prices,historical_research,DRAM,McCallum DRAM (historical),,unknown,,505000.0,USD,USD/GB,505000.0,,,,https://dam.stanford.edu/assets/memory-prices/memory-prices.csv,Stanford dataset; underlying source: mccallum,research_dataset,"McCallum DRAM (historical) — JDR MCT-ATMF 3MB Multifunc $169.90+3*36*12.45 — Historical, John C. McCallum (jcmit.net) via Internet Archive",false
stanford_memory_prices_52a246c89cd379321c35,2024-04-30,2026-08-04T05:05:14Z,stanford_memory_prices,historical_research,DDR4,McCallum DRAM (historical),16.0,GB,,1.62,USD,USD/GB,1.62,,,,https://dam.stanford.edu/assets/memory-prices/memory-prices.csv,Stanford dataset; underlying source: mccallum,research_dataset,"McCallum DRAM (historical) — 2x 16GB DIMM DDR4-3200 @ $52.99 + free shipping — Historical, John C. McCallum (jcmit.net) via Internet Archive",false
stanford_memory_prices_531ae2022170f4d78675,2024-01-01,2026-08-04T05:05:14Z,stanford_memory_prices,historical_research,HBM,HBM spend,,unknown,,1.6773,USD,usd_billion,,,,,https://dam.stanford.edu/assets/memory-prices/memory-prices.csv,Stanford dataset; underlying source: epoch.ai,research_dataset,HBM spend — HBM quarterly spend (4 designers) — Epoch AI quarterly estimate (production-volume-weighted across Nvidia/AMD/Google/Amazon),true
stanford_memory_prices_5341c224b68ae6528176,1998-03-04,2026-08-04T05:05:14Z,stanford_memory_prices,historical_research,DRAM,McCallum DRAM (historical),,unknown,,970.0,USD,USD/GB,970.0,,,,https://dam.stanford.edu/assets/memory-prices/memory-prices.csv,Stanford dataset; underlying source: mccallum,research_dataset,"McCallum DRAM (historical) — 8Mx32-? SIMM EDO [72 pin] @ $31 — Historical, John C. McCallum (jcmit.net) via Internet Archive",false
stanford_memory_prices_534d49853985e51c754b,2025-09-01,2026-08-04T05:05:14Z,stanford_memory_prices,historical_research,DDR4,DRAM cheapest (Keepa),8.0,GB,2133,2.11625,USD,USD/GB,2.11625,,,,https://dam.stanford.edu/assets/memory-prices/memory-prices.csv,Stanford dataset; underlying source: keepa,research_dataset,DRAM cheapest (Keepa) — A-Tech 8GB RAM for Intel NUC7i3DNKTC NUC 7 Business Mini PC | DDR4 2133MHz PC4-17000 1.2V — Cheapest listed $/GB across the consumer Keepa basket; per-drive posting glitches removed,false
stanford_memory_prices_53bd1162d870da0f4924,2024-05-01,2026-08-04T05:05:14Z,stanford_memory_prices,historical_research,NAND,NAND cheapest (Keepa),500.0,GB,,0.04626,USD,USD/GB,0.04626,,,,https://dam.stanford.edu/assets/memory-prices/memory-prices.csv,Stanford dataset; underlying source: keepa,research_dataset,NAND cheapest (Keepa) — Western Digital 500GB WD Blue SN570 NVMe Internal Solid State Drive SSD - Gen3 x4 PCIe 8Gb — Cheapest listed $/GB across the consumer Keepa basket; per-drive posting glitches removed,false
stanford_memory_prices_5499536128b219ff50aa,1997-09-03,2026-08-04T05:05:14Z,stanford_memory_prices,historical_research,DRAM,McCallum DRAM (historical),,unknown,,3630.0,USD,USD/GB,3630.0,,,,https://dam.stanford.edu/assets/memory-prices/memory-prices.csv,Stanford dataset; underlying source: mccallum,research_dataset,"McCallum DRAM (historical) — ??? — Historical, John C. McCallum (jcmit.net) via Internet Archive",false
stanford_memory_prices_54bcf53b5faf53b897c8,1995-12-03,2026-08-04T05:05:14Z,stanford_memory_prices,historical_research,DRAM,McCallum DRAM (historical),,unknown,,30900.0,USD,USD/GB,30900.0,,,,https://dam.stanford.edu/assets/memory-prices/memory-prices.csv,Stanford dataset; underlying source: mccallum,research_dataset,"McCallum DRAM (historical) — 4Mx36-70 SIMM [72 pin] @ $494 — Historical, John C. McCallum (jcmit.net) via Internet Archive",false
stanford_memory_prices_54dc3a6c9e209d493b51,2011-01-01,2026-08-04T05:05:14Z,stanford_memory_prices,historical_research,DDR3,McCallum DRAM (historical),2.0,GB,,10.0,USD,USD/GB,10.0,,,,https://dam.stanford.edu/assets/memory-prices/memory-prices.csv,Stanford dataset; underlying source: mccallum,research_dataset,"McCallum DRAM (historical) — 2x 2GB DIMM DDR3-1333 @ $40.98 + free shipping — Historical, John C. McCallum (jcmit.net) via Internet Archive",false
stanford_memory_prices_5528e2bc3f0ef5274c8c,2026-05-01,2026-08-04T05:05:14Z,stanford_memory_prices,historical_research,DDR5,DDR5 (Keepa),64.0,GB,4800,7.10938,USD,USD/GB,7.10938,,,,https://dam.stanford.edu/assets/memory-prices/memory-prices.csv,Stanford dataset; underlying source: keepa,research_dataset,DDR5 (Keepa) — 64GB DDR5 4800MT/S Module KIT of 2 — Cheapest listed $/GB across the consumer Keepa basket; per-drive posting glitches removed,false
stanford_memory_prices_552efbcf3a0012b6b8b3,2022-04-02,2026-08-04T05:05:14Z,stanford_memory_prices,historical_research,DDR4,McCallum DRAM (historical),16.0,GB,,3.1,USD,USD/GB,3.1,,,,https://dam.stanford.edu/assets/memory-prices/memory-prices.csv,Stanford dataset; underlying source: mccallum,research_dataset,"McCallum DRAM (historical) — 1x 16GB DIMM DDR4-2400 @ $49.99 + $0.99 shipping — Historical, John C. McCallum (jcmit.net) via Internet Archive",false
stanford_memory_prices_554264368a86c8293c69,2023-11-01,2026-08-04T05:05:14Z,stanford_memory_prices,historical_research,NAND,NAND cheapest (Keepa),,unknown,,0.03949,USD,USD/GB,0.03949,,,,https://dam.stanford.edu/assets/memory-prices/memory-prices.csv,Stanford dataset; underlying source: keepa,research_dataset,"NAND cheapest (Keepa) — Silicon Power 4TB UD90 NVMe 4.0 Gen4 PCIe M.2 SSD R/W up to 5,000/4,500 MB/s (SP04KGBP44UD — Cheapest listed $/GB across the consumer Keepa basket; per-drive posting glitches removed",false
stanford_memory_prices_559e39c82b576dae4341,2025-10-01,2026-08-04T05:05:14Z,stanford_memory_prices,historical_research,HBM,Logic spend,,unknown,,2.2421,USD,usd_billion,,,,,https://dam.stanford.edu/assets/memory-prices/memory-prices.csv,Stanford dataset; underlying source: epoch.ai,research_dataset,Logic spend — Logic quarterly spend (4 designers) — Epoch AI quarterly estimate (production-volume-weighted across Nvidia/AMD/Google/Amazon),true
stanford_memory_prices_55c4e8927740f3c32602,2026-06-01,2026-08-04T05:05:14Z,stanford_memory_prices,historical_research,DDR3,DDR3 (Keepa),8.0,GB,1600,3.63625,USD,USD/GB,3.63625,,,,https://dam.stanford.edu/assets/memory-prices/memory-prices.csv,Stanford dataset; underlying source: keepa,research_dataset,DDR3 (Keepa) — A-Tech 8GB RAM Replacement for Kingston KTA-MB1600/8G | DDR3 1600MHz PC3-12800 2Rx8 1.5V S — Cheapest listed $/GB across the consumer Keepa basket; per-drive posting glitches removed,false
stanford_memory_prices_55c7d3f47ece0c17c9bc,2025-03-01,2026-08-04T05:05:14Z,stanford_memory_prices,historical_research,DDR4,DDR4 (Keepa),32.0,GB,2133,1.7875,USD,USD/GB,1.7875,,,,https://dam.stanford.edu/assets/memory-prices/memory-prices.csv,Stanford dataset; underlying source: keepa,research_dataset,DDR4 (Keepa) — G.Skill 32GB (2 x 16G) Ripjaws Series DDR4 PC4-17000 2133MHz Laptop Memory Model F4-2133C1 — Cheapest listed $/GB across the consumer Keepa basket; per-drive posting glitches removed,false
stanford_memory_prices_55fbfb0760de67675568,2023-10-31,2026-08-04T05:05:14Z,stanford_memory_prices,historical_research,DDR4,McCallum DRAM (historical),16.0,GB,,1.28,USD,USD/GB,1.28,,,,https://dam.stanford.edu/assets/memory-prices/memory-prices.csv,Stanford dataset; underlying source: mccallum,research_dataset,"McCallum DRAM (historical) — 2x 16GB SO-DIMM DDR4-2666 @ $41.99 + free shipping — Historical, John C. McCallum (jcmit.net) via Internet Archive",false
stanford_memory_prices_5672aa02aa665f25ed0e,2026-05-01,2026-08-04T05:05:14Z,stanford_memory_prices,historical_research,DDR3,DRAM cheapest (Keepa),32.0,GB,,3.45094,USD,USD/GB,3.45094,,,,https://dam.stanford.edu/assets/memory-prices/memory-prices.csv,Stanford dataset; underlying source: keepa,research_dataset,DRAM cheapest (Keepa) — OFFTEK 32GB Replacement Memory RAM Upgrade for Gigabyte GA-7PESLX (DDR3-10600 - Reg) Mothe — Cheapest listed $/GB across the consumer Keepa basket; per-drive posting glitches removed,false
stanford_memory_prices_579241428a167405f1ac,2018-01-01,2026-08-04T05:05:14Z,stanford_memory_prices,historical_research,NAND,NAND cheapest (Keepa),512.0,GB,,0.30078,USD,USD/GB,0.30078,,,,https://dam.stanford.edu/assets/memory-prices/memory-prices.csv,Stanford dataset; underlying source: keepa,research_dataset,NAND cheapest (Keepa) — ADATA SX7000 PCIe 512GB 3D NAND NVMe Gen3x4 M.2 2280 Solid State Drive (ASX7000NP-512GT-C) — Cheapest listed $/GB across the consumer Keepa basket; per-drive posting glitches removed,false
stanford_memory_prices_57b0fcb833e382ef798e,2017-09-03,2026-08-04T05:05:14Z,stanford_memory_prices,historical_research,DDR3,McCallum DRAM (historical),4.0,GB,,6.1,USD,USD/GB,6.1,,,,https://dam.stanford.edu/assets/memory-prices/memory-prices.csv,Stanford dataset; underlying source: mccallum,research_dataset,"McCallum DRAM (historical) — 2x 4GB DIMM DDR3-1600 @ $49.99 + free shipping — Historical, John C. McCallum (jcmit.net) via Internet Archive",false
stanford_memory_prices_57ec5f38a5e90273186b,1992-07-31,2026-08-04T05:05:14Z,stanford_memory_prices,historical_research,DRAM,McCallum DRAM (historical),,unknown,,31000.0,USD,USD/GB,31000.0,,,,https://dam.stanford.edu/assets/memory-prices/memory-prices.csv,Stanford dataset; underlying source: mccallum,research_dataset,"McCallum DRAM (historical) — 4Mx9-70 SIMM @ $124 — Historical, John C. McCallum (jcmit.net) via Internet Archive",false
stanford_memory_prices_58b5e97b45ba7ec0aa27,2006-12-28,2026-08-04T05:05:14Z,stanford_memory_prices,historical_research,DRAM,McCallum DRAM (historical),1.0,GB,,92.0,USD,USD/GB,92.0,,,,https://dam.stanford.edu/assets/memory-prices/memory-prices.csv,Stanford dataset; underlying source: mccallum,research_dataset,"McCallum DRAM (historical) — 1GB DIMM DDR-400 @ $88.99 + 4.99 shipping — Historical, John C. McCallum (jcmit.net) via Internet Archive",false
stanford_memory_prices_590c3978772326111a0a,2024-08-01,2026-08-04T05:05:14Z,stanford_memory_prices,historical_research,DDR4,DDR4 (Keepa),64.0,GB,,0.89797,USD,USD/GB,0.89797,,,,https://dam.stanford.edu/assets/memory-prices/memory-prices.csv,Stanford dataset; underlying source: keepa,research_dataset,"DDR4 (Keepa) — FURY Beast 64GB, 4 X 16GGB DDR4 SDRAM Memory KIT — Cheapest listed $/GB across the consumer Keepa basket; per-drive posting glitches removed",false
stanford_memory_prices_5986cebcf3155aa7bd5a,2024-01-01,2026-08-04T05:05:14Z,stanford_memory_prices,historical_research,NAND,NAND cheapest (Keepa),,unknown,,0.03949,USD,USD/GB,0.03949,,,,https://dam.stanford.edu/assets/memory-prices/memory-prices.csv,Stanford dataset; underlying source: keepa,research_dataset,"NAND cheapest (Keepa) — Silicon Power 4TB UD90 NVMe 4.0 Gen4 PCIe M.2 SSD R/W up to 5,000/4,500 MB/s (SP04KGBP44UD — Cheapest listed $/GB across the consumer Keepa basket; per-drive posting glitches removed",false
stanford_memory_prices_5989991540506bf9da2e,1994-05-01,2026-08-04T05:05:14Z,stanford_memory_prices,historical_research,DRAM,McCallum DRAM (historical),,unknown,,37300.0,USD,USD/GB,37300.0,,,,https://dam.stanford.edu/assets/memory-prices/memory-prices.csv,Stanford dataset; underlying source: mccallum,research_dataset,"McCallum DRAM (historical) — 4Mx9-80 SIMM @ $149 — Historical, John C. McCallum (jcmit.net) via Internet Archive",false
stanford_memory_prices_5989e3abbbd8a2e98e1a,2013-01-01,2026-08-04T05:05:14Z,stanford_memory_prices,historical_research,DDR3,McCallum DRAM (historical),4.0,GB,,4.3,USD,USD/GB,4.3,,,,https://dam.stanford.edu/assets/memory-prices/memory-prices.csv,Stanford dataset; underlying source: mccallum,research_dataset,"McCallum DRAM (historical) — 2x 4GB DIMM DDR3-1600 @ $34.99 + free shipping — Historical, John C. McCallum (jcmit.net) via Internet Archive",false
stanford_memory_prices_59a5b4ace6a53d4b7df5,1995-10-31,2026-08-04T05:05:14Z,stanford_memory_prices,historical_research,DRAM,McCallum DRAM (historical),,unknown,,30900.0,USD,USD/GB,30900.0,,,,https://dam.stanford.edu/assets/memory-prices/memory-prices.csv,Stanford dataset; underlying source: mccallum,research_dataset,"McCallum DRAM (historical) — 4Mx36-70 SIMM [72 pin] @ $494 — Historical, John C. McCallum (jcmit.net) via Internet Archive",false
stanford_memory_prices_59d15af3ed2b97d273c8,2015-08-01,2026-08-04T05:05:14Z,stanford_memory_prices,historical_research,DDR3,McCallum DRAM (historical),8.0,GB,,4.5,USD,USD/GB,4.5,,,,https://dam.stanford.edu/assets/memory-prices/memory-prices.csv,Stanford dataset; underlying source: mccallum,research_dataset,"McCallum DRAM (historical) — 2x 8GB DIMM DDR3L-1600 @ $73.99 + free shipping — Historical, John C. McCallum (jcmit.net) via Internet Archive",false
stanford_memory_prices_5a355d0b71e1a85f0157,2025-12-01,2026-08-04T05:05:14Z,stanford_memory_prices,historical_research,DDR4,DDR4 (Keepa),16.0,GB,,4.03562,USD,USD/GB,4.03562,,,,https://dam.stanford.edu/assets/memory-prices/memory-prices.csv,Stanford dataset; underlying source: keepa,research_dataset,DDR4 (Keepa) — G.Skill Ripjaws V 16GB DDR4 K2 16GVK 4000 (2x8GB) C18 — Cheapest listed $/GB across the consumer Keepa basket; per-drive posting glitches removed,false
stanford_memory_prices_5a35bcfbcc8b22d77fb2,2026-01-01,2026-08-04T05:05:14Z,stanford_memory_prices,historical_research,DDR4,DDR4 (Keepa),16.0,GB,,4.03562,USD,USD/GB,4.03562,,,,https://dam.stanford.edu/assets/memory-prices/memory-prices.csv,Stanford dataset; underlying source: keepa,research_dataset,DDR4 (Keepa) — G.Skill Ripjaws V 16GB DDR4 K2 16GVK 4000 (2x8GB) C18 — Cheapest listed $/GB across the consumer Keepa basket; per-drive posting glitches removed,false
stanford_memory_prices_5a4db5efcf13c68067c7,2000-06-02,2026-08-04T05:05:14Z,stanford_memory_prices,historical_research,DRAM,McCallum DRAM (historical),,unknown,,900.0,USD,USD/GB,900.0,,,,https://dam.stanford.edu/assets/memory-prices/memory-prices.csv,Stanford dataset; underlying source: mccallum,research_dataset,"McCallum DRAM (historical) — 64 MB DIMM PC-100 @ $57.59 — Historical, John C. McCallum (jcmit.net) via Internet Archive",false
stanford_memory_prices_5ad809027e4383202353,1987-03-04,2026-08-04T05:05:14Z,stanford_memory_prices,historical_research,DRAM,McCallum DRAM (historical),,unknown,,157000.0,USD,USD/GB,157000.0,,,,https://dam.stanford.edu/assets/memory-prices/memory-prices.csv,Stanford dataset; underlying source: mccallum,research_dataset,"McCallum DRAM (historical) — Pine 3MB Multifunction $147+108*3 — Historical, John C. McCallum (jcmit.net) via Internet Archive",false
stanford_memory_prices_5ba4b0328f108f11f277,2022-06-03,2026-08-04T05:05:14Z,stanford_memory_prices,historical_research,DDR4,McCallum DRAM (historical),16.0,GB,,2.6,USD,USD/GB,2.6,,,,https://dam.stanford.edu/assets/memory-prices/memory-prices.csv,Stanford dataset; underlying source: mccallum,research_dataset,"McCallum DRAM (historical) — 2x 16GB SO-DIMM DDR4-3200 @ $84.97 + free shipping — Historical, John C. McCallum (jcmit.net) via Internet Archive",false
stanford_memory_prices_5c6a249f0abd8ebc745d,1999-10-31,2026-08-04T05:05:14Z,stanford_memory_prices,historical_research,DRAM,McCallum DRAM (historical),,unknown,,1340.0,USD,USD/GB,1340.0,,,,https://dam.stanford.edu/assets/memory-prices/memory-prices.csv,Stanford dataset; underlying source: mccallum,research_dataset,"McCallum DRAM (historical) — 128 MB DIMM PC-100 @ $170.99 — Historical, John C. McCallum (jcmit.net) via Internet Archive",false
stanford_memory_prices_5c81fac5530dd2463768,2024-10-01,2026-08-04T05:05:14Z,stanford_memory_prices,historical_research,HBM,HBM cost share,,unknown,,56.52,% of component cost,percent_share,,,,,https://dam.stanford.edu/assets/memory-prices/memory-prices.csv,Stanford dataset; underlying source: epoch.ai,research_dataset,HBM cost share — HBM share of AI-accelerator BoM — Epoch AI quarterly estimate (production-volume-weighted across Nvidia/AMD/Google/Amazon),true
stanford_memory_prices_5c84111ba6114fa11402,2026-02-01,2026-08-04T05:05:14Z,stanford_memory_prices,historical_research,NAND,NAND cheapest (Keepa),,unknown,,0.085,USD,USD/GB,0.085,,,,https://dam.stanford.edu/assets/memory-prices/memory-prices.csv,Stanford dataset; underlying source: keepa,research_dataset,"NAND cheapest (Keepa) — LEVEN JPS800 4TB PCIe Gen4 Speed up to 5,000MB/s 3D NAND NVMe M.2 SSD with Thermal Pad and — Cheapest listed $/GB across the consumer Keepa basket; per-drive posting glitches removed",false
stanford_memory_prices_5cfcde81cab287e2f356,2010-07-02,2026-08-04T05:05:14Z,stanford_memory_prices,historical_research,DDR3,McCallum DRAM (historical),2.0,GB,,21.0,USD,USD/GB,21.0,,,,https://dam.stanford.edu/assets/memory-prices/memory-prices.csv,Stanford dataset; underlying source: mccallum,research_dataset,"McCallum DRAM (historical) — 2x 2GB DIMM DDR3-1333 @ $84.99 + 0.99 shipping — Historical, John C. McCallum (jcmit.net) via Internet Archive",false
stanford_memory_prices_5d6efb7151e399ba15c1,2007-05-01,2026-08-04T05:05:14Z,stanford_memory_prices,historical_research,DRAM,McCallum DRAM (historical),1.0,GB,,46.0,USD,USD/GB,46.0,,,,https://dam.stanford.edu/assets/memory-prices/memory-prices.csv,Stanford dataset; underlying source: mccallum,research_dataset,"McCallum DRAM (historical) — 2x 1GB DIMM DDR2-800 @ $94.99 free shipping — Historical, John C. McCallum (jcmit.net) via Internet Archive",false
stanford_memory_prices_5dba54dcc44bca303bcc,2018-10-01,2026-08-04T05:05:14Z,stanford_memory_prices,historical_research,NAND,NAND cheapest (Keepa),512.0,GB,,0.17576,USD,USD/GB,0.17576,,,,https://dam.stanford.edu/assets/memory-prices/memory-prices.csv,Stanford dataset; underlying source: keepa,research_dataset,NAND cheapest (Keepa) — ADATA XPG SX6000 PCIe 512GB 3D NAND PCIe Gen3x4 M.2 2280 NVMe 1.2 R/W up to 1000/800MB/s S — Cheapest listed $/GB across the consumer Keepa basket; per-drive posting glitches removed,false
stanford_memory_prices_5e0a1d87f1b7d376d99a,2000-01-01,2026-08-04T05:05:14Z,stanford_memory_prices,historical_research,DRAM,McCallum DRAM (historical),,unknown,,1560.0,USD,USD/GB,1560.0,,,,https://dam.stanford.edu/assets/memory-prices/memory-prices.csv,Stanford dataset; underlying source: mccallum,research_dataset,"McCallum DRAM (historical) — 64 MB DIMM PC-100 @ $99.89 — Historical, John C. McCallum (jcmit.net) via Internet Archive",false
stanford_memory_prices_5e4a015622c3d8292f56,1992-01-30,2026-08-04T05:05:14Z,stanford_memory_prices,historical_research,DRAM,McCallum DRAM (historical),,unknown,,36000.0,USD,USD/GB,36000.0,,,,https://dam.stanford.edu/assets/memory-prices/memory-prices.csv,Stanford dataset; underlying source: mccallum,research_dataset,"McCallum DRAM (historical) — 4Mx9-80 SIMM @ $145 — Historical, John C. McCallum (jcmit.net) via Internet Archive",false
stanford_memory_prices_5ee400a60856a0b946ad,1990-08-01,2026-08-04T05:05:14Z,stanford_memory_prices,historical_research,DRAM,McCallum DRAM (historical),,unknown,,81000.0,USD,USD/GB,81000.0,,,,https://dam.stanford.edu/assets/memory-prices/memory-prices.csv,Stanford dataset; underlying source: mccallum,research_dataset,"McCallum DRAM (historical) — Bocaram AT Plus 8MB - $649 — Historical, John C. McCallum (jcmit.net) via Internet Archive",false
stanford_memory_prices_5f05286c8f0a70c98d53,2024-07-01,2026-08-04T05:05:14Z,stanford_memory_prices,historical_research,NAND,NAND cheapest (Keepa),,unknown,,0.045,USD,USD/GB,0.045,,,,https://dam.stanford.edu/assets/memory-prices/memory-prices.csv,Stanford dataset; underlying source: keepa,research_dataset,NAND cheapest (Keepa) — Dell KP2TG Solid State Drive - 1 TB - M.2 2280 - NVMe - PCIe Gen4 x 4 (Renewed) — Cheapest listed $/GB across the consumer Keepa basket; per-drive posting glitches removed,false
stanford_memory_prices_5fdfae3e47c5856f3dcd,1975-10-02,2026-08-04T05:05:14Z,stanford_memory_prices,historical_research,DRAM,McCallum DRAM (historical),,unknown,,49920000.0,USD,USD/GB,49920000.0,,,,https://dam.stanford.edu/assets/memory-prices/memory-prices.csv,Stanford dataset; underlying source: mccallum,research_dataset,"McCallum DRAM (historical) — Altair 4K Static(2102) RAM Board — Historical, John C. McCallum (jcmit.net) via Internet Archive",false
stanford_memory_prices_5fe4d16dc4fafa97c403,2024-12-01,2026-08-04T05:05:14Z,stanford_memory_prices,historical_research,DDR3,DDR3 (Keepa),8.0,GB,,2.415,USD,USD/GB,2.415,,,,https://dam.stanford.edu/assets/memory-prices/memory-prices.csv,Stanford dataset; underlying source: keepa,research_dataset,DDR3 (Keepa) — OFFTEK 8GB Replacement Memory RAM Upgrade for HP-Compaq Pavilion Notebook 15-p203ur (DDR3- — Cheapest listed $/GB across the consumer Keepa basket; per-drive posting glitches removed,false
stanford_memory_prices_606928c6c5c63d638403,2007-09-03,2026-08-04T05:05:14Z,stanford_memory_prices,historical_research,DRAM,McCallum DRAM (historical),1.0,GB,,35.0,USD,USD/GB,35.0,,,,https://dam.stanford.edu/assets/memory-prices/memory-prices.csv,Stanford dataset; underlying source: mccallum,research_dataset,"McCallum DRAM (historical) — 2x 1GB DIMM DDR2-800 @ $66.99 + 4.99 shipping — Historical, John C. McCallum (jcmit.net) via Internet Archive",false
stanford_memory_prices_60b958503971ec16de6a,2018-02-01,2026-08-04T05:05:14Z,stanford_memory_prices,historical_research,NAND,NAND cheapest (Keepa),512.0,GB,,0.30264,USD,USD/GB,0.30264,,,,https://dam.stanford.edu/assets/memory-prices/memory-prices.csv,Stanford dataset; underlying source: keepa,research_dataset,NAND cheapest (Keepa) — ADATA SX7000 PCIe 512GB 3D NAND NVMe Gen3x4 M.2 2280 Solid State Drive (ASX7000NP-512GT-C) — Cheapest listed $/GB across the consumer Keepa basket; per-drive posting glitches removed,false
stanford_memory_prices_61a4c083f97cc1eb615d,2018-12-01,2026-08-04T05:05:14Z,stanford_memory_prices,historical_research,NAND,NAND cheapest (Keepa),512.0,GB,,0.166,USD,USD/GB,0.166,,,,https://dam.stanford.edu/assets/memory-prices/memory-prices.csv,Stanford dataset; underlying source: keepa,research_dataset,NAND cheapest (Keepa) — ADATA XPG SX6000 PCIe 512GB 3D NAND PCIe Gen3x4 M.2 2280 NVMe 1.2 R/W up to 1000/800MB/s S — Cheapest listed $/GB across the consumer Keepa basket; per-drive posting glitches removed,false
stanford_memory_prices_61a6065a0ed934bfbcde,2018-12-03,2026-08-04T05:05:14Z,stanford_memory_prices,historical_research,DDR3,McCallum DRAM (historical),8.0,GB,,4.6,USD,USD/GB,4.6,,,,https://dam.stanford.edu/assets/memory-prices/memory-prices.csv,Stanford dataset; underlying source: mccallum,research_dataset,"McCallum DRAM (historical) — 1x 8GB DIMM DDR3-1333 @ $37.99 + free shipping — Historical, John C. McCallum (jcmit.net) via Internet Archive",false
stanford_memory_prices_61f2d6f4d15620d56a3c,2025-06-01,2026-08-04T05:05:14Z,stanford_memory_prices,historical_research,DDR4,DRAM cheapest (Keepa),8.0,GB,2133,1.92375,USD,USD/GB,1.92375,,,,https://dam.stanford.edu/assets/memory-prices/memory-prices.csv,Stanford dataset; underlying source: keepa,research_dataset,DRAM cheapest (Keepa) — A-Tech 8GB RAM for Intel NUC7i3DNKTC NUC 7 Business Mini PC | DDR4 2133MHz PC4-17000 1.2V — Cheapest listed $/GB across the consumer Keepa basket; per-drive posting glitches removed,false
stanford_memory_prices_624b2767af649eb2a273,1991-01-01,2026-08-04T05:05:14Z,stanford_memory_prices,historical_research,DRAM,McCallum DRAM (historical),,unknown,,45000.0,USD,USD/GB,45000.0,,,,https://dam.stanford.edu/assets/memory-prices/memory-prices.csv,Stanford dataset; underlying source: mccallum,research_dataset,"McCallum DRAM (historical) — 1Mx9-80 SIMM @ $44.50 — Historical, John C. McCallum (jcmit.net) via Internet Archive",false
stanford_memory_prices_62e24c197d750bfcddbb,2024-04-01,2026-08-04T05:05:14Z,stanford_memory_prices,historical_research,HBM,Packaging cost share,,unknown,,18.15,% of component cost,percent_share,,,,,https://dam.stanford.edu/assets/memory-prices/memory-prices.csv,Stanford dataset; underlying source: epoch.ai,research_dataset,Packaging cost share — Packaging share of AI-accelerator BoM — Epoch AI quarterly estimate (production-volume-weighted across Nvidia/AMD/Google/Amazon),true
stanford_memory_prices_62fcaf17c21bea770a49,1993-08-01,2026-08-04T05:05:14Z,stanford_memory_prices,historical_research,DRAM,McCallum DRAM (historical),,unknown,,30000.0,USD,USD/GB,30000.0,,,,https://dam.stanford.edu/assets/memory-prices/memory-prices.csv,Stanford dataset; underlying source: mccallum,research_dataset,"McCallum DRAM (historical) — 1Mx9-100 SIMM @ $30 — Historical, John C. McCallum (jcmit.net) via Internet Archive",false
stanford_memory_prices_630c797e3b3631ae8996,2017-03-01,2026-08-04T05:05:14Z,stanford_memory_prices,historical_research,NAND,NAND cheapest (Keepa),512.0,GB,,0.28125,USD,USD/GB,0.28125,,,,https://dam.stanford.edu/assets/memory-prices/memory-prices.csv,Stanford dataset; underlying source: keepa,research_dataset,NAND cheapest (Keepa) — Plextor M8Pe 512GB M.2 PCIe NVMe Solid-State Drive with Heatsink (PX-512M8PeG) — Cheapest listed $/GB across the consumer Keepa basket; per-drive posting glitches removed,false
stanford_memory_prices_63111b83200d4f6e3433,1996-01-30,2026-08-04T05:05:14Z,stanford_memory_prices,historical_research,DRAM,McCallum DRAM (historical),,unknown,,28800.0,USD,USD/GB,28800.0,,,,https://dam.stanford.edu/assets/memory-prices/memory-prices.csv,Stanford dataset; underlying source: mccallum,research_dataset,"McCallum DRAM (historical) — 4Mx36-70 SIMM [72 pin] @ $460 — Historical, John C. McCallum (jcmit.net) via Internet Archive",false
stanford_memory_prices_641ebf8d15b97b22562d,2018-08-01,2026-08-04T05:05:14Z,stanford_memory_prices,historical_research,NAND,NAND cheapest (Keepa),512.0,GB,,0.20311,USD,USD/GB,0.20311,,,,https://dam.stanford.edu/assets/memory-prices/memory-prices.csv,Stanford dataset; underlying source: keepa,research_dataset,NAND cheapest (Keepa) — ADATA XPG SX6000 PCIe 512GB 3D NAND PCIe Gen3x4 M.2 2280 NVMe 1.2 R/W up to 1000/800MB/s S — Cheapest listed $/GB across the consumer Keepa basket; per-drive posting glitches removed,false
stanford_memory_prices_657319432ba48499e519,2025-07-01,2026-08-04T05:05:14Z,stanford_memory_prices,historical_research,HBM,Auxiliary spend,,unknown,,1.3816,USD,usd_billion,,,,,https://dam.stanford.edu/assets/memory-prices/memory-prices.csv,Stanford dataset; underlying source: epoch.ai,research_dataset,Auxiliary spend — Auxiliary quarterly spend (4 designers) — Epoch AI quarterly estimate (production-volume-weighted across Nvidia/AMD/Google/Amazon),true
stanford_memory_prices_65eff749415337a05380,1998-08-01,2026-08-04T05:05:14Z,stanford_memory_prices,historical_research,DRAM,McCallum DRAM (historical),,unknown,,1030.0,USD,USD/GB,1030.0,,,,https://dam.stanford.edu/assets/memory-prices/memory-prices.csv,Stanford dataset; underlying source: mccallum,research_dataset,"McCallum DRAM (historical) — 4Mx64-? DIMM SDRAM @ $33 — Historical, John C. McCallum (jcmit.net) via Internet Archive",false
stanford_memory_prices_65ff0a8a588c45d71b79,2020-10-01,2026-08-04T05:05:14Z,stanford_memory_prices,historical_research,NAND,NAND cheapest (Keepa),,unknown,,0.08999,USD,USD/GB,0.08999,,,,https://dam.stanford.edu/assets/memory-prices/memory-prices.csv,Stanford dataset; underlying source: keepa,research_dataset,NAND cheapest (Keepa) — LEVEN JP600 1TB Up to 2100 MB/s PCIe NVMe Internal SSD (Solid State Drive)- Gen3x4 M.2 228 — Cheapest listed $/GB across the consumer Keepa basket; per-drive posting glitches removed,false
stanford_memory_prices_662d9e85f2013a2d9b75,2008-04-30,2026-08-04T05:05:14Z,stanford_memory_prices,historical_research,DRAM,McCallum DRAM (historical),1.0,GB,,22.0,USD,USD/GB,22.0,,,,https://dam.stanford.edu/assets/memory-prices/memory-prices.csv,Stanford dataset; underlying source: mccallum,research_dataset,"McCallum DRAM (historical) — 2x 1GB DIMM DDR2-800 @ $44.99 free shipping — Historical, John C. McCallum (jcmit.net) via Internet Archive",false
stanford_memory_prices_665ae5ce29e95c2c2d27,2020-02-01,2026-08-04T05:05:14Z,stanford_memory_prices,historical_research,NAND,NAND cheapest (Keepa),8.0,Gb,,0.125,USD,USD/GB,0.125,,,,https://dam.stanford.edu/assets/memory-prices/memory-prices.csv,Stanford dataset; underlying source: keepa,research_dataset,"NAND cheapest (Keepa) — Dataram Internal SSD, PCIe NVMe M.2 2280 Solid State Drive, PCIe Gen3 8Gb/s (1TB) — Cheapest listed $/GB across the consumer Keepa basket; per-drive posting glitches removed",false
stanford_memory_prices_67879ccf4117cf164932,2025-10-01,2026-08-04T05:05:14Z,stanford_memory_prices,historical_research,NAND,NAND cheapest (Keepa),,unknown,,0.04925,USD,USD/GB,0.04925,,,,https://dam.stanford.edu/assets/memory-prices/memory-prices.csv,Stanford dataset; underlying source: keepa,research_dataset,NAND cheapest (Keepa) — Corsair MP600 PRO NH 2TB PCIe Gen4 x4 NVMe M.2 SSD – High-Density TLC NAND – M.2 2280 – Di — Cheapest listed $/GB across the consumer Keepa basket; per-drive posting glitches removed,false
stanford_memory_prices_67fab43520e2b92561a8,2023-02-01,2026-08-04T05:05:14Z,stanford_memory_prices,historical_research,NAND,NAND cheapest (Keepa),,unknown,,0.04299,USD,USD/GB,0.04299,,,,https://dam.stanford.edu/assets/memory-prices/memory-prices.csv,Stanford dataset; underlying source: keepa,research_dataset,NAND cheapest (Keepa) — LEVEN JP600 1TB Up to 2100 MB/s PCIe NVMe Internal SSD (Solid State Drive)- Gen3x4 M.2 228 — Cheapest listed $/GB across the consumer Keepa basket; per-drive posting glitches removed,false
stanford_memory_prices_681739396a1a0debdf4d,2019-06-01,2026-08-04T05:05:14Z,stanford_memory_prices,historical_research,NAND,NAND cheapest (Keepa),8.0,Gb,,0.09999,USD,USD/GB,0.09999,,,,https://dam.stanford.edu/assets/memory-prices/memory-prices.csv,Stanford dataset; underlying source: keepa,research_dataset,"NAND cheapest (Keepa) — Dataram Internal SSD, PCIe NVMe M.2 2280 Solid State Drive, PCIe Gen3 8Gb/s (1TB) — Cheapest listed $/GB across the consumer Keepa basket; per-drive posting glitches removed",false
stanford_memory_prices_685f782248630b3a5f74,2000-10-01,2026-08-04T05:05:14Z,stanford_memory_prices,historical_research,DRAM,McCallum DRAM (historical),,unknown,,1120.0,USD,USD/GB,1120.0,,,,https://dam.stanford.edu/assets/memory-prices/memory-prices.csv,Stanford dataset; underlying source: mccallum,research_dataset,"McCallum DRAM (historical) — 64 MB DIMM PC-133 @ $71.99 — Historical, John C. McCallum (jcmit.net) via Internet Archive",false
stanford_memory_prices_688905c5a48111557b90,1991-10-31,2026-08-04T05:05:14Z,stanford_memory_prices,historical_research,DRAM,McCallum DRAM (historical),,unknown,,40000.0,USD,USD/GB,40000.0,,,,https://dam.stanford.edu/assets/memory-prices/memory-prices.csv,Stanford dataset; underlying source: mccallum,research_dataset,"McCallum DRAM (historical) — 4Mx9-80 SIMM @ $159 — Historical, John C. McCallum (jcmit.net) via Internet Archive",false
stanford_memory_prices_690f6a65cd13024e2a4e,2020-09-01,2026-08-04T05:05:14Z,stanford_memory_prices,historical_research,NAND,NAND cheapest (Keepa),,unknown,,0.08999,USD,USD/GB,0.08999,,,,https://dam.stanford.edu/assets/memory-prices/memory-prices.csv,Stanford dataset; underlying source: keepa,research_dataset,NAND cheapest (Keepa) — LEVEN JP600 1TB Up to 2100 MB/s PCIe NVMe Internal SSD (Solid State Drive)- Gen3x4 M.2 228 — Cheapest listed $/GB across the consumer Keepa basket; per-drive posting glitches removed,false
stanford_memory_prices_692001920268f1e2510e,1988-07-31,2026-08-04T05:05:14Z,stanford_memory_prices,historical_research,DRAM,McCallum DRAM (historical),,unknown,,505000.0,USD,USD/GB,505000.0,,,,https://dam.stanford.edu/assets/memory-prices/memory-prices.csv,Stanford dataset; underlying source: mccallum,research_dataset,"McCallum DRAM (historical) — JDR MCT-ATMF 3MB Multifunc $169.90+3*36*12.45 — Historical, John C. McCallum (jcmit.net) via Internet Archive",false
stanford_memory_prices_6922618b1893cd6e3dc4,2019-05-01,2026-08-04T05:05:14Z,stanford_memory_prices,historical_research,DDR3,McCallum DRAM (historical),8.0,GB,,3.4,USD,USD/GB,3.4,,,,https://dam.stanford.edu/assets/memory-prices/memory-prices.csv,Stanford dataset; underlying source: mccallum,research_dataset,"McCallum DRAM (historical) — 1x 8GB DIMM DDR3-1600 @ $27.99 + free shipping — Historical, John C. McCallum (jcmit.net) via Internet Archive",false
stanford_memory_prices_692f5699c53b916dec60,2026-04-01,2026-08-04T05:05:14Z,stanford_memory_prices,historical_research,DDR5,DDR5 (Keepa),16.0,GB,,10.9375,USD,USD/GB,10.9375,,,,https://dam.stanford.edu/assets/memory-prices/memory-prices.csv,Stanford dataset; underlying source: keepa,research_dataset,DDR5 (Keepa) — Micron SODIMM 16GB DDR5 4800 PC5 1Rx8 MTC8C1084S1SC48BAX Laptop Ultrabook RAM Memory for D — Cheapest listed $/GB across the consumer Keepa basket; per-drive posting glitches removed,false
stanford_memory_prices_6959d401eb5be7d0d6c8,2008-09-02,2026-08-04T05:05:14Z,stanford_memory_prices,historical_research,DRAM,McCallum DRAM (historical),1.0,GB,,15.0,USD,USD/GB,15.0,,,,https://dam.stanford.edu/assets/memory-prices/memory-prices.csv,Stanford dataset; underlying source: mccallum,research_dataset,"McCallum DRAM (historical) — 2x 1GB DIMM DDR2-667 @ $29.99 free shipping — Historical, John C. McCallum (jcmit.net) via Internet Archive",false
stanford_memory_prices_69c0a4590654fcd16bdc,1994-07-02,2026-08-04T05:05:14Z,stanford_memory_prices,historical_research,DRAM,McCallum DRAM (historical),,unknown,,38500.0,USD,USD/GB,38500.0,,,,https://dam.stanford.edu/assets/memory-prices/memory-prices.csv,Stanford dataset; underlying source: mccallum,research_dataset,"McCallum DRAM (historical) — 4Mx9-80 SIMM @ $154 — Historical, John C. McCallum (jcmit.net) via Internet Archive",false
stanford_memory_prices_69c0e37c7c0d3bd4fc35,2001-09-03,2026-08-04T05:05:14Z,stanford_memory_prices,historical_research,DRAM,McCallum DRAM (historical),,unknown,,190.0,USD,USD/GB,190.0,,,,https://dam.stanford.edu/assets/memory-prices/memory-prices.csv,Stanford dataset; underlying source: mccallum,research_dataset,"McCallum DRAM (historical) — 256 MB DIMM PC-133 @ $49 — Historical, John C. McCallum (jcmit.net) via Internet Archive",false
stanford_memory_prices_69f3b9ac577cd74b1037,2025-09-01,2026-08-04T05:05:14Z,stanford_memory_prices,historical_research,DDR5,DDR5 (Keepa),48.0,GB,4800,2.17708,USD,USD/GB,2.17708,,,,https://dam.stanford.edu/assets/memory-prices/memory-prices.csv,Stanford dataset; underlying source: keepa,research_dataset,DDR5 (Keepa) — CORSAIR Vengeance SODIMM DDR5 RAM 48GB (2x24GB) 4800MHz CL40 Intel XMP iCUE Compatible Com — Cheapest listed $/GB across the consumer Keepa basket; per-drive posting glitches removed,false
stanford_memory_prices_6a4705a3dd4555dc5847,1994-03-04,2026-08-04T05:05:14Z,stanford_memory_prices,historical_research,DRAM,McCallum DRAM (historical),,unknown,,36000.0,USD,USD/GB,36000.0,,,,https://dam.stanford.edu/assets/memory-prices/memory-prices.csv,Stanford dataset; underlying source: mccallum,research_dataset,"McCallum DRAM (historical) — 4Mx9-80 SIMM @ $144 — Historical, John C. McCallum (jcmit.net) via Internet Archive",false
stanford_memory_prices_6ab8d35911e53d59c60a,2023-01-01,2026-08-04T05:05:14Z,stanford_memory_prices,historical_research,NAND,NAND cheapest (Keepa),,unknown,,0.04999,USD,USD/GB,0.04999,,,,https://dam.stanford.edu/assets/memory-prices/memory-prices.csv,Stanford dataset; underlying source: keepa,research_dataset,NAND cheapest (Keepa) — LEVEN JP600 1TB Up to 2100 MB/s PCIe NVMe Internal SSD (Solid State Drive)- Gen3x4 M.2 228 — Cheapest listed $/GB across the consumer Keepa basket; per-drive posting glitches removed,false
stanford_memory_prices_6ad20e645d933270563f,2021-04-02,2026-08-04T05:05:14Z,stanford_memory_prices,historical_research,DDR4,McCallum DRAM (historical),32.0,GB,,4.0,USD,USD/GB,4.0,,,,https://dam.stanford.edu/assets/memory-prices/memory-prices.csv,Stanford dataset; underlying source: mccallum,research_dataset,"McCallum DRAM (historical) — 2x 32GB DIMM DDR4-2666 @ $259.99 + free shipping — Historical, John C. McCallum (jcmit.net) via Internet Archive",false
stanford_memory_prices_6ae1b04f642c051496e1,2019-05-01,2026-08-04T05:05:14Z,stanford_memory_prices,historical_research,NAND,NAND cheapest (Keepa),8.0,Gb,,0.10399,USD,USD/GB,0.10399,,,,https://dam.stanford.edu/assets/memory-prices/memory-prices.csv,Stanford dataset; underlying source: keepa,research_dataset,"NAND cheapest (Keepa) — Dataram Internal SSD, PCIe NVMe M.2 2280 Solid State Drive, PCIe Gen3 8Gb/s (1TB) — Cheapest listed $/GB across the consumer Keepa basket; per-drive posting glitches removed",false
stanford_memory_prices_6b73124059e2e8e5fe52,2026-06-01,2026-08-04T05:05:14Z,stanford_memory_prices,historical_research,DDR5,DDR5 (Keepa),16.0,GB,6400,9.37312,USD,USD/GB,9.37312,,,,https://dam.stanford.edu/assets/memory-prices/memory-prices.csv,Stanford dataset; underlying source: keepa,research_dataset,DDR5 (Keepa) — Silicon Power DDR5 16GB (1x16GB) Zenith RGB 6400MT/s (PC5-51200) 288-pin CL32 1.4V UDIMM D — Cheapest listed $/GB across the consumer Keepa basket; per-drive posting glitches removed,false
stanford_memory_prices_6b7de82084955e955e60,2006-10-31,2026-08-04T05:05:14Z,stanford_memory_prices,historical_research,DRAM,McCallum DRAM (historical),1.0,GB,,93.0,USD,USD/GB,93.0,,,,https://dam.stanford.edu/assets/memory-prices/memory-prices.csv,Stanford dataset; underlying source: mccallum,research_dataset,"McCallum DRAM (historical) — 2x 1GB DIMM DDR2-800 @ $199.99 incl shipping — Historical, John C. McCallum (jcmit.net) via Internet Archive",false
stanford_memory_prices_6bfd2305eb4c1d1abfbe,2014-09-03,2026-08-04T05:05:14Z,stanford_memory_prices,historical_research,DDR3,McCallum DRAM (historical),4.0,GB,,8.5,USD,USD/GB,8.5,,,,https://dam.stanford.edu/assets/memory-prices/memory-prices.csv,Stanford dataset; underlying source: mccallum,research_dataset,"McCallum DRAM (historical) — 2x 4GB DIMM DDR3-1600 @ $69.99 + free shipping — Historical, John C. McCallum (jcmit.net) via Internet Archive",false
stanford_memory_prices_6d184bac6f45b5329be6,2021-02-01,2026-08-04T05:05:14Z,stanford_memory_prices,historical_research,NAND,NAND cheapest (Keepa),,unknown,,0.1,USD,USD/GB,0.1,,,,https://dam.stanford.edu/assets/memory-prices/memory-prices.csv,Stanford dataset; underlying source: keepa,research_dataset,NAND cheapest (Keepa) — Crucial P2 2TB 3D NAND NVMe PCIe M.2 SSD Up to 2400MB/s - CT2000P2SSD8 — Cheapest listed $/GB across the consumer Keepa basket; per-drive posting glitches removed,false
stanford_memory_prices_6d2c68d7597f5a0e5a07,2025-04-01,2026-08-04T05:05:14Z,stanford_memory_prices,historical_research,HBM,Logic cost share,,unknown,,14.03,% of component cost,percent_share,,,,,https://dam.stanford.edu/assets/memory-prices/memory-prices.csv,Stanford dataset; underlying source: epoch.ai,research_dataset,Logic cost share — Logic share of AI-accelerator BoM — Epoch AI quarterly estimate (production-volume-weighted across Nvidia/AMD/Google/Amazon),true
stanford_memory_prices_6dd97cc6d6c7fdb3aa69,2016-10-30,2026-08-04T05:05:14Z,stanford_memory_prices,historical_research,DDR4,McCallum DRAM (historical),8.0,GB,,4.1,USD,USD/GB,4.1,,,,https://dam.stanford.edu/assets/memory-prices/memory-prices.csv,Stanford dataset; underlying source: mccallum,research_dataset,"McCallum DRAM (historical) — 2x 8GB DIMM DDR4-2133 @ $67.99 + free shipping — Historical, John C. McCallum (jcmit.net) via Internet Archive",false
stanford_memory_prices_6e153e3f3ae12ef1e68f,2018-06-01,2026-08-04T05:05:14Z,stanford_memory_prices,historical_research,NAND,NAND cheapest (Keepa),512.0,GB,,0.21482,USD,USD/GB,0.21482,,,,https://dam.stanford.edu/assets/memory-prices/memory-prices.csv,Stanford dataset; underlying source: keepa,research_dataset,NAND cheapest (Keepa) — ADATA XPG SX6000 PCIe 512GB 3D NAND PCIe Gen3x4 M.2 2280 NVMe 1.2 R/W up to 1000/800MB/s S — Cheapest listed $/GB across the consumer Keepa basket; per-drive posting glitches removed,false
stanford_memory_prices_6ed3e6f7365ba15d3fb6,2021-08-01,2026-08-04T05:05:14Z,stanford_memory_prices,historical_research,NAND,NAND cheapest (Keepa),,unknown,,0.10299,USD,USD/GB,0.10299,,,,https://dam.stanford.edu/assets/memory-prices/memory-prices.csv,Stanford dataset; underlying source: keepa,research_dataset,NAND cheapest (Keepa) — XPG Gammix S5 1TB PCIe 3D NAND PCIe Gen3x4 M.2 2280 NVMe 1.3 R/W up to 2100/1500MB/s SSD ( — Cheapest listed $/GB across the consumer Keepa basket; per-drive posting glitches removed,false
stanford_memory_prices_6f415890498c5b695816,2010-01-01,2026-08-04T05:05:14Z,stanford_memory_prices,historical_research,DRAM,McCallum DRAM (historical),2.0,GB,,19.0,USD,USD/GB,19.0,,,,https://dam.stanford.edu/assets/memory-prices/memory-prices.csv,Stanford dataset; underlying source: mccallum,research_dataset,"McCallum DRAM (historical) — 2x 2GB DIMM DDR2-800 @ $41.99 + free shipping — Historical, John C. McCallum (jcmit.net) via Internet Archive",false
stanford_memory_prices_6fb3f549e0245db2c71f,1985-05-01,2026-08-04T05:05:14Z,stanford_memory_prices,historical_research,DRAM,McCallum DRAM (historical),,unknown,,720000.0,USD,USD/GB,720000.0,,,,https://dam.stanford.edu/assets/memory-prices/memory-prices.csv,Stanford dataset; underlying source: mccallum,research_dataset,"McCallum DRAM (historical) — IBM 512K $199.95+8*19.98 — Historical, John C. McCallum (jcmit.net) via Internet Archive",false
stanford_memory_prices_6fbc613daa8f4ec5a4ea,2000-12-02,2026-08-04T05:05:14Z,stanford_memory_prices,historical_research,DRAM,McCallum DRAM (historical),,unknown,,900.0,USD,USD/GB,900.0,,,,https://dam.stanford.edu/assets/memory-prices/memory-prices.csv,Stanford dataset; underlying source: mccallum,research_dataset,"McCallum DRAM (historical) — 64 MB DIMM PC-133 @ $57.59 — Historical, John C. McCallum (jcmit.net) via Internet Archive",false
stanford_memory_prices_6fdc1ed6ddcc1d59ec3d,1991-10-02,2026-08-04T05:05:14Z,stanford_memory_prices,historical_research,DRAM,McCallum DRAM (historical),,unknown,,45000.0,USD,USD/GB,45000.0,,,,https://dam.stanford.edu/assets/memory-prices/memory-prices.csv,Stanford dataset; underlying source: mccallum,research_dataset,"McCallum DRAM (historical) — 4Mx9-80 SIMM @ $180 — Historical, John C. McCallum (jcmit.net) via Internet Archive",false
stanford_memory_prices_7054d15efa8e676b556f,2009-08-01,2026-08-04T05:05:14Z,stanford_memory_prices,historical_research,DRAM,McCallum DRAM (historical),2.0,GB,,12.7,USD,USD/GB,12.7,,,,https://dam.stanford.edu/assets/memory-prices/memory-prices.csv,Stanford dataset; underlying source: mccallum,research_dataset,"McCallum DRAM (historical) — 2x 2GB DIMM DDR2-800 @ $51.99 + free shipping — Historical, John C. McCallum (jcmit.net) via Internet Archive",false
stanford_memory_prices_709033aa756914e0dacc,1994-01-30,2026-08-04T05:05:14Z,stanford_memory_prices,historical_research,DRAM,McCallum DRAM (historical),,unknown,,35800.0,USD,USD/GB,35800.0,,,,https://dam.stanford.edu/assets/memory-prices/memory-prices.csv,Stanford dataset; underlying source: mccallum,research_dataset,"McCallum DRAM (historical) — 4Mx3x3-70 SIMM @ $143 — Historical, John C. McCallum (jcmit.net) via Internet Archive",false
stanford_memory_prices_70b45cea99522317baa1,1999-04-02,2026-08-04T05:05:14Z,stanford_memory_prices,historical_research,DRAM,McCallum DRAM (historical),,unknown,,1250.0,USD,USD/GB,1250.0,,,,https://dam.stanford.edu/assets/memory-prices/memory-prices.csv,Stanford dataset; underlying source: mccallum,research_dataset,"McCallum DRAM (historical) — 64 MB DIMM PC-100 @ $79.99 — Historical, John C. McCallum (jcmit.net) via Internet Archive",false
stanford_memory_prices_71a28925f93ad8592619,1993-07-02,2026-08-04T05:05:14Z,stanford_memory_prices,historical_research,DRAM,McCallum DRAM (historical),,unknown,,30000.0,USD,USD/GB,30000.0,,,,https://dam.stanford.edu/assets/memory-prices/memory-prices.csv,Stanford dataset; underlying source: mccallum,research_dataset,"McCallum DRAM (historical) — 1Mx9-100 SIMM @ $30 — Historical, John C. McCallum (jcmit.net) via Internet Archive",false
stanford_memory_prices_71e9b777d4e01ffd6762,2023-12-01,2026-08-04T05:05:14Z,stanford_memory_prices,historical_research,NAND,NAND cheapest (Keepa),,unknown,,0.04124,USD,USD/GB,0.04124,,,,https://dam.stanford.edu/assets/memory-prices/memory-prices.csv,Stanford dataset; underlying source: keepa,research_dataset,"NAND cheapest (Keepa) — Silicon Power 4TB UD90 NVMe 4.0 Gen4 PCIe M.2 SSD R/W up to 5,000/4,500 MB/s (SP04KGBP44UD — Cheapest listed $/GB across the consumer Keepa basket; per-drive posting glitches removed",false
stanford_memory_prices_7256bb564d4e91e69297,1986-06-03,2026-08-04T05:05:14Z,stanford_memory_prices,historical_research,DRAM,McCallum DRAM (historical),,unknown,,190000.0,USD,USD/GB,190000.0,,,,https://dam.stanford.edu/assets/memory-prices/memory-prices.csv,Stanford dataset; underlying source: mccallum,research_dataset,"McCallum DRAM (historical) — JDR AT Multifuntion $199.95+49.95+318.60 — Historical, John C. McCallum (jcmit.net) via Internet Archive",false
stanford_memory_prices_726fd74b65d0fbb8d09c,2025-01-01,2026-08-04T05:05:14Z,stanford_memory_prices,historical_research,DDR3,DDR3 (Keepa),8.0,GB,,2.56875,USD,USD/GB,2.56875,,,,https://dam.stanford.edu/assets/memory-prices/memory-prices.csv,Stanford dataset; underlying source: keepa,research_dataset,DDR3 (Keepa) — PASOUL Laptop Memory DDR3-1600 (PC3L-12800) RAM 8GB SODIMM 204Pin 1.35V (Low Voltage) 16-C — Cheapest listed $/GB across the consumer Keepa basket; per-drive posting glitches removed,false
stanford_memory_prices_72be2176c6acbdc30284,2025-04-01,2026-08-04T05:05:14Z,stanford_memory_prices,historical_research,DDR5,DDR5 (Keepa),48.0,GB,4800,2.70813,USD,USD/GB,2.70813,,,,https://dam.stanford.edu/assets/memory-prices/memory-prices.csv,Stanford dataset; underlying source: keepa,research_dataset,DDR5 (Keepa) — CORSAIR Vengeance SODIMM DDR5 RAM 48GB (2x24GB) 4800MHz CL40 Intel XMP iCUE Compatible Com — Cheapest listed $/GB across the consumer Keepa basket; per-drive posting glitches removed,false
stanford_memory_prices_72c5936b43ea881fda29,2022-03-04,2026-08-04T05:05:14Z,stanford_memory_prices,historical_research,DDR4,McCallum DRAM (historical),16.0,GB,,3.1,USD,USD/GB,3.1,,,,https://dam.stanford.edu/assets/memory-prices/memory-prices.csv,Stanford dataset; underlying source: mccallum,research_dataset,"McCallum DRAM (historical) — 2x 16GB DIMM DDR4-3200 @ $99.99 + free shipping — Historical, John C. McCallum (jcmit.net) via Internet Archive",false
stanford_memory_prices_72d43aff890dde69cfd5,2025-04-01,2026-08-04T05:05:14Z,stanford_memory_prices,historical_research,NAND,NAND cheapest (Keepa),,unknown,,0.045,USD,USD/GB,0.045,,,,https://dam.stanford.edu/assets/memory-prices/memory-prices.csv,Stanford dataset; underlying source: keepa,research_dataset,"NAND cheapest (Keepa) — Colorful 2TB M2 SSD NVMe 2280 Internal Solid State Drive,SLC Cache 3D NAND TLC,Up to 3200M — Cheapest listed $/GB across the consumer Keepa basket; per-drive posting glitches removed",false
stanford_memory_prices_7317cb7fed6ea04d5757,2020-07-01,2026-08-04T05:05:14Z,stanford_memory_prices,historical_research,NAND,NAND cheapest (Keepa),,unknown,,0.11799,USD,USD/GB,0.11799,,,,https://dam.stanford.edu/assets/memory-prices/memory-prices.csv,Stanford dataset; underlying source: keepa,research_dataset,NAND cheapest (Keepa) — XPG Gammix S5 1TB PCIe 3D NAND PCIe Gen3x4 M.2 2280 NVMe 1.3 R/W up to 2100/1500MB/s SSD ( — Cheapest listed $/GB across the consumer Keepa basket; per-drive posting glitches removed,false
stanford_memory_prices_73aac3c3d569fda1197d,2020-06-01,2026-08-04T05:05:14Z,stanford_memory_prices,historical_research,NAND,NAND cheapest (Keepa),,unknown,,0.12499,USD,USD/GB,0.12499,,,,https://dam.stanford.edu/assets/memory-prices/memory-prices.csv,Stanford dataset; underlying source: keepa,research_dataset,NAND cheapest (Keepa) — XPG GAMMIX 1TB S11 Pro 3D NAND PCIe NVMe Gen3x4 M.2 2280 SSD (AGAMMIXS11P-1TT-C) — Cheapest listed $/GB across the consumer Keepa basket; per-drive posting glitches removed,false
stanford_memory_prices_73fe8360e0dae4fbdefe,2023-09-01,2026-08-04T05:05:14Z,stanford_memory_prices,historical_research,NAND,NAND cheapest (Keepa),,unknown,,0.03299,USD,USD/GB,0.03299,,,,https://dam.stanford.edu/assets/memory-prices/memory-prices.csv,Stanford dataset; underlying source: keepa,research_dataset,NAND cheapest (Keepa) — Solidigm™ P41 Plus Series 1TB PCIe GEN 4 NVMe 4.0 x4 M.2 2280 3D NAND Internal Solid State — Cheapest listed $/GB across the consumer Keepa basket; per-drive posting glitches removed,false
stanford_memory_prices_748fde7796af466de104,2008-01-01,2026-08-04T05:05:14Z,stanford_memory_prices,historical_research,DRAM,McCallum DRAM (historical),2.0,GB,,23.0,USD,USD/GB,23.0,,,,https://dam.stanford.edu/assets/memory-prices/memory-prices.csv,Stanford dataset; underlying source: mccallum,research_dataset,"McCallum DRAM (historical) — 2x 2GB DIMM DDR2-800 @ $94.99 free shipping — Historical, John C. McCallum (jcmit.net) via Internet Archive",false
stanford_memory_prices_74ff122f6a56e2b421fd,2009-04-02,2026-08-04T05:05:14Z,stanford_memory_prices,historical_research,DRAM,McCallum DRAM (historical),2.0,GB,,10.5,USD,USD/GB,10.5,,,,https://dam.stanford.edu/assets/memory-prices/memory-prices.csv,Stanford dataset; underlying source: mccallum,research_dataset,"McCallum DRAM (historical) — 2x 2GB DIMM DDR2-800 @ $42.99 + free shipping — Historical, John C. McCallum (jcmit.net) via Internet Archive",false
stanford_memory_prices_75222a3f2358379c3846,2025-11-01,2026-08-04T05:05:14Z,stanford_memory_prices,historical_research,DDR3,DRAM cheapest (Keepa),2.0,GB,1600,2.88,USD,USD/GB,2.88,,,,https://dam.stanford.edu/assets/memory-prices/memory-prices.csv,Stanford dataset; underlying source: keepa,research_dataset,"DRAM cheapest (Keepa) — HYNIX HMT325S6EFR8A-PB 1600 MHZ, 2 GB, DDR3, RAM Stick — Cheapest listed $/GB across the consumer Keepa basket; per-drive posting glitches removed",false
stanford_memory_prices_75922da945669023c54f,2023-07-02,2026-08-04T05:05:14Z,stanford_memory_prices,historical_research,DDR4,McCallum DRAM (historical),16.0,GB,,1.4,USD,USD/GB,1.4,,,,https://dam.stanford.edu/assets/memory-prices/memory-prices.csv,Stanford dataset; underlying source: mccallum,research_dataset,"McCallum DRAM (historical) — 2x 16GB SO-DIMM DDR4-3200 @ $45.99 + free shipping — Historical, John C. McCallum (jcmit.net) via Internet Archive",false
stanford_memory_prices_75b016ff3a60dc5ad086,2011-09-03,2026-08-04T05:05:14Z,stanford_memory_prices,historical_research,DDR3,McCallum DRAM (historical),4.0,GB,,5.4,USD,USD/GB,5.4,,,,https://dam.stanford.edu/assets/memory-prices/memory-prices.csv,Stanford dataset; underlying source: mccallum,research_dataset,"McCallum DRAM (historical) — 1x 4GB DIMM DDR3-1333 @ $21.99 + free shipping — Historical, John C. McCallum (jcmit.net) via Internet Archive",false
stanford_memory_prices_75c56f836ad2bfc0a6ff,2017-11-01,2026-08-04T05:05:14Z,stanford_memory_prices,historical_research,NAND,NAND cheapest (Keepa),256.0,GB,,0.35152,USD,USD/GB,0.35152,,,,https://dam.stanford.edu/assets/memory-prices/memory-prices.csv,Stanford dataset; underlying source: keepa,research_dataset,NAND cheapest (Keepa) — SK Hynix 256GB M.2 SSD (Solid State Drive) NVMe PCIe Model: HFS256GD9MND-5510A BA - OEM — Cheapest listed $/GB across the consumer Keepa basket; per-drive posting glitches removed,false
stanford_memory_prices_762d383094af2eeaaec1,1979-01-01,2026-08-04T05:05:14Z,stanford_memory_prices,historical_research,DRAM,McCallum DRAM (historical),,unknown,,10528000.0,USD,USD/GB,10528000.0,,,,https://dam.stanford.edu/assets/memory-prices/memory-prices.csv,Stanford dataset; underlying source: mccallum,research_dataset,"McCallum DRAM (historical) — Historical, John C. McCallum (jcmit.net) via Internet Archive",false
stanford_memory_prices_76c126f9cd8279c129e5,2025-02-01,2026-08-04T05:05:14Z,stanford_memory_prices,historical_research,DDR4,DRAM cheapest (Keepa),32.0,GB,2133,1.85813,USD,USD/GB,1.85813,,,,https://dam.stanford.edu/assets/memory-prices/memory-prices.csv,Stanford dataset; underlying source: keepa,research_dataset,DRAM cheapest (Keepa) — G.Skill 32GB (2 x 16G) Ripjaws Series DDR4 PC4-17000 2133MHz Laptop Memory Model F4-2133C1 — Cheapest listed $/GB across the consumer Keepa basket; per-drive posting glitches removed,false
stanford_memory_prices_772a4feeb57cf5f4ec5c,2022-12-01,2026-08-04T05:05:14Z,stanford_memory_prices,historical_research,NAND,NAND cheapest (Keepa),,unknown,,0.04899,USD,USD/GB,0.04899,,,,https://dam.stanford.edu/assets/memory-prices/memory-prices.csv,Stanford dataset; underlying source: keepa,research_dataset,NAND cheapest (Keepa) — LEVEN JP600 1TB Up to 2100 MB/s PCIe NVMe Internal SSD (Solid State Drive)- Gen3x4 M.2 228 — Cheapest listed $/GB across the consumer Keepa basket; per-drive posting glitches removed,false
stanford_memory_prices_778b085b02bfa99ca517,2019-03-04,2026-08-04T05:05:14Z,stanford_memory_prices,historical_research,DDR3,McCallum DRAM (historical),8.0,GB,,4.2,USD,USD/GB,4.2,,,,https://dam.stanford.edu/assets/memory-prices/memory-prices.csv,Stanford dataset; underlying source: mccallum,research_dataset,"McCallum DRAM (historical) — 2x 8GB DIMM DDR3L-1600 @ $68.99 + free shipping — Historical, John C. McCallum (jcmit.net) via Internet Archive",false
stanford_memory_prices_77944dbfb48602acd1a5,2000-04-01,2026-08-04T05:05:14Z,stanford_memory_prices,historical_research,DRAM,McCallum DRAM (historical),,unknown,,840.0,USD,USD/GB,840.0,,,,https://dam.stanford.edu/assets/memory-prices/memory-prices.csv,Stanford dataset; underlying source: mccallum,research_dataset,"McCallum DRAM (historical) — 64 MB DIMM PC-100 @ $53.99 — Historical, John C. McCallum (jcmit.net) via Internet Archive",false
stanford_memory_prices_77954d3d760aad17d60c,1988-01-01,2026-08-04T05:05:14Z,stanford_memory_prices,historical_research,DRAM,McCallum DRAM (historical),,unknown,,163000.0,USD,USD/GB,163000.0,,,,https://dam.stanford.edu/assets/memory-prices/memory-prices.csv,Stanford dataset; underlying source: mccallum,research_dataset,"McCallum DRAM (historical) — JDR MCT-ATMF 3MB Multifunction — Historical, John C. McCallum (jcmit.net) via Internet Archive",false
stanford_memory_prices_781d0156359b04fc4806,2018-06-03,2026-08-04T05:05:14Z,stanford_memory_prices,historical_research,DDR3,McCallum DRAM (historical),8.0,GB,,6.4,USD,USD/GB,6.4,,,,https://dam.stanford.edu/assets/memory-prices/memory-prices.csv,Stanford dataset; underlying source: mccallum,research_dataset,"McCallum DRAM (historical) — 2x 8GB DIMM DDR3-1600 @ $104.99 + free shipping — Historical, John C. McCallum (jcmit.net) via Internet Archive",false
stanford_memory_prices_784c2a87fc59353c2870,1989-10-02,2026-08-04T05:05:14Z,stanford_memory_prices,historical_research,DRAM,McCallum DRAM (historical),,unknown,,128000.0,USD,USD/GB,128000.0,,,,https://dam.stanford.edu/assets/memory-prices/memory-prices.csv,Stanford dataset; underlying source: mccallum,research_dataset,"McCallum DRAM (historical) — Bocaram AT 8MB - $159+72*12 — Historical, John C. McCallum (jcmit.net) via Internet Archive",false
stanford_memory_prices_78ae024b88ef38fe40f5,2019-01-30,2026-08-04T05:05:14Z,stanford_memory_prices,historical_research,DDR3,McCallum DRAM (historical),8.0,GB,,4.3,USD,USD/GB,4.3,,,,https://dam.stanford.edu/assets/memory-prices/memory-prices.csv,Stanford dataset; underlying source: mccallum,research_dataset,"McCallum DRAM (historical) — 2x 8GB DIMM DDR3L-1600 @ $69.99 + free shipping — Historical, John C. McCallum (jcmit.net) via Internet Archive",false
stanford_memory_prices_7905e4cc2a5a98e07561,1993-04-02,2026-08-04T05:05:14Z,stanford_memory_prices,historical_research,DRAM,McCallum DRAM (historical),,unknown,,27500.0,USD,USD/GB,27500.0,,,,https://dam.stanford.edu/assets/memory-prices/memory-prices.csv,Stanford dataset; underlying source: mccallum,research_dataset,"McCallum DRAM (historical) — 4Mx9-70 SIMM @ $110 — Historical, John C. McCallum (jcmit.net) via Internet Archive",false
stanford_memory_prices_795cedbc2efa0d4e9ccc,1992-10-01,2026-08-04T05:05:14Z,stanford_memory_prices,historical_research,DRAM,McCallum DRAM (historical),,unknown,,26300.0,USD,USD/GB,26300.0,,,,https://dam.stanford.edu/assets/memory-prices/memory-prices.csv,Stanford dataset; underlying source: mccallum,research_dataset,"McCallum DRAM (historical) — 4Mx9-80 SIMM @ $105 — Historical, John C. McCallum (jcmit.net) via Internet Archive",false
stanford_memory_prices_79e528bd83c7a7fe9d5a,1987-01-01,2026-08-04T05:05:14Z,stanford_memory_prices,historical_research,DRAM,McCallum DRAM (historical),,unknown,,176000.0,USD,USD/GB,176000.0,,,,https://dam.stanford.edu/assets/memory-prices/memory-prices.csv,Stanford dataset; underlying source: mccallum,research_dataset,"McCallum DRAM (historical) — JDR AT Multifuntion $139.95+49.95+3*36*2.95 — Historical, John C. McCallum (jcmit.net) via Internet Archive",false
stanford_memory_prices_79f99a2e0ce5736880db,2013-10-31,2026-08-04T05:05:14Z,stanford_memory_prices,historical_research,DDR3,McCallum DRAM (historical),8.0,GB,,8.5,USD,USD/GB,8.5,,,,https://dam.stanford.edu/assets/memory-prices/memory-prices.csv,Stanford dataset; underlying source: mccallum,research_dataset,"McCallum DRAM (historical) — 1x 8GB DIMM DDR3-1600 @ $69.99 + free shipping — Historical, John C. McCallum (jcmit.net) via Internet Archive",false
stanford_memory_prices_7a1a728ccb15a54a4d7c,2020-06-02,2026-08-04T05:05:14Z,stanford_memory_prices,historical_research,DDR4,McCallum DRAM (historical),16.0,GB,,3.2,USD,USD/GB,3.2,,,,https://dam.stanford.edu/assets/memory-prices/memory-prices.csv,Stanford dataset; underlying source: mccallum,research_dataset,"McCallum DRAM (historical) — 2x 16GB DIMM DDR4-2400 @ $104.99 + free shipping — Historical, John C. McCallum (jcmit.net) via Internet Archive",false
stanford_memory_prices_7a21ea26953bd7e5a91b,1978-03-04,2026-08-04T05:05:14Z,stanford_memory_prices,historical_research,DRAM,McCallum DRAM (historical),,unknown,,28000000.0,USD,USD/GB,28000000.0,,,,https://dam.stanford.edu/assets/memory-prices/memory-prices.csv,Stanford dataset; underlying source: mccallum,research_dataset,"McCallum DRAM (historical) — S-100 64K — Historical, John C. McCallum (jcmit.net) via Internet Archive",false
stanford_memory_prices_7a21fd4f4390ddd5fdaf,2024-07-01,2026-08-04T05:05:14Z,stanford_memory_prices,historical_research,DDR4,McCallum DRAM (historical),32.0,GB,,1.53,USD,USD/GB,1.53,,,,https://dam.stanford.edu/assets/memory-prices/memory-prices.csv,Stanford dataset; underlying source: mccallum,research_dataset,"McCallum DRAM (historical) — 2x 32GB DIMM DDR4-3600 @ $99.99 + free shipping — Historical, John C. McCallum (jcmit.net) via Internet Archive",false
stanford_memory_prices_7a93a86a50a711116490,2021-03-01,2026-08-04T05:05:14Z,stanford_memory_prices,historical_research,NAND,NAND cheapest (Keepa),,unknown,,0.08999,USD,USD/GB,0.08999,,,,https://dam.stanford.edu/assets/memory-prices/memory-prices.csv,Stanford dataset; underlying source: keepa,research_dataset,NAND cheapest (Keepa) — LEVEN JP600 1TB Up to 2100 MB/s PCIe NVMe Internal SSD (Solid State Drive)- Gen3x4 M.2 228 — Cheapest listed $/GB across the consumer Keepa basket; per-drive posting glitches removed,false
stanford_memory_prices_7a9a93239e8aae1e4d49,2000-09-02,2026-08-04T05:05:14Z,stanford_memory_prices,historical_research,DRAM,McCallum DRAM (historical),,unknown,,1070.0,USD,USD/GB,1070.0,,,,https://dam.stanford.edu/assets/memory-prices/memory-prices.csv,Stanford dataset; underlying source: mccallum,research_dataset,"McCallum DRAM (historical) — 64 MB DIMM PC-133 @ $68.39 — Historical, John C. McCallum (jcmit.net) via Internet Archive",false
stanford_memory_prices_7af2737a8eba1618ad4b,1993-05-01,2026-08-04T05:05:14Z,stanford_memory_prices,historical_research,DRAM,McCallum DRAM (historical),,unknown,,27500.0,USD,USD/GB,27500.0,,,,https://dam.stanford.edu/assets/memory-prices/memory-prices.csv,Stanford dataset; underlying source: mccallum,research_dataset,"McCallum DRAM (historical) — 4Mx9-70 SIMM @ $110 — Historical, John C. McCallum (jcmit.net) via Internet Archive",false
stanford_memory_prices_7b976a5fbb4569a30ae1,1991-08-01,2026-08-04T05:05:14Z,stanford_memory_prices,historical_research,DRAM,McCallum DRAM (historical),,unknown,,41000.0,USD,USD/GB,41000.0,,,,https://dam.stanford.edu/assets/memory-prices/memory-prices.csv,Stanford dataset; underlying source: mccallum,research_dataset,"McCallum DRAM (historical) — 4Mx9-80 SIMM @ $165 — Historical, John C. McCallum (jcmit.net) via Internet Archive",false
stanford_memory_prices_7c153794c4f9fa70c510,2022-08-01,2026-08-04T05:05:14Z,stanford_memory_prices,historical_research,DDR4,McCallum DRAM (historical),32.0,GB,,2.3,USD,USD/GB,2.3,,,,https://dam.stanford.edu/assets/memory-prices/memory-prices.csv,Stanford dataset; underlying source: mccallum,research_dataset,"McCallum DRAM (historical) — 1x 32GB SO-DIMM DDR4-3200 @ $74.99 + free shipping — Historical, John C. McCallum (jcmit.net) via Internet Archive",false
stanford_memory_prices_7c672db7ced7eae4549d,2016-12-01,2026-08-04T05:05:14Z,stanford_memory_prices,historical_research,NAND,NAND cheapest (Keepa),512.0,GB,,0.38086,USD,USD/GB,0.38086,,,,https://dam.stanford.edu/assets/memory-prices/memory-prices.csv,Stanford dataset; underlying source: keepa,research_dataset,NAND cheapest (Keepa) — Plextor M8Pe 512GB M.2 PCIe NVMe Solid-State Drive with Heatsink (PX-512M8PeG) — Cheapest listed $/GB across the consumer Keepa basket; per-drive posting glitches removed,false
stanford_memory_prices_7c815f3839a100870a2d,2020-09-02,2026-08-04T05:05:14Z,stanford_memory_prices,historical_research,DDR4,McCallum DRAM (historical),16.0,GB,,2.8,USD,USD/GB,2.8,,,,https://dam.stanford.edu/assets/memory-prices/memory-prices.csv,Stanford dataset; underlying source: mccallum,research_dataset,"McCallum DRAM (historical) — 2x 16GB DIMM DDR4-2666 @ $91.99 + free shipping — Historical, John C. McCallum (jcmit.net) via Internet Archive",false
stanford_memory_prices_7dc1ced3c4019cbec7a6,1987-04-02,2026-08-04T05:05:14Z,stanford_memory_prices,historical_research,DRAM,McCallum DRAM (historical),,unknown,,154000.0,USD,USD/GB,154000.0,,,,https://dam.stanford.edu/assets/memory-prices/memory-prices.csv,Stanford dataset; underlying source: mccallum,research_dataset,"McCallum DRAM (historical) — JDR MCT-ATRAM 4MB $149.95+39.95+4*36*2.95 — Historical, John C. McCallum (jcmit.net) via Internet Archive",false
stanford_memory_prices_7e1f9964774cf51ea370,2008-07-31,2026-08-04T05:05:14Z,stanford_memory_prices,historical_research,DRAM,McCallum DRAM (historical),1.0,GB,,18.0,USD,USD/GB,18.0,,,,https://dam.stanford.edu/assets/memory-prices/memory-prices.csv,Stanford dataset; underlying source: mccallum,research_dataset,"McCallum DRAM (historical) — 2x 1GB DIMM DDR2-667 @ $35.99 free shipping — Historical, John C. McCallum (jcmit.net) via Internet Archive",false
stanford_memory_prices_7e6f1224aa0ae21ff4d9,1970-01-01,2026-08-04T05:05:14Z,stanford_memory_prices,historical_research,DRAM,McCallum DRAM (historical),,unknown,,734003000.0,USD,USD/GB,734003000.0,,,,https://dam.stanford.edu/assets/memory-prices/memory-prices.csv,Stanford dataset; underlying source: mccallum,research_dataset,"McCallum DRAM (historical) — IBM 370/135 core memory — Historical, John C. McCallum (jcmit.net) via Internet Archive",false
stanford_memory_prices_7ebf9361f1a59882f318,1996-07-31,2026-08-04T05:05:14Z,stanford_memory_prices,historical_research,DRAM,McCallum DRAM (historical),,unknown,,9060.0,USD,USD/GB,9060.0,,,,https://dam.stanford.edu/assets/memory-prices/memory-prices.csv,Stanford dataset; underlying source: mccallum,research_dataset,"McCallum DRAM (historical) — 4Mx36-60 SIMM [72 pin] @ $145 — Historical, John C. McCallum (jcmit.net) via Internet Archive",false
stanford_memory_prices_7ed631ce9d09f8f3c882,2011-10-02,2026-08-04T05:05:14Z,stanford_memory_prices,historical_research,DDR3,McCallum DRAM (historical),4.0,GB,,5.1,USD,USD/GB,5.1,,,,https://dam.stanford.edu/assets/memory-prices/memory-prices.csv,Stanford dataset; underlying source: mccallum,research_dataset,"McCallum DRAM (historical) — 2x 4GB DIMM DDR3-1333 @ $41.99 + free shipping — Historical, John C. McCallum (jcmit.net) via Internet Archive",false
stanford_memory_prices_7efa014c84cadbe47d50,2021-06-01,2026-08-04T05:05:14Z,stanford_memory_prices,historical_research,NAND,NAND cheapest (Keepa),,unknown,,0.099,USD,USD/GB,0.099,,,,https://dam.stanford.edu/assets/memory-prices/memory-prices.csv,Stanford dataset; underlying source: keepa,research_dataset,NAND cheapest (Keepa) — Crucial P2 2TB 3D NAND NVMe PCIe M.2 SSD Up to 2400MB/s - CT2000P2SSD8 — Cheapest listed $/GB across the consumer Keepa basket; per-drive posting glitches removed,false
stanford_memory_prices_7efa56036be4c8ee55f5,2025-07-01,2026-08-04T05:05:14Z,stanford_memory_prices,historical_research,HBM,HBM cost share,,unknown,,61.29,% of component cost,percent_share,,,,,https://dam.stanford.edu/assets/memory-prices/memory-prices.csv,Stanford dataset; underlying source: epoch.ai,research_dataset,HBM cost share — HBM share of AI-accelerator BoM — Epoch AI quarterly estimate (production-volume-weighted across Nvidia/AMD/Google/Amazon),true
stanford_memory_prices_7f7e79ce1a1c5088f446,2017-07-02,2026-08-04T05:05:14Z,stanford_memory_prices,historical_research,DDR3,McCallum DRAM (historical),8.0,GB,,5.9,USD,USD/GB,5.9,,,,https://dam.stanford.edu/assets/memory-prices/memory-prices.csv,Stanford dataset; underlying source: mccallum,research_dataset,"McCallum DRAM (historical) — 2x 8GB DIMM DDR3-1600 @ $95.99 + free shipping — Historical, John C. McCallum (jcmit.net) via Internet Archive",false
stanford_memory_prices_7faebbc53beca9d4e282,2025-07-01,2026-08-04T05:05:14Z,stanford_memory_prices,historical_research,DDR5,DRAM cheapest (Keepa),48.0,GB,4800,2.16646,USD,USD/GB,2.16646,,,,https://dam.stanford.edu/assets/memory-prices/memory-prices.csv,Stanford dataset; underlying source: keepa,research_dataset,DRAM cheapest (Keepa) — CORSAIR Vengeance SODIMM DDR5 RAM 48GB (2x24GB) 4800MHz CL40 Intel XMP iCUE Compatible Com — Cheapest listed $/GB across the consumer Keepa basket; per-drive posting glitches removed,false
stanford_memory_prices_80b18a08b59a6d96318f,2025-01-01,2026-08-04T05:05:14Z,stanford_memory_prices,historical_research,HBM,Auxiliary spend,,unknown,,1.2167,USD,usd_billion,,,,,https://dam.stanford.edu/assets/memory-prices/memory-prices.csv,Stanford dataset; underlying source: epoch.ai,research_dataset,Auxiliary spend — Auxiliary quarterly spend (4 designers) — Epoch AI quarterly estimate (production-volume-weighted across Nvidia/AMD/Google/Amazon),true
stanford_memory_prices_80f3beb12af85c0b2e63,2016-07-01,2026-08-04T05:05:14Z,stanford_memory_prices,historical_research,DDR3,McCallum DRAM (historical),8.0,GB,,3.1,USD,USD/GB,3.1,,,,https://dam.stanford.edu/assets/memory-prices/memory-prices.csv,Stanford dataset; underlying source: mccallum,research_dataset,"McCallum DRAM (historical) — 2x 8GB DIMM DDR3-1600 @ $49.99 + free shipping — Historical, John C. McCallum (jcmit.net) via Internet Archive",false
stanford_memory_prices_811d236e4a5b9fc983a5,2024-04-01,2026-08-04T05:05:14Z,stanford_memory_prices,historical_research,HBM,Packaging spend,,unknown,,0.7745,USD,usd_billion,,,,,https://dam.stanford.edu/assets/memory-prices/memory-prices.csv,Stanford dataset; underlying source: epoch.ai,research_dataset,Packaging spend — Packaging quarterly spend (4 designers) — Epoch AI quarterly estimate (production-volume-weighted across Nvidia/AMD/Google/Amazon),true
stanford_memory_prices_813208bd5fb02280dd7a,1987-06-03,2026-08-04T05:05:14Z,stanford_memory_prices,historical_research,DRAM,McCallum DRAM (historical),,unknown,,154000.0,USD,USD/GB,154000.0,,,,https://dam.stanford.edu/assets/memory-prices/memory-prices.csv,Stanford dataset; underlying source: mccallum,research_dataset,"McCallum DRAM (historical) — JDR MCT-ATRAM 4MB $149.95+39.95+4*36*2.95 — Historical, John C. McCallum (jcmit.net) via Internet Archive",false
stanford_memory_prices_81ca0ea3abde0ff6aafe,2021-11-01,2026-08-04T05:05:14Z,stanford_memory_prices,historical_research,NAND,NAND cheapest (Keepa),,unknown,,0.07999,USD,USD/GB,0.07999,,,,https://dam.stanford.edu/assets/memory-prices/memory-prices.csv,Stanford dataset; underlying source: keepa,research_dataset,NAND cheapest (Keepa) — msi SPATIUM M370 NVMe M.2 1TB Internal SSD PCIe Gen3 NVMe 1.3 3D NAND 1600 TBW — Cheapest listed $/GB across the consumer Keepa basket; per-drive posting glitches removed,false
stanford_memory_prices_81ccf285be56b0012d53,2009-10-02,2026-08-04T05:05:14Z,stanford_memory_prices,historical_research,DRAM,McCallum DRAM (historical),2.0,GB,,18.3,USD,USD/GB,18.3,,,,https://dam.stanford.edu/assets/memory-prices/memory-prices.csv,Stanford dataset; underlying source: mccallum,research_dataset,"McCallum DRAM (historical) — 2x 2GB DIMM DDR2-1066 @ $74.99 + free shipping — Historical, John C. McCallum (jcmit.net) via Internet Archive",false
stanford_memory_prices_81ee4c68a660c500d1a1,2001-08-01,2026-08-04T05:05:14Z,stanford_memory_prices,historical_research,DRAM,McCallum DRAM (historical),,unknown,,190.0,USD,USD/GB,190.0,,,,https://dam.stanford.edu/assets/memory-prices/memory-prices.csv,Stanford dataset; underlying source: mccallum,research_dataset,"McCallum DRAM (historical) — 256 MB DIMM PC-133 @ $49 — Historical, John C. McCallum (jcmit.net) via Internet Archive",false
stanford_memory_prices_820da67688ed7ca2361a,2026-03-01,2026-08-04T05:05:14Z,stanford_memory_prices,historical_research,NAND,NAND cheapest (Keepa),,unknown,,0.08723,USD,USD/GB,0.08723,,,,https://dam.stanford.edu/assets/memory-prices/memory-prices.csv,Stanford dataset; underlying source: keepa,research_dataset,"NAND cheapest (Keepa) — Corsair MP600 PRO XT 8TB Gen4 PCIe x4 NVMe M.2 SSD - Up to 7,000 MB/s Sequential Read and — Cheapest listed $/GB across the consumer Keepa basket; per-drive posting glitches removed",false
stanford_memory_prices_82197620aec6335afd39,2012-09-02,2026-08-04T05:05:14Z,stanford_memory_prices,historical_research,DDR3,McCallum DRAM (historical),8.0,GB,,4.0,USD,USD/GB,4.0,,,,https://dam.stanford.edu/assets/memory-prices/memory-prices.csv,Stanford dataset; underlying source: mccallum,research_dataset,"McCallum DRAM (historical) — 2x 8GB DIMM DDR3-1600 @ $64.79 + free shipping — Historical, John C. McCallum (jcmit.net) via Internet Archive",false
stanford_memory_prices_82ba5d329a19ef466d2b,1990-01-01,2026-08-04T05:05:14Z,stanford_memory_prices,historical_research,DRAM,McCallum DRAM (historical),,unknown,,106000.0,USD,USD/GB,106000.0,,,,https://dam.stanford.edu/assets/memory-prices/memory-prices.csv,Stanford dataset; underlying source: mccallum,research_dataset,"McCallum DRAM (historical) — Bocaram AT 8MB - $149+72*9.75 — Historical, John C. McCallum (jcmit.net) via Internet Archive",false
stanford_memory_prices_82d0c23ede30f60fab32,2010-03-04,2026-08-04T05:05:14Z,stanford_memory_prices,historical_research,DRAM,McCallum DRAM (historical),1.0,GB,,19.5,USD,USD/GB,19.5,,,,https://dam.stanford.edu/assets/memory-prices/memory-prices.csv,Stanford dataset; underlying source: mccallum,research_dataset,"McCallum DRAM (historical) — 2x 1GB DIMM DDR2-800 @ $39.99 + free shipping — Historical, John C. McCallum (jcmit.net) via Internet Archive",false
stanford_memory_prices_82f97157a97de09f61f5,2026-03-01,2026-08-04T05:05:14Z,stanford_memory_prices,historical_research,DDR3,DDR3 (Keepa),16.0,GB,1333,4.71687,USD,USD/GB,4.71687,,,,https://dam.stanford.edu/assets/memory-prices/memory-prices.csv,Stanford dataset; underlying source: keepa,research_dataset,DDR3 (Keepa) — A-Tech 16GB Kit (2x8GB) RAM for Acer TravelMate 5760ZG | DDR3 1333MHz PC3-10600 SODIMM 204 — Cheapest listed $/GB across the consumer Keepa basket; per-drive posting glitches removed,false
stanford_memory_prices_83c3248e9de92f6ee05c,2013-06-03,2026-08-04T05:05:14Z,stanford_memory_prices,historical_research,DDR3,McCallum DRAM (historical),4.0,GB,,6.1,USD,USD/GB,6.1,,,,https://dam.stanford.edu/assets/memory-prices/memory-prices.csv,Stanford dataset; underlying source: mccallum,research_dataset,"McCallum DRAM (historical) — 2x 4GB DIMM DDR3-1333 @ $49.99 + free shipping — Historical, John C. McCallum (jcmit.net) via Internet Archive",false
stanford_memory_prices_83d9c76574e5fc5c26de,2019-12-03,2026-08-04T05:05:14Z,stanford_memory_prices,historical_research,DDR4,McCallum DRAM (historical),16.0,GB,,2.8,USD,USD/GB,2.8,,,,https://dam.stanford.edu/assets/memory-prices/memory-prices.csv,Stanford dataset; underlying source: mccallum,research_dataset,"McCallum DRAM (historical) — 2x 16GB DIMM DDR4-3000 @ $92.99 + free shipping — Historical, John C. McCallum (jcmit.net) via Internet Archive",false
stanford_memory_prices_84229242b270fa1ade20,1991-09-03,2026-08-04T05:05:14Z,stanford_memory_prices,historical_research,DRAM,McCallum DRAM (historical),,unknown,,46000.0,USD,USD/GB,46000.0,,,,https://dam.stanford.edu/assets/memory-prices/memory-prices.csv,Stanford dataset; underlying source: mccallum,research_dataset,"McCallum DRAM (historical) — 4Mx9-80 SIMM @ $185 — Historical, John C. McCallum (jcmit.net) via Internet Archive",false
stanford_memory_prices_8439f1a88c75af2a0aaf,2007-12-03,2026-08-04T05:05:14Z,stanford_memory_prices,historical_research,DRAM,McCallum DRAM (historical),1.0,GB,,24.0,USD,USD/GB,24.0,,,,https://dam.stanford.edu/assets/memory-prices/memory-prices.csv,Stanford dataset; underlying source: mccallum,research_dataset,"McCallum DRAM (historical) — 2x 1GB DIMM DDR2-800 @ $49.95 free shipping — Historical, John C. McCallum (jcmit.net) via Internet Archive",false
stanford_memory_prices_857a69504cfae1b37c09,2017-07-01,2026-08-04T05:05:14Z,stanford_memory_prices,historical_research,NAND,NAND cheapest (Keepa),512.0,GB,,0.37107,USD,USD/GB,0.37107,,,,https://dam.stanford.edu/assets/memory-prices/memory-prices.csv,Stanford dataset; underlying source: keepa,research_dataset,NAND cheapest (Keepa) — ADATA SX7000 PCIe 512GB 3D NAND NVMe Gen3x4 M.2 2280 Solid State Drive (ASX7000NP-512GT-C) — Cheapest listed $/GB across the consumer Keepa basket; per-drive posting glitches removed,false
stanford_memory_prices_8600a891944371131dc2,2026-04-01,2026-08-04T05:05:14Z,stanford_memory_prices,historical_research,DDR3,DRAM cheapest (Keepa),2.0,GB,1600,2.855,USD,USD/GB,2.855,,,,https://dam.stanford.edu/assets/memory-prices/memory-prices.csv,Stanford dataset; underlying source: keepa,research_dataset,"DRAM cheapest (Keepa) — HYNIX HMT325S6EFR8A-PB 1600 MHZ, 2 GB, DDR3, RAM Stick — Cheapest listed $/GB across the consumer Keepa basket; per-drive posting glitches removed",false
stanford_memory_prices_866980738a5e2ce576ca,2026-07-01,2026-08-04T05:05:14Z,stanford_memory_prices,historical_research,NAND,NAND cheapest (Keepa),,unknown,,0.105,USD,USD/GB,0.105,,,,https://dam.stanford.edu/assets/memory-prices/memory-prices.csv,Stanford dataset; underlying source: keepa,research_dataset,"NAND cheapest (Keepa) — Western Digital 4TB WD Blue SN5000 NVMe Internal Solid State Drive SSD - PCIe Gen 4.0, M.2 — Cheapest listed $/GB across the consumer Keepa basket; per-drive posting glitches removed",false
stanford_memory_prices_86a1bfafab153afc246b,1999-09-03,2026-08-04T05:05:14Z,stanford_memory_prices,historical_research,DRAM,McCallum DRAM (historical),,unknown,,870.0,USD,USD/GB,870.0,,,,https://dam.stanford.edu/assets/memory-prices/memory-prices.csv,Stanford dataset; underlying source: mccallum,research_dataset,"McCallum DRAM (historical) — 128 MB DIMM PC-100 @ $111.14 — Historical, John C. McCallum (jcmit.net) via Internet Archive",false
stanford_memory_prices_86be724e244a88adc6d8,2024-01-01,2026-08-04T05:05:14Z,stanford_memory_prices,historical_research,DDR4,McCallum DRAM (historical),32.0,GB,,1.57,USD,USD/GB,1.57,,,,https://dam.stanford.edu/assets/memory-prices/memory-prices.csv,Stanford dataset; underlying source: mccallum,research_dataset,"McCallum DRAM (historical) — 2x 32GB SO-DIMM DDR4-3200 @ $102.99 + free shipping — Historical, John C. McCallum (jcmit.net) via Internet Archive",false
stanford_memory_prices_86d4d360c09633ec3a3b,2001-01-01,2026-08-04T05:05:14Z,stanford_memory_prices,historical_research,DRAM,McCallum DRAM (historical),,unknown,,750.0,USD,USD/GB,750.0,,,,https://dam.stanford.edu/assets/memory-prices/memory-prices.csv,Stanford dataset; underlying source: mccallum,research_dataset,"McCallum DRAM (historical) — 64 MB DIMM PC-133 @ $47.69 — Historical, John C. McCallum (jcmit.net) via Internet Archive",false
stanford_memory_prices_87f7a9d5d7e8a46a128b,2004-04-30,2026-08-04T05:05:14Z,stanford_memory_prices,historical_research,DRAM,McCallum DRAM (historical),,unknown,,156.0,USD,USD/GB,156.0,,,,https://dam.stanford.edu/assets/memory-prices/memory-prices.csv,Stanford dataset; underlying source: mccallum,research_dataset,"McCallum DRAM (historical) — 512MB DIMM DDR-3200 @ $80 — Historical, John C. McCallum (jcmit.net) via Internet Archive",false
stanford_memory_prices_881195090bf13b0fe486,2007-01-30,2026-08-04T05:05:14Z,stanford_memory_prices,historical_research,DRAM,McCallum DRAM (historical),1.0,GB,,78.0,USD,USD/GB,78.0,,,,https://dam.stanford.edu/assets/memory-prices/memory-prices.csv,Stanford dataset; underlying source: mccallum,research_dataset,"McCallum DRAM (historical) — 1GB DIMM DDR2-800 @ $74.99 + 4.99 shipping — Historical, John C. McCallum (jcmit.net) via Internet Archive",false
stanford_memory_prices_8939e1ea6cf6be605f04,2024-01-01,2026-08-04T05:05:14Z,stanford_memory_prices,historical_research,HBM,Packaging spend,,unknown,,0.6109,USD,usd_billion,,,,,https://dam.stanford.edu/assets/memory-prices/memory-prices.csv,Stanford dataset; underlying source: epoch.ai,research_dataset,Packaging spend — Packaging quarterly spend (4 designers) — Epoch AI quarterly estimate (production-volume-weighted across Nvidia/AMD/Google/Amazon),true
stanford_memory_prices_8952e1cef3e70184c78b,1999-12-03,2026-08-04T05:05:14Z,stanford_memory_prices,historical_research,DRAM,McCallum DRAM (historical),,unknown,,2350.0,USD,USD/GB,2350.0,,,,https://dam.stanford.edu/assets/memory-prices/memory-prices.csv,Stanford dataset; underlying source: mccallum,research_dataset,"McCallum DRAM (historical) — 128 MB DIMM PC-100 @ $300.59 — Historical, John C. McCallum (jcmit.net) via Internet Archive",false
stanford_memory_prices_89a21a9b15216f568bc8,1957-01-01,2026-08-04T05:05:14Z,stanford_memory_prices,historical_research,DRAM,McCallum DRAM (historical),,unknown,,411041792000.0,USD,USD/GB,411041792000.0,,,,https://dam.stanford.edu/assets/memory-prices/memory-prices.csv,Stanford dataset; underlying source: mccallum,research_dataset,"McCallum DRAM (historical) — transistor Flip-Flop — Historical, John C. McCallum (jcmit.net) via Internet Archive",false
stanford_memory_prices_89e0890db0d7b086b150,2025-03-01,2026-08-04T05:05:14Z,stanford_memory_prices,historical_research,HBM,HBM $/TBps,24.0,GB,,352.0,USD,usd_per_tbps,,,,,https://dam.stanford.edu/assets/memory-prices/memory-prices.csv,Stanford dataset; underlying source: trendforce,research_dataset,HBM $/TBps — HBM3e peak: $18/GB x 24GB / 1.229 TB/s — Derived; TrendForce $/GB + Rambus BW,true
stanford_memory_prices_89eeff3ef82538dbef0d,2024-07-01,2026-08-04T05:05:14Z,stanford_memory_prices,historical_research,HBM,Packaging spend,,unknown,,1.073,USD,usd_billion,,,,,https://dam.stanford.edu/assets/memory-prices/memory-prices.csv,Stanford dataset; underlying source: epoch.ai,research_dataset,Packaging spend — Packaging quarterly spend (4 designers) — Epoch AI quarterly estimate (production-volume-weighted across Nvidia/AMD/Google/Amazon),true
stanford_memory_prices_8a73183838023b2138fc,1989-01-30,2026-08-04T05:05:14Z,stanford_memory_prices,historical_research,DRAM,McCallum DRAM (historical),,unknown,,505000.0,USD,USD/GB,505000.0,,,,https://dam.stanford.edu/assets/memory-prices/memory-prices.csv,Stanford dataset; underlying source: mccallum,research_dataset,"McCallum DRAM (historical) — JDR MCT-ATMF 3MB Multifunc $169.90+3*36*12.45 — Historical, John C. McCallum (jcmit.net) via Internet Archive",false
stanford_memory_prices_8b00d33a3ba54d38bfef,2013-01-30,2026-08-04T05:05:14Z,stanford_memory_prices,historical_research,DDR3,McCallum DRAM (historical),8.0,GB,,5.4,USD,USD/GB,5.4,,,,https://dam.stanford.edu/assets/memory-prices/memory-prices.csv,Stanford dataset; underlying source: mccallum,research_dataset,"McCallum DRAM (historical) — 2x 8GB DIMM DDR3-1600 @ $88.99 + free shipping — Historical, John C. McCallum (jcmit.net) via Internet Archive",false
stanford_memory_prices_8b8a75eeb9ea8ffe0581,2025-11-01,2026-08-04T05:05:14Z,stanford_memory_prices,historical_research,DDR3,DDR3 (Keepa),2.0,GB,1600,2.88,USD,USD/GB,2.88,,,,https://dam.stanford.edu/assets/memory-prices/memory-prices.csv,Stanford dataset; underlying source: keepa,research_dataset,"DDR3 (Keepa) — HYNIX HMT325S6EFR8A-PB 1600 MHZ, 2 GB, DDR3, RAM Stick — Cheapest listed $/GB across the consumer Keepa basket; per-drive posting glitches removed",false
stanford_memory_prices_8bb26a5e74c777668069,2001-05-01,2026-08-04T05:05:14Z,stanford_memory_prices,historical_research,DRAM,McCallum DRAM (historical),,unknown,,390.0,USD,USD/GB,390.0,,,,https://dam.stanford.edu/assets/memory-prices/memory-prices.csv,Stanford dataset; underlying source: mccallum,research_dataset,"McCallum DRAM (historical) — 128 MB DIMM PC-100 @ $49.49 — Historical, John C. McCallum (jcmit.net) via Internet Archive",false
stanford_memory_prices_8bbb22ccf5177315c9c8,2012-01-01,2026-08-04T05:05:14Z,stanford_memory_prices,historical_research,DDR3,McCallum DRAM (historical),4.0,GB,,4.9,USD,USD/GB,4.9,,,,https://dam.stanford.edu/assets/memory-prices/memory-prices.csv,Stanford dataset; underlying source: mccallum,research_dataset,"McCallum DRAM (historical) — 2x 4GB DIMM DDR3-1600 @ $39.99 + free shipping — Historical, John C. McCallum (jcmit.net) via Internet Archive",false
stanford_memory_prices_8bfac4e9fa615d58046c,2022-04-01,2026-08-04T05:05:14Z,stanford_memory_prices,historical_research,NAND,NAND cheapest (Keepa),,unknown,,0.085,USD,USD/GB,0.085,,,,https://dam.stanford.edu/assets/memory-prices/memory-prices.csv,Stanford dataset; underlying source: keepa,research_dataset,NAND cheapest (Keepa) — Crucial P2 2TB 3D NAND NVMe PCIe M.2 SSD Up to 2400MB/s - CT2000P2SSD8 — Cheapest listed $/GB across the consumer Keepa basket; per-drive posting glitches removed,false
stanford_memory_prices_8c83ba4e4614dfe667d6,2015-12-03,2026-08-04T05:05:14Z,stanford_memory_prices,historical_research,DDR3,McCallum DRAM (historical),8.0,GB,,3.7,USD,USD/GB,3.7,,,,https://dam.stanford.edu/assets/memory-prices/memory-prices.csv,Stanford dataset; underlying source: mccallum,research_dataset,"McCallum DRAM (historical) — 2x 8GB DIMM DDR3-1600 @ $59.99 + free shipping — Historical, John C. McCallum (jcmit.net) via Internet Archive",false
stanford_memory_prices_8d49f46cef5b636589a5,1978-05-01,2026-08-04T05:05:14Z,stanford_memory_prices,historical_research,DRAM,McCallum DRAM (historical),,unknown,,19200000.0,USD,USD/GB,19200000.0,,,,https://dam.stanford.edu/assets/memory-prices/memory-prices.csv,Stanford dataset; underlying source: mccallum,research_dataset,"McCallum DRAM (historical) — Historical, John C. McCallum (jcmit.net) via Internet Archive",false
stanford_memory_prices_8d6128ed2b6cc99ea8af,1991-01-30,2026-08-04T05:05:14Z,stanford_memory_prices,historical_research,DRAM,McCallum DRAM (historical),,unknown,,45000.0,USD,USD/GB,45000.0,,,,https://dam.stanford.edu/assets/memory-prices/memory-prices.csv,Stanford dataset; underlying source: mccallum,research_dataset,"McCallum DRAM (historical) — 1Mx9-80 SIMM @ $44.50 — Historical, John C. McCallum (jcmit.net) via Internet Archive",false
stanford_memory_prices_8d950fa4dc2f285aed22,2024-07-01,2026-08-04T05:05:14Z,stanford_memory_prices,historical_research,HBM,Logic cost share,,unknown,,13.77,% of component cost,percent_share,,,,,https://dam.stanford.edu/assets/memory-prices/memory-prices.csv,Stanford dataset; underlying source: epoch.ai,research_dataset,Logic cost share — Logic share of AI-accelerator BoM — Epoch AI quarterly estimate (production-volume-weighted across Nvidia/AMD/Google/Amazon),true
stanford_memory_prices_8e5beeaf1f09a56a3101,1998-05-01,2026-08-04T05:05:14Z,stanford_memory_prices,historical_research,DRAM,McCallum DRAM (historical),,unknown,,1190.0,USD,USD/GB,1190.0,,,,https://dam.stanford.edu/assets/memory-prices/memory-prices.csv,Stanford dataset; underlying source: mccallum,research_dataset,"McCallum DRAM (historical) — 8Mx32-? SIMM EDO [72 pin] @ $38 — Historical, John C. McCallum (jcmit.net) via Internet Archive",false
stanford_memory_prices_8e8b916c708ff438e08e,1995-08-01,2026-08-04T05:05:14Z,stanford_memory_prices,historical_research,DRAM,McCallum DRAM (historical),,unknown,,30600.0,USD,USD/GB,30600.0,,,,https://dam.stanford.edu/assets/memory-prices/memory-prices.csv,Stanford dataset; underlying source: mccallum,research_dataset,"McCallum DRAM (historical) — 4Mx36-70 SIMM [72 pin] @ $489 — Historical, John C. McCallum (jcmit.net) via Internet Archive",false
stanford_memory_prices_8f0b57eeb34124cb516b,1999-05-01,2026-08-04T05:05:14Z,stanford_memory_prices,historical_research,DRAM,McCallum DRAM (historical),,unknown,,860.0,USD,USD/GB,860.0,,,,https://dam.stanford.edu/assets/memory-prices/memory-prices.csv,Stanford dataset; underlying source: mccallum,research_dataset,"McCallum DRAM (historical) — 64 MB DIMM PC-100 @ $54.99 — Historical, John C. McCallum (jcmit.net) via Internet Archive",false
stanford_memory_prices_8fb85fd1c5109123f634,2025-07-01,2026-08-04T05:05:14Z,stanford_memory_prices,historical_research,HBM,Logic spend,,unknown,,1.8867,USD,usd_billion,,,,,https://dam.stanford.edu/assets/memory-prices/memory-prices.csv,Stanford dataset; underlying source: epoch.ai,research_dataset,Logic spend — Logic quarterly spend (4 designers) — Epoch AI quarterly estimate (production-volume-weighted across Nvidia/AMD/Google/Amazon),true
stanford_memory_prices_8fd0e99a4ae8747a8301,2008-07-01,2026-08-04T05:05:14Z,stanford_memory_prices,historical_research,DRAM,McCallum DRAM (historical),2.0,GB,,21.0,USD,USD/GB,21.0,,,,https://dam.stanford.edu/assets/memory-prices/memory-prices.csv,Stanford dataset; underlying source: mccallum,research_dataset,"McCallum DRAM (historical) — 2x 2GB DIMM DDR2-800 @ $77.99 + 6.99 shipping — Historical, John C. McCallum (jcmit.net) via Internet Archive",false
stanford_memory_prices_901186d07d21eea1ae9f,1989-09-03,2026-08-04T05:05:14Z,stanford_memory_prices,historical_research,DRAM,McCallum DRAM (historical),,unknown,,188000.0,USD,USD/GB,188000.0,,,,https://dam.stanford.edu/assets/memory-prices/memory-prices.csv,Stanford dataset; underlying source: mccallum,research_dataset,"McCallum DRAM (historical) — Everex RAM II 4M-EMS $249+36*14. — Historical, John C. McCallum (jcmit.net) via Internet Archive",false
stanford_memory_prices_9088de0c98ca46b8d248,2021-06-01,2026-08-04T05:05:14Z,stanford_memory_prices,historical_research,HBM,HBM $/GB,,unknown,,6.0,USD,USD/GB,6.0,,,,https://dam.stanford.edu/assets/memory-prices/memory-prices.csv,Stanford dataset; underlying source: manual,research_dataset,HBM $/GB — HBM2e ~$6/GB — Approximate (HBM2e era; pre-AI-boom),true
stanford_memory_prices_90d6099778bc07c0b5c2,2020-04-01,2026-08-04T05:05:14Z,stanford_memory_prices,historical_research,NAND,NAND cheapest (Keepa),,unknown,,0.12799,USD,USD/GB,0.12799,,,,https://dam.stanford.edu/assets/memory-prices/memory-prices.csv,Stanford dataset; underlying source: keepa,research_dataset,NAND cheapest (Keepa) — XPG Gammix S5 1TB PCIe 3D NAND PCIe Gen3x4 M.2 2280 NVMe 1.3 R/W up to 2100/1500MB/s SSD ( — Cheapest listed $/GB across the consumer Keepa basket; per-drive posting glitches removed,false
stanford_memory_prices_90e1e954b85ead077727,2025-05-01,2026-08-04T05:05:14Z,stanford_memory_prices,historical_research,DDR3,DRAM cheapest (Keepa),16.0,GB,1333,1.49875,USD,USD/GB,1.49875,,,,https://dam.stanford.edu/assets/memory-prices/memory-prices.csv,Stanford dataset; underlying source: keepa,research_dataset,DRAM cheapest (Keepa) — A-Tech 16GB Kit (2x8GB) RAM for Acer TravelMate 5760ZG | DDR3 1333MHz PC3-10600 SODIMM 204 — Cheapest listed $/GB across the consumer Keepa basket; per-drive posting glitches removed,false
stanford_memory_prices_90ec14fc5cee651e201b,2016-04-30,2026-08-04T05:05:14Z,stanford_memory_prices,historical_research,DDR4,McCallum DRAM (historical),8.0,GB,,3.0,USD,USD/GB,3.0,,,,https://dam.stanford.edu/assets/memory-prices/memory-prices.csv,Stanford dataset; underlying source: mccallum,research_dataset,"McCallum DRAM (historical) — 2x 8GB DIMM DDR4-2133 @ $48.99 + free shipping — Historical, John C. McCallum (jcmit.net) via Internet Archive",false
stanford_memory_prices_91438b9eb2cacf4d471b,2024-03-03,2026-08-04T05:05:14Z,stanford_memory_prices,historical_research,DDR4,McCallum DRAM (historical),32.0,GB,,1.53,USD,USD/GB,1.53,,,,https://dam.stanford.edu/assets/memory-prices/memory-prices.csv,Stanford dataset; underlying source: mccallum,research_dataset,"McCallum DRAM (historical) — 2x 32GB DIMM DDR4-2666 @ $99.99 + free shipping — Historical, John C. McCallum (jcmit.net) via Internet Archive",false
stanford_memory_prices_91d6c656a7add3b2c6c6,2025-07-01,2026-08-04T05:05:14Z,stanford_memory_prices,historical_research,DDR3,DDR3 (Keepa),2.0,GB,1600,2.665,USD,USD/GB,2.665,,,,https://dam.stanford.edu/assets/memory-prices/memory-prices.csv,Stanford dataset; underlying source: keepa,research_dataset,"DDR3 (Keepa) — HYNIX HMT325S6EFR8A-PB 1600 MHZ, 2 GB, DDR3, RAM Stick — Cheapest listed $/GB across the consumer Keepa basket; per-drive posting glitches removed",false
stanford_memory_prices_92388b6ee047af18d98d,2024-10-01,2026-08-04T05:05:14Z,stanford_memory_prices,historical_research,HBM,Packaging spend,,unknown,,1.5148,USD,usd_billion,,,,,https://dam.stanford.edu/assets/memory-prices/memory-prices.csv,Stanford dataset; underlying source: epoch.ai,research_dataset,Packaging spend — Packaging quarterly spend (4 designers) — Epoch AI quarterly estimate (production-volume-weighted across Nvidia/AMD/Google/Amazon),true
stanford_memory_prices_92fabb4b75df7a29bf17,1984-07-31,2026-08-04T05:05:14Z,stanford_memory_prices,historical_research,DRAM,McCallum DRAM (historical),,unknown,,1331000.0,USD,USD/GB,1331000.0,,,,https://dam.stanford.edu/assets/memory-prices/memory-prices.csv,Stanford dataset; underlying source: mccallum,research_dataset,"McCallum DRAM (historical) — IBM PC Board, 384K, $199+6*50 — Historical, John C. McCallum (jcmit.net) via Internet Archive",false
stanford_memory_prices_93471c72074e38794030,2026-02-01,2026-08-04T05:05:14Z,stanford_memory_prices,historical_research,DDR3,DDR3 (Keepa),2.0,GB,1600,5.375,USD,USD/GB,5.375,,,,https://dam.stanford.edu/assets/memory-prices/memory-prices.csv,Stanford dataset; underlying source: keepa,research_dataset,"DDR3 (Keepa) — HYNIX HMT325S6EFR8A-PB 1600 MHZ, 2 GB, DDR3, RAM Stick — Cheapest listed $/GB across the consumer Keepa basket; per-drive posting glitches removed",false
stanford_memory_prices_94143dbff3493870f78d,1978-08-01,2026-08-04T05:05:14Z,stanford_memory_prices,historical_research,DRAM,McCallum DRAM (historical),,unknown,,16000000.0,USD,USD/GB,16000000.0,,,,https://dam.stanford.edu/assets/memory-prices/memory-prices.csv,Stanford dataset; underlying source: mccallum,research_dataset,"McCallum DRAM (historical) — Historical, John C. McCallum (jcmit.net) via Internet Archive",false
stanford_memory_prices_94419c2b2b582cc2bdc6,2001-10-02,2026-08-04T05:05:14Z,stanford_memory_prices,historical_research,DRAM,McCallum DRAM (historical),,unknown,,170.0,USD,USD/GB,170.0,,,,https://dam.stanford.edu/assets/memory-prices/memory-prices.csv,Stanford dataset; underlying source: mccallum,research_dataset,"McCallum DRAM (historical) — 128 MB DIMM PC-133 @ $21.59 — Historical, John C. McCallum (jcmit.net) via Internet Archive",false
stanford_memory_prices_9490e2683da5029ab195,2024-01-01,2026-08-04T05:05:14Z,stanford_memory_prices,historical_research,HBM,HBM cost share,,unknown,,51.87,% of component cost,percent_share,,,,,https://dam.stanford.edu/assets/memory-prices/memory-prices.csv,Stanford dataset; underlying source: epoch.ai,research_dataset,HBM cost share — HBM share of AI-accelerator BoM — Epoch AI quarterly estimate (production-volume-weighted across Nvidia/AMD/Google/Amazon),true
stanford_memory_prices_949b00b8cb284c4188f3,2011-05-01,2026-08-04T05:05:14Z,stanford_memory_prices,historical_research,DDR3,McCallum DRAM (historical),4.0,GB,,10.0,USD,USD/GB,10.0,,,,https://dam.stanford.edu/assets/memory-prices/memory-prices.csv,Stanford dataset; underlying source: mccallum,research_dataset,"McCallum DRAM (historical) — 2x 4GB DIMM DDR3-1333 @ $81.99 + free shipping — Historical, John C. McCallum (jcmit.net) via Internet Archive",false
stanford_memory_prices_9569c3e17b86c795c847,2025-02-01,2026-08-04T05:05:14Z,stanford_memory_prices,historical_research,DDR5,DDR5 (Keepa),48.0,GB,4800,2.45812,USD,USD/GB,2.45812,,,,https://dam.stanford.edu/assets/memory-prices/memory-prices.csv,Stanford dataset; underlying source: keepa,research_dataset,DDR5 (Keepa) — CORSAIR Vengeance SODIMM DDR5 RAM 48GB (2x24GB) 4800MHz CL40 Intel XMP iCUE Compatible Com — Cheapest listed $/GB across the consumer Keepa basket; per-drive posting glitches removed,false
stanford_memory_prices_9643d6ab9580cf4f1911,2008-01-30,2026-08-04T05:05:14Z,stanford_memory_prices,historical_research,DRAM,McCallum DRAM (historical),1.0,GB,,22.0,USD,USD/GB,22.0,,,,https://dam.stanford.edu/assets/memory-prices/memory-prices.csv,Stanford dataset; underlying source: mccallum,research_dataset,"McCallum DRAM (historical) — 2x 1GB DIMM DDR2-800 @ $44.99 free shipping — Historical, John C. McCallum (jcmit.net) via Internet Archive",false
stanford_memory_prices_9662d2164ec5dcc3649d,1998-01-01,2026-08-04T05:05:14Z,stanford_memory_prices,historical_research,DRAM,McCallum DRAM (historical),,unknown,,2160.0,USD,USD/GB,2160.0,,,,https://dam.stanford.edu/assets/memory-prices/memory-prices.csv,Stanford dataset; underlying source: mccallum,research_dataset,"McCallum DRAM (historical) — 8Mx32-? SIMM EDO [72 pin] @ $69 — Historical, John C. McCallum (jcmit.net) via Internet Archive",false
stanford_memory_prices_96cae3648b4cb18e21a2,1996-04-30,2026-08-04T05:05:14Z,stanford_memory_prices,historical_research,DRAM,McCallum DRAM (historical),,unknown,,17190.0,USD,USD/GB,17190.0,,,,https://dam.stanford.edu/assets/memory-prices/memory-prices.csv,Stanford dataset; underlying source: mccallum,research_dataset,"McCallum DRAM (historical) — 8Mx36-60 SIMM [72 pin] @ $550 — Historical, John C. McCallum (jcmit.net) via Internet Archive",false
stanford_memory_prices_97d4322eb04fde95e0fc,1981-01-01,2026-08-04T05:05:14Z,stanford_memory_prices,historical_research,DRAM,McCallum DRAM (historical),,unknown,,8800000.0,USD,USD/GB,8800000.0,,,,https://dam.stanford.edu/assets/memory-prices/memory-prices.csv,Stanford dataset; underlying source: mccallum,research_dataset,"McCallum DRAM (historical) — Historical, John C. McCallum (jcmit.net) via Internet Archive",false
stanford_memory_prices_98889ac1a03c4ff4cc45,2023-03-04,2026-08-04T05:05:14Z,stanford_memory_prices,historical_research,DDR4,McCallum DRAM (historical),32.0,GB,,1.8,USD,USD/GB,1.8,,,,https://dam.stanford.edu/assets/memory-prices/memory-prices.csv,Stanford dataset; underlying source: mccallum,research_dataset,"McCallum DRAM (historical) — 2x 32GB SO-DIMM DDR4-3200 @ $114.99 + free shipping — Historical, John C. McCallum (jcmit.net) via Internet Archive",false
stanford_memory_prices_98b2603cb4925c66528f,2000-03-03,2026-08-04T05:05:14Z,stanford_memory_prices,historical_research,DRAM,McCallum DRAM (historical),,unknown,,1080.0,USD,USD/GB,1080.0,,,,https://dam.stanford.edu/assets/memory-prices/memory-prices.csv,Stanford dataset; underlying source: mccallum,research_dataset,"McCallum DRAM (historical) — 64 MB DIMM PC-100 @ $69 — Historical, John C. McCallum (jcmit.net) via Internet Archive",false
stanford_memory_prices_996471dd83ec62aec2a6,1993-10-02,2026-08-04T05:05:14Z,stanford_memory_prices,historical_research,DRAM,McCallum DRAM (historical),,unknown,,36000.0,USD,USD/GB,36000.0,,,,https://dam.stanford.edu/assets/memory-prices/memory-prices.csv,Stanford dataset; underlying source: mccallum,research_dataset,"McCallum DRAM (historical) — 4Mx9-80 SIMM @ $144 — Historical, John C. McCallum (jcmit.net) via Internet Archive",false
stanford_memory_prices_9b14159bfeb98536bb75,2024-01-01,2026-08-04T05:05:14Z,stanford_memory_prices,historical_research,HBM,Logic cost share,,unknown,,14.16,% of component cost,percent_share,,,,,https://dam.stanford.edu/assets/memory-prices/memory-prices.csv,Stanford dataset; underlying source: epoch.ai,research_dataset,Logic cost share — Logic share of AI-accelerator BoM — Epoch AI quarterly estimate (production-volume-weighted across Nvidia/AMD/Google/Amazon),true
stanford_memory_prices_9c6c3b7bc8532502a003,2017-02-01,2026-08-04T05:05:14Z,stanford_memory_prices,historical_research,NAND,NAND cheapest (Keepa),512.0,GB,,0.38086,USD,USD/GB,0.38086,,,,https://dam.stanford.edu/assets/memory-prices/memory-prices.csv,Stanford dataset; underlying source: keepa,research_dataset,NAND cheapest (Keepa) — Plextor M8Pe 512GB M.2 PCIe NVMe Solid-State Drive with Heatsink (PX-512M8PeG) — Cheapest listed $/GB across the consumer Keepa basket; per-drive posting glitches removed,false
stanford_memory_prices_9d445398e5ebbbe0ff25,2002-06-03,2026-08-04T05:05:14Z,stanford_memory_prices,historical_research,DRAM,McCallum DRAM (historical),,unknown,,330.0,USD,USD/GB,330.0,,,,https://dam.stanford.edu/assets/memory-prices/memory-prices.csv,Stanford dataset; underlying source: mccallum,research_dataset,"McCallum DRAM (historical) — 128 MB DIMM PC-133 @ $42.29 — Historical, John C. McCallum (jcmit.net) via Internet Archive",false
stanford_memory_prices_9db3a7cebda72d2c519d,2011-06-03,2026-08-04T05:05:14Z,stanford_memory_prices,historical_research,DDR3,McCallum DRAM (historical),4.0,GB,,8.5,USD,USD/GB,8.5,,,,https://dam.stanford.edu/assets/memory-prices/memory-prices.csv,Stanford dataset; underlying source: mccallum,research_dataset,"McCallum DRAM (historical) — 2x 4GB DIMM DDR3-1333 @ $69.99 + free shipping — Historical, John C. McCallum (jcmit.net) via Internet Archive",false
stanford_memory_prices_9dcbcbd49ae9635e3428,2025-10-01,2026-08-04T05:05:14Z,stanford_memory_prices,historical_research,HBM,HBM spend,,unknown,,11.0007,USD,usd_billion,,,,,https://dam.stanford.edu/assets/memory-prices/memory-prices.csv,Stanford dataset; underlying source: epoch.ai,research_dataset,HBM spend — HBM quarterly spend (4 designers) — Epoch AI quarterly estimate (production-volume-weighted across Nvidia/AMD/Google/Amazon),true
stanford_memory_prices_9e494e1fa61da27b2a7e,2020-01-30,2026-08-04T05:05:14Z,stanford_memory_prices,historical_research,DDR4,McCallum DRAM (historical),16.0,GB,,3.1,USD,USD/GB,3.1,,,,https://dam.stanford.edu/assets/memory-prices/memory-prices.csv,Stanford dataset; underlying source: mccallum,research_dataset,"McCallum DRAM (historical) — 2x 16GB DIMM DDR4-2400 @ $99.99 + free shipping — Historical, John C. McCallum (jcmit.net) via Internet Archive",false
stanford_memory_prices_9ed0bb5e4808a9137a1d,1987-10-02,2026-08-04T05:05:14Z,stanford_memory_prices,historical_research,DRAM,McCallum DRAM (historical),,unknown,,133000.0,USD,USD/GB,133000.0,,,,https://dam.stanford.edu/assets/memory-prices/memory-prices.csv,Stanford dataset; underlying source: mccallum,research_dataset,"McCallum DRAM (historical) — AST Advantage AT w/3MB — Historical, John C. McCallum (jcmit.net) via Internet Archive",false
stanford_memory_prices_9f3bf06a5da6ee5f0911,2022-08-01,2026-08-04T05:05:14Z,stanford_memory_prices,historical_research,NAND,NAND cheapest (Keepa),,unknown,,0.06999,USD,USD/GB,0.06999,,,,https://dam.stanford.edu/assets/memory-prices/memory-prices.csv,Stanford dataset; underlying source: keepa,research_dataset,NAND cheapest (Keepa) — XPG Gammix S5 1TB PCIe 3D NAND PCIe Gen3x4 M.2 2280 NVMe 1.3 R/W up to 2100/1500MB/s SSD ( — Cheapest listed $/GB across the consumer Keepa basket; per-drive posting glitches removed,false
stanford_memory_prices_9f4f731d40c7685133bb,2019-10-31,2026-08-04T05:05:14Z,stanford_memory_prices,historical_research,DDR4,McCallum DRAM (historical),16.0,GB,,2.9,USD,USD/GB,2.9,,,,https://dam.stanford.edu/assets/memory-prices/memory-prices.csv,Stanford dataset; underlying source: mccallum,research_dataset,"McCallum DRAM (historical) — 2x 16GB DIMM DDR4-3000 @ $94.99 + free shipping — Historical, John C. McCallum (jcmit.net) via Internet Archive",false
stanford_memory_prices_9f5e8b5b7f7c8c33b54f,2018-05-01,2026-08-04T05:05:14Z,stanford_memory_prices,historical_research,NAND,NAND cheapest (Keepa),512.0,GB,,0.24412,USD,USD/GB,0.24412,,,,https://dam.stanford.edu/assets/memory-prices/memory-prices.csv,Stanford dataset; underlying source: keepa,research_dataset,NAND cheapest (Keepa) — ADATA XPG SX6000 PCIe 512GB 3D NAND PCIe Gen3x4 M.2 2280 NVMe 1.2 R/W up to 1000/800MB/s S — Cheapest listed $/GB across the consumer Keepa basket; per-drive posting glitches removed,false
stanford_memory_prices_9f8225356a4a6e190528,2024-10-01,2026-08-04T05:05:14Z,stanford_memory_prices,historical_research,HBM,Auxiliary spend,,unknown,,0.9523,USD,usd_billion,,,,,https://dam.stanford.edu/assets/memory-prices/memory-prices.csv,Stanford dataset; underlying source: epoch.ai,research_dataset,Auxiliary spend — Auxiliary quarterly spend (4 designers) — Epoch AI quarterly estimate (production-volume-weighted across Nvidia/AMD/Google/Amazon),true
stanford_memory_prices_a014ada9b85bf32303b0,2024-12-01,2026-08-04T05:05:14Z,stanford_memory_prices,historical_research,DDR4,DDR4 (Keepa),32.0,GB,2133,1.83281,USD,USD/GB,1.83281,,,,https://dam.stanford.edu/assets/memory-prices/memory-prices.csv,Stanford dataset; underlying source: keepa,research_dataset,DDR4 (Keepa) — G.Skill 32GB (2 x 16G) Ripjaws Series DDR4 PC4-17000 2133MHz Laptop Memory Model F4-2133C1 — Cheapest listed $/GB across the consumer Keepa basket; per-drive posting glitches removed,false
stanford_memory_prices_a037d370652d0f198a50,2002-04-02,2026-08-04T05:05:14Z,stanford_memory_prices,historical_research,DRAM,McCallum DRAM (historical),,unknown,,190.0,USD,USD/GB,190.0,,,,https://dam.stanford.edu/assets/memory-prices/memory-prices.csv,Stanford dataset; underlying source: mccallum,research_dataset,"McCallum DRAM (historical) — 512 MB DIMM PC-133 @ $99 — Historical, John C. McCallum (jcmit.net) via Internet Archive",false
stanford_memory_prices_a0783a0676b94da9d3d6,2016-10-01,2026-08-04T05:05:14Z,stanford_memory_prices,historical_research,DDR4,McCallum DRAM (historical),16.0,GB,,3.5,USD,USD/GB,3.5,,,,https://dam.stanford.edu/assets/memory-prices/memory-prices.csv,Stanford dataset; underlying source: mccallum,research_dataset,"McCallum DRAM (historical) — 2x 16GB DIMM DDR4-2133 @ $114.99 + free shipping — Historical, John C. McCallum (jcmit.net) via Internet Archive",false
stanford_memory_prices_a0970f57cf7c518fa7b7,2024-01-01,2026-08-04T05:05:14Z,stanford_memory_prices,historical_research,HBM,Packaging cost share,,unknown,,18.89,% of component cost,percent_share,,,,,https://dam.stanford.edu/assets/memory-prices/memory-prices.csv,Stanford dataset; underlying source: epoch.ai,research_dataset,Packaging cost share — Packaging share of AI-accelerator BoM — Epoch AI quarterly estimate (production-volume-weighted across Nvidia/AMD/Google/Amazon),true
stanford_memory_prices_a11cfc408e49856c2ca4,2024-09-01,2026-08-04T05:05:14Z,stanford_memory_prices,historical_research,NAND,NAND cheapest (Keepa),,unknown,,0.0356,USD,USD/GB,0.0356,,,,https://dam.stanford.edu/assets/memory-prices/memory-prices.csv,Stanford dataset; underlying source: keepa,research_dataset,NAND cheapest (Keepa) — V7 1 TB Solid State Drive - M.2 Internal - PCI Express NVMe (PCI Express 3.0 x4) - TAA Com — Cheapest listed $/GB across the consumer Keepa basket; per-drive posting glitches removed,false
stanford_memory_prices_a12a40a14914e4cdfc82,2024-09-01,2026-08-04T05:05:14Z,stanford_memory_prices,historical_research,DDR4,DRAM cheapest (Keepa),32.0,GB,2133,1.625,USD,USD/GB,1.625,,,,https://dam.stanford.edu/assets/memory-prices/memory-prices.csv,Stanford dataset; underlying source: keepa,research_dataset,DRAM cheapest (Keepa) — G.Skill 32GB (2 x 16G) Ripjaws Series DDR4 PC4-17000 2133MHz Laptop Memory Model F4-2133C1 — Cheapest listed $/GB across the consumer Keepa basket; per-drive posting glitches removed,false
stanford_memory_prices_a1982c16a031e2bc73d7,2024-11-01,2026-08-04T05:05:14Z,stanford_memory_prices,historical_research,DDR4,DDR4 (Keepa),32.0,GB,2133,1.80906,USD,USD/GB,1.80906,,,,https://dam.stanford.edu/assets/memory-prices/memory-prices.csv,Stanford dataset; underlying source: keepa,research_dataset,DDR4 (Keepa) — G.Skill 32GB (2 x 16G) Ripjaws Series DDR4 PC4-17000 2133MHz Laptop Memory Model F4-2133C1 — Cheapest listed $/GB across the consumer Keepa basket; per-drive posting glitches removed,false
stanford_memory_prices_a1f6f2b60840b5caa7be,2019-07-01,2026-08-04T05:05:14Z,stanford_memory_prices,historical_research,NAND,NAND cheapest (Keepa),512.0,GB,,0.09764,USD,USD/GB,0.09764,,,,https://dam.stanford.edu/assets/memory-prices/memory-prices.csv,Stanford dataset; underlying source: keepa,research_dataset,NAND cheapest (Keepa) — SABRENT 512GB Rocket NVMe PCIe M.2 2280 Internal SSD High Performance Solid State Drive (S — Cheapest listed $/GB across the consumer Keepa basket; per-drive posting glitches removed,false
stanford_memory_prices_a21d8134c98f4a784f28,2006-05-01,2026-08-04T05:05:14Z,stanford_memory_prices,historical_research,DRAM,McCallum DRAM (historical),1.0,GB,,73.0,USD,USD/GB,73.0,,,,https://dam.stanford.edu/assets/memory-prices/memory-prices.csv,Stanford dataset; underlying source: mccallum,research_dataset,"McCallum DRAM (historical) — 2x 1GB DIMM DDR2-667 @ $148.99 incl shipping — Historical, John C. McCallum (jcmit.net) via Internet Archive",false
stanford_memory_prices_a297365e98dc95dbf73e,2003-10-02,2026-08-04T05:05:14Z,stanford_memory_prices,historical_research,DRAM,McCallum DRAM (historical),,unknown,,148.0,USD,USD/GB,148.0,,,,https://dam.stanford.edu/assets/memory-prices/memory-prices.csv,Stanford dataset; underlying source: mccallum,research_dataset,"McCallum DRAM (historical) — 512MB DIMM SDRAM @ $75.99 — Historical, John C. McCallum (jcmit.net) via Internet Archive",false
stanford_memory_prices_a2b50eb76ffa273e917d,1986-09-03,2026-08-04T05:05:14Z,stanford_memory_prices,historical_research,DRAM,McCallum DRAM (historical),,unknown,,190000.0,USD,USD/GB,190000.0,,,,https://dam.stanford.edu/assets/memory-prices/memory-prices.csv,Stanford dataset; underlying source: mccallum,research_dataset,"McCallum DRAM (historical) — JDR AT Multifuntion $199.95+49.95+318.60 — Historical, John C. McCallum (jcmit.net) via Internet Archive",false
stanford_memory_prices_a2f6efe9269ccbe901d6,2005-12-03,2026-08-04T05:05:14Z,stanford_memory_prices,historical_research,DRAM,McCallum DRAM (historical),,unknown,,185.0,USD,USD/GB,185.0,,,,https://dam.stanford.edu/assets/memory-prices/memory-prices.csv,Stanford dataset; underlying source: mccallum,research_dataset,"McCallum DRAM (historical) — 2x 512MB DIMM DDR-4800 @ $189 — Historical, John C. McCallum (jcmit.net) via Internet Archive",false
stanford_memory_prices_a373ea79ec9627638990,1979-10-02,2026-08-04T05:05:14Z,stanford_memory_prices,historical_research,DRAM,McCallum DRAM (historical),,unknown,,6704000.0,USD,USD/GB,6704000.0,,,,https://dam.stanford.edu/assets/memory-prices/memory-prices.csv,Stanford dataset; underlying source: mccallum,research_dataset,"McCallum DRAM (historical) — S-100, SD Sales/Jade 64K Kit — Historical, John C. McCallum (jcmit.net) via Internet Archive",false
stanford_memory_prices_a413e713fa5ff2665713,2021-10-02,2026-08-04T05:05:14Z,stanford_memory_prices,historical_research,DDR4,McCallum DRAM (historical),16.0,GB,,3.0,USD,USD/GB,3.0,,,,https://dam.stanford.edu/assets/memory-prices/memory-prices.csv,Stanford dataset; underlying source: mccallum,research_dataset,"McCallum DRAM (historical) — 1x 16GB DIMM DDR4-2400 @ $48.99 + free shipping — Historical, John C. McCallum (jcmit.net) via Internet Archive",false
stanford_memory_prices_a42d487565475053fd87,2026-06-01,2026-08-04T05:05:14Z,stanford_memory_prices,historical_research,DDR3,DRAM cheapest (Keepa),8.0,GB,1600,3.63625,USD,USD/GB,3.63625,,,,https://dam.stanford.edu/assets/memory-prices/memory-prices.csv,Stanford dataset; underlying source: keepa,research_dataset,DRAM cheapest (Keepa) — A-Tech 8GB RAM Replacement for Kingston KTA-MB1600/8G | DDR3 1600MHz PC3-12800 2Rx8 1.5V S — Cheapest listed $/GB across the consumer Keepa basket; per-drive posting glitches removed,false
stanford_memory_prices_a4e1737cea13fe04f151,2025-12-01,2026-08-04T05:05:14Z,stanford_memory_prices,historical_research,DDR3,DDR3 (Keepa),8.0,Gb,1600,5.74875,USD,USD/GB,5.74875,,,,https://dam.stanford.edu/assets/memory-prices/memory-prices.csv,Stanford dataset; underlying source: keepa,research_dataset,DDR3 (Keepa) — Addon Hp H6Y77Aa#Aba Compatible 8Gb Ddr3-1600Mhz Unbuffered Dual Rank 1.35V 204- — Cheapest listed $/GB across the consumer Keepa basket; per-drive posting glitches removed,false
stanford_memory_prices_a4f2a120ed361290f7ba,1986-05-01,2026-08-04T05:05:14Z,stanford_memory_prices,historical_research,DRAM,McCallum DRAM (historical),,unknown,,190000.0,USD,USD/GB,190000.0,,,,https://dam.stanford.edu/assets/memory-prices/memory-prices.csv,Stanford dataset; underlying source: mccallum,research_dataset,"McCallum DRAM (historical) — JDR AT Multifuntion $199.95+49.95+318.60 — Historical, John C. McCallum (jcmit.net) via Internet Archive",false
stanford_memory_prices_a666e2d72b994db297d2,2022-10-31,2026-08-04T05:05:14Z,stanford_memory_prices,historical_research,DDR4,McCallum DRAM (historical),32.0,GB,,2.1,USD,USD/GB,2.1,,,,https://dam.stanford.edu/assets/memory-prices/memory-prices.csv,Stanford dataset; underlying source: mccallum,research_dataset,"McCallum DRAM (historical) — 1x 32GB SO-DIMM DDR4-2666 @ $69.99 + free shipping — Historical, John C. McCallum (jcmit.net) via Internet Archive",false
stanford_memory_prices_a6e2dbb495014c13c99d,1978-04-02,2026-08-04T05:05:14Z,stanford_memory_prices,historical_research,DRAM,McCallum DRAM (historical),,unknown,,29440000.0,USD,USD/GB,29440000.0,,,,https://dam.stanford.edu/assets/memory-prices/memory-prices.csv,Stanford dataset; underlying source: mccallum,research_dataset,"McCallum DRAM (historical) — Historical, John C. McCallum (jcmit.net) via Internet Archive",false
stanford_memory_prices_a78c0f6717b255cfa468,2026-07-01,2026-08-04T05:05:14Z,stanford_memory_prices,historical_research,DDR3,DRAM cheapest (Keepa),32.0,GB,,3.44625,USD,USD/GB,3.44625,,,,https://dam.stanford.edu/assets/memory-prices/memory-prices.csv,Stanford dataset; underlying source: keepa,research_dataset,DRAM cheapest (Keepa) — OFFTEK 32GB Replacement Memory RAM Upgrade for SuperMicro X9DRFF-7+ (DDR3-10600) Motherboa — Cheapest listed $/GB across the consumer Keepa basket; per-drive posting glitches removed,false
stanford_memory_prices_a79ff182a28b15ef36b0,2019-10-01,2026-08-04T05:05:14Z,stanford_memory_prices,historical_research,NAND,NAND cheapest (Keepa),8.0,Gb,,0.09999,USD,USD/GB,0.09999,,,,https://dam.stanford.edu/assets/memory-prices/memory-prices.csv,Stanford dataset; underlying source: keepa,research_dataset,"NAND cheapest (Keepa) — Dataram Internal SSD, PCIe NVMe M.2 2280 Solid State Drive, PCIe Gen3 8Gb/s (1TB) — Cheapest listed $/GB across the consumer Keepa basket; per-drive posting glitches removed",false
stanford_memory_prices_a7e9503a650043a06e3d,1997-06-03,2026-08-04T05:05:14Z,stanford_memory_prices,historical_research,DRAM,McCallum DRAM (historical),,unknown,,3690.0,USD,USD/GB,3690.0,,,,https://dam.stanford.edu/assets/memory-prices/memory-prices.csv,Stanford dataset; underlying source: mccallum,research_dataset,"McCallum DRAM (historical) — 4Mx32-60 SIMM EDO [72 pin] @ $59 — Historical, John C. McCallum (jcmit.net) via Internet Archive",false
stanford_memory_prices_a7ea9f78b3a7ceee6fb1,2020-03-03,2026-08-04T05:05:14Z,stanford_memory_prices,historical_research,DDR4,McCallum DRAM (historical),16.0,GB,,3.5,USD,USD/GB,3.5,,,,https://dam.stanford.edu/assets/memory-prices/memory-prices.csv,Stanford dataset; underlying source: mccallum,research_dataset,"McCallum DRAM (historical) — 2x 16GB DIMM DDR4-2400 @ $114.99 + free shipping — Historical, John C. McCallum (jcmit.net) via Internet Archive",false
stanford_memory_prices_a829ee3721c800ad33cc,2024-10-01,2026-08-04T05:05:14Z,stanford_memory_prices,historical_research,DDR5,DDR5 (Keepa),48.0,GB,4800,2.29146,USD,USD/GB,2.29146,,,,https://dam.stanford.edu/assets/memory-prices/memory-prices.csv,Stanford dataset; underlying source: keepa,research_dataset,DDR5 (Keepa) — CORSAIR Vengeance SODIMM DDR5 RAM 48GB (2x24GB) 4800MHz CL40 Intel XMP iCUE Compatible Com — Cheapest listed $/GB across the consumer Keepa basket; per-drive posting glitches removed,false
stanford_memory_prices_a848b11d494c67628437,1992-12-02,2026-08-04T05:05:14Z,stanford_memory_prices,historical_research,DRAM,McCallum DRAM (historical),,unknown,,26300.0,USD,USD/GB,26300.0,,,,https://dam.stanford.edu/assets/memory-prices/memory-prices.csv,Stanford dataset; underlying source: mccallum,research_dataset,"McCallum DRAM (historical) — 4Mx9-80 SIMM @ $105 — Historical, John C. McCallum (jcmit.net) via Internet Archive",false
stanford_memory_prices_a9c6eb42d26b6d50f9db,1995-03-04,2026-08-04T05:05:14Z,stanford_memory_prices,historical_research,DRAM,McCallum DRAM (historical),,unknown,,32000.0,USD,USD/GB,32000.0,,,,https://dam.stanford.edu/assets/memory-prices/memory-prices.csv,Stanford dataset; underlying source: mccallum,research_dataset,"McCallum DRAM (historical) — 4Mx9-70 SIMM @ $129 — Historical, John C. McCallum (jcmit.net) via Internet Archive",false
stanford_memory_prices_aa4cfec7b26d630d0e2d,2004-01-01,2026-08-04T05:05:14Z,stanford_memory_prices,historical_research,DRAM,McCallum DRAM (historical),,unknown,,174.0,USD,USD/GB,174.0,,,,https://dam.stanford.edu/assets/memory-prices/memory-prices.csv,Stanford dataset; underlying source: mccallum,research_dataset,"McCallum DRAM (historical) — 512MB DIMM DDR-3200 @ $89 — Historical, John C. McCallum (jcmit.net) via Internet Archive",false
stanford_memory_prices_ab971e5c7408954c7f36,2024-09-01,2026-08-04T05:05:14Z,stanford_memory_prices,historical_research,DDR4,DDR4 (Keepa),32.0,GB,2133,1.625,USD,USD/GB,1.625,,,,https://dam.stanford.edu/assets/memory-prices/memory-prices.csv,Stanford dataset; underlying source: keepa,research_dataset,DDR4 (Keepa) — G.Skill 32GB (2 x 16G) Ripjaws Series DDR4 PC4-17000 2133MHz Laptop Memory Model F4-2133C1 — Cheapest listed $/GB across the consumer Keepa basket; per-drive posting glitches removed,false
stanford_memory_prices_abb983e544ee6075b712,2026-02-01,2026-08-04T05:05:14Z,stanford_memory_prices,historical_research,DDR4,DDR4 (Keepa),4.0,GB,2400,6.2475,USD,USD/GB,6.2475,,,,https://dam.stanford.edu/assets/memory-prices/memory-prices.csv,Stanford dataset; underlying source: keepa,research_dataset,DDR4 (Keepa) — parts-quick 4GB Memory for Lenovo ThinkCentre M910x Tiny DDR4 2400MHz SODIMM Compatible RA — Cheapest listed $/GB across the consumer Keepa basket; per-drive posting glitches removed,false
stanford_memory_prices_ac3682f4a805f509326e,2021-10-01,2026-08-04T05:05:14Z,stanford_memory_prices,historical_research,NAND,NAND cheapest (Keepa),,unknown,,0.07999,USD,USD/GB,0.07999,,,,https://dam.stanford.edu/assets/memory-prices/memory-prices.csv,Stanford dataset; underlying source: keepa,research_dataset,NAND cheapest (Keepa) — msi SPATIUM M370 NVMe M.2 1TB Internal SSD PCIe Gen3 NVMe 1.3 3D NAND 1600 TBW — Cheapest listed $/GB across the consumer Keepa basket; per-drive posting glitches removed,false
stanford_memory_prices_acd676e77f2b7cfbc805,2022-10-02,2026-08-04T05:05:14Z,stanford_memory_prices,historical_research,DDR4,McCallum DRAM (historical),16.0,GB,,2.2,USD,USD/GB,2.2,,,,https://dam.stanford.edu/assets/memory-prices/memory-prices.csv,Stanford dataset; underlying source: mccallum,research_dataset,"McCallum DRAM (historical) — 2x 16GB SO-DIMM DDR4-2666 @ $72.99 + free shipping — Historical, John C. McCallum (jcmit.net) via Internet Archive",false
stanford_memory_prices_acd83c1cea4952d6649d,2019-08-01,2026-08-04T05:05:14Z,stanford_memory_prices,historical_research,DDR4,McCallum DRAM (historical),8.0,GB,,2.7,USD,USD/GB,2.7,,,,https://dam.stanford.edu/assets/memory-prices/memory-prices.csv,Stanford dataset; underlying source: mccallum,research_dataset,"McCallum DRAM (historical) — 2x 8GB DIMM DDR4-2400 @ $44.99 + free shipping — Historical, John C. McCallum (jcmit.net) via Internet Archive",false
stanford_memory_prices_ad7403ea67347cb986ff,1984-01-01,2026-08-04T05:05:14Z,stanford_memory_prices,historical_research,DRAM,McCallum DRAM (historical),,unknown,,1379000.0,USD,USD/GB,1379000.0,,,,https://dam.stanford.edu/assets/memory-prices/memory-prices.csv,Stanford dataset; underlying source: mccallum,research_dataset,"McCallum DRAM (historical) — Historical, John C. McCallum (jcmit.net) via Internet Archive",false
stanford_memory_prices_ad74c37d219c3ebdc491,2015-07-02,2026-08-04T05:05:14Z,stanford_memory_prices,historical_research,DDR3,McCallum DRAM (historical),8.0,GB,,4.9,USD,USD/GB,4.9,,,,https://dam.stanford.edu/assets/memory-prices/memory-prices.csv,Stanford dataset; underlying source: mccallum,research_dataset,"McCallum DRAM (historical) — 1x 8GB DIMM DDR3-1600 @ $39.99 + free shipping — Historical, John C. McCallum (jcmit.net) via Internet Archive",false
stanford_memory_prices_adb2df3bc8cf77c389bc,1974-01-01,2026-08-04T05:05:14Z,stanford_memory_prices,historical_research,DRAM,McCallum DRAM (historical),,unknown,,314573000.0,USD,USD/GB,314573000.0,,,,https://dam.stanford.edu/assets/memory-prices/memory-prices.csv,Stanford dataset; underlying source: mccallum,research_dataset,"McCallum DRAM (historical) — IC Memory for IBM 370/125 — Historical, John C. McCallum (jcmit.net) via Internet Archive",false
stanford_memory_prices_ae0efc35f0e7076340c5,2021-08-01,2026-08-04T05:05:14Z,stanford_memory_prices,historical_research,DDR4,McCallum DRAM (historical),16.0,GB,,3.7,USD,USD/GB,3.7,,,,https://dam.stanford.edu/assets/memory-prices/memory-prices.csv,Stanford dataset; underlying source: mccallum,research_dataset,"McCallum DRAM (historical) — 2x 16GB DIMM DDR4-2133 @ $119.99 + free shipping — Historical, John C. McCallum (jcmit.net) via Internet Archive",false
stanford_memory_prices_ae7a00241eb8120e217e,1986-04-02,2026-08-04T05:05:14Z,stanford_memory_prices,historical_research,DRAM,McCallum DRAM (historical),,unknown,,300000.0,USD,USD/GB,300000.0,,,,https://dam.stanford.edu/assets/memory-prices/memory-prices.csv,Stanford dataset; underlying source: mccallum,research_dataset,"McCallum DRAM (historical) — 2MB J-RAM-2 A&T $599 — Historical, John C. McCallum (jcmit.net) via Internet Archive",false
stanford_memory_prices_aee775a0d22f319188d0,1994-08-01,2026-08-04T05:05:14Z,stanford_memory_prices,historical_research,DRAM,McCallum DRAM (historical),,unknown,,37000.0,USD,USD/GB,37000.0,,,,https://dam.stanford.edu/assets/memory-prices/memory-prices.csv,Stanford dataset; underlying source: mccallum,research_dataset,"McCallum DRAM (historical) — 1Mx9-100 SIMM @ $37 — Historical, John C. McCallum (jcmit.net) via Internet Archive",false
stanford_memory_prices_b05554d6e82f647e29e4,2023-04-01,2026-08-04T05:05:14Z,stanford_memory_prices,historical_research,NAND,NAND cheapest (Keepa),,unknown,,0.03999,USD,USD/GB,0.03999,,,,https://dam.stanford.edu/assets/memory-prices/memory-prices.csv,Stanford dataset; underlying source: keepa,research_dataset,NAND cheapest (Keepa) — LEVEN JP600 1TB Up to 2100 MB/s PCIe NVMe Internal SSD (Solid State Drive)- Gen3x4 M.2 228 — Cheapest listed $/GB across the consumer Keepa basket; per-drive posting glitches removed,false
stanford_memory_prices_b0eedda5b0756f4722a0,2019-11-01,2026-08-04T05:05:14Z,stanford_memory_prices,historical_research,NAND,NAND cheapest (Keepa),,unknown,,0.09599,USD,USD/GB,0.09599,,,,https://dam.stanford.edu/assets/memory-prices/memory-prices.csv,Stanford dataset; underlying source: keepa,research_dataset,NAND cheapest (Keepa) — XPG Gammix S5 1TB PCIe 3D NAND PCIe Gen3x4 M.2 2280 NVMe 1.3 R/W up to 2100/1500MB/s SSD ( — Cheapest listed $/GB across the consumer Keepa basket; per-drive posting glitches removed,false
stanford_memory_prices_b1114d7c17c2de1dc703,2005-10-31,2026-08-04T05:05:14Z,stanford_memory_prices,historical_research,DRAM,McCallum DRAM (historical),1.0,GB,,116.0,USD,USD/GB,116.0,,,,https://dam.stanford.edu/assets/memory-prices/memory-prices.csv,Stanford dataset; underlying source: mccallum,research_dataset,"McCallum DRAM (historical) — 1GB DIMM DDR2 -533 @ $119 — Historical, John C. McCallum (jcmit.net) via Internet Archive",false
stanford_memory_prices_b118a26706cb4ad2102d,2019-08-01,2026-08-04T05:05:14Z,stanford_memory_prices,historical_research,NAND,NAND cheapest (Keepa),,unknown,,0.11988,USD,USD/GB,0.11988,,,,https://dam.stanford.edu/assets/memory-prices/memory-prices.csv,Stanford dataset; underlying source: keepa,research_dataset,"NAND cheapest (Keepa) — Addlink S70 Lite 1TB NVMe SSD – M.2 2280 PCIe Gen3x4, Up to 3,200/2,600 MB/s Read/Write, I — Cheapest listed $/GB across the consumer Keepa basket; per-drive posting glitches removed",false
stanford_memory_prices_b12810962b5dfbfb3efd,2025-07-01,2026-08-04T05:05:14Z,stanford_memory_prices,historical_research,HBM,Logic cost share,,unknown,,13.26,% of component cost,percent_share,,,,,https://dam.stanford.edu/assets/memory-prices/memory-prices.csv,Stanford dataset; underlying source: epoch.ai,research_dataset,Logic cost share — Logic share of AI-accelerator BoM — Epoch AI quarterly estimate (production-volume-weighted across Nvidia/AMD/Google/Amazon),true
stanford_memory_prices_b12a31488688f0394ce9,2017-10-02,2026-08-04T05:05:14Z,stanford_memory_prices,historical_research,DDR3,McCallum DRAM (historical),8.0,GB,,6.7,USD,USD/GB,6.7,,,,https://dam.stanford.edu/assets/memory-prices/memory-prices.csv,Stanford dataset; underlying source: mccallum,research_dataset,"McCallum DRAM (historical) — 2x 8GB DIMM DDR3-1600 @ $109.99 + free shipping — Historical, John C. McCallum (jcmit.net) via Internet Archive",false
stanford_memory_prices_b141f61c2ca5874eb678,1992-07-01,2026-08-04T05:05:14Z,stanford_memory_prices,historical_research,DRAM,McCallum DRAM (historical),,unknown,,34000.0,USD,USD/GB,34000.0,,,,https://dam.stanford.edu/assets/memory-prices/memory-prices.csv,Stanford dataset; underlying source: mccallum,research_dataset,"McCallum DRAM (historical) — 4Mx9-80 SIMM @ $134 — Historical, John C. McCallum (jcmit.net) via Internet Archive",false
stanford_memory_prices_b152b15fba6329907335,1994-01-01,2026-08-04T05:05:14Z,stanford_memory_prices,historical_research,DRAM,McCallum DRAM (historical),,unknown,,35800.0,USD,USD/GB,35800.0,,,,https://dam.stanford.edu/assets/memory-prices/memory-prices.csv,Stanford dataset; underlying source: mccallum,research_dataset,"McCallum DRAM (historical) — 4Mx3x3-70 SIMM @ $143 — Historical, John C. McCallum (jcmit.net) via Internet Archive",false
stanford_memory_prices_b154602968cd59b0b146,1989-06-03,2026-08-04T05:05:14Z,stanford_memory_prices,historical_research,DRAM,McCallum DRAM (historical),,unknown,,344000.0,USD,USD/GB,344000.0,,,,https://dam.stanford.edu/assets/memory-prices/memory-prices.csv,Stanford dataset; underlying source: mccallum,research_dataset,"McCallum DRAM (historical) — JDR MCT-ATMF 3MB Multifunc $169.90+3*36*7.99 — Historical, John C. McCallum (jcmit.net) via Internet Archive",false
stanford_memory_prices_b17344a11235c27f50d2,2016-12-02,2026-08-04T05:05:14Z,stanford_memory_prices,historical_research,DDR4,McCallum DRAM (historical),8.0,GB,,4.6,USD,USD/GB,4.6,,,,https://dam.stanford.edu/assets/memory-prices/memory-prices.csv,Stanford dataset; underlying source: mccallum,research_dataset,"McCallum DRAM (historical) — 2x 8GB DIMM DDR4-3000 @ $74.99 + free shipping — Historical, John C. McCallum (jcmit.net) via Internet Archive",false
stanford_memory_prices_b1de0a8da157b7ffeb43,2025-01-01,2026-08-04T05:05:14Z,stanford_memory_prices,historical_research,HBM,Auxiliary cost share,,unknown,,12.35,% of component cost,percent_share,,,,,https://dam.stanford.edu/assets/memory-prices/memory-prices.csv,Stanford dataset; underlying source: epoch.ai,research_dataset,Auxiliary cost share — Auxiliary share of AI-accelerator BoM — Epoch AI quarterly estimate (production-volume-weighted across Nvidia/AMD/Google/Amazon),true
stanford_memory_prices_b1f3e16108113ffe3e4e,2025-04-01,2026-08-04T05:05:14Z,stanford_memory_prices,historical_research,HBM,HBM spend,,unknown,,6.2846,USD,usd_billion,,,,,https://dam.stanford.edu/assets/memory-prices/memory-prices.csv,Stanford dataset; underlying source: epoch.ai,research_dataset,HBM spend — HBM quarterly spend (4 designers) — Epoch AI quarterly estimate (production-volume-weighted across Nvidia/AMD/Google/Amazon),true
stanford_memory_prices_b274cf916711e81f23f4,1997-01-30,2026-08-04T05:05:14Z,stanford_memory_prices,historical_research,DRAM,McCallum DRAM (historical),,unknown,,3630.0,USD,USD/GB,3630.0,,,,https://dam.stanford.edu/assets/memory-prices/memory-prices.csv,Stanford dataset; underlying source: mccallum,research_dataset,"McCallum DRAM (historical) — 2Mx32-60 SIMM EDO [72 pin] @ $29 — Historical, John C. McCallum (jcmit.net) via Internet Archive",false
stanford_memory_prices_b33a6ebb647b87b9b80c,2021-07-01,2026-08-04T05:05:14Z,stanford_memory_prices,historical_research,NAND,NAND cheapest (Keepa),500.0,GB,,0.10998,USD,USD/GB,0.10998,,,,https://dam.stanford.edu/assets/memory-prices/memory-prices.csv,Stanford dataset; underlying source: keepa,research_dataset,NAND cheapest (Keepa) — Mushkin Helix-LT – 500GB PCIe NVMe 1.3 – M.2 (2280) Internal Solid State Drive (SSD) – Gen — Cheapest listed $/GB across the consumer Keepa basket; per-drive posting glitches removed,false
stanford_memory_prices_b3c2bb7f2364672ffdb3,1992-04-30,2026-08-04T05:05:14Z,stanford_memory_prices,historical_research,DRAM,McCallum DRAM (historical),,unknown,,30000.0,USD,USD/GB,30000.0,,,,https://dam.stanford.edu/assets/memory-prices/memory-prices.csv,Stanford dataset; underlying source: mccallum,research_dataset,"McCallum DRAM (historical) — 4Mx9-80 SIMM @ $120 — Historical, John C. McCallum (jcmit.net) via Internet Archive",false
stanford_memory_prices_b3fb1ab9228a0b4da23c,2025-09-01,2026-08-04T05:05:14Z,stanford_memory_prices,historical_research,HBM,HBM $/GB,,unknown,,15.0,USD,USD/GB,15.0,,,,https://dam.stanford.edu/assets/memory-prices/memory-prices.csv,Stanford dataset; underlying source: trendforce,research_dataset,HBM $/GB — HBM3e ~$15/GB (range $13-17) — TrendForce H2 2025 (Samsung discounting),true
stanford_memory_prices_b46ab1a1e1086684b74e,2022-07-01,2026-08-04T05:05:14Z,stanford_memory_prices,historical_research,NAND,NAND cheapest (Keepa),,unknown,,0.07,USD,USD/GB,0.07,,,,https://dam.stanford.edu/assets/memory-prices/memory-prices.csv,Stanford dataset; underlying source: keepa,research_dataset,NAND cheapest (Keepa) — Crucial P2 2TB 3D NAND NVMe PCIe M.2 SSD Up to 2400MB/s - CT2000P2SSD8 — Cheapest listed $/GB across the consumer Keepa basket; per-drive posting glitches removed,false
stanford_memory_prices_b47e472daf92f198a9af,2024-07-01,2026-08-04T05:05:14Z,stanford_memory_prices,historical_research,HBM,Logic spend,,unknown,,0.8227,USD,usd_billion,,,,,https://dam.stanford.edu/assets/memory-prices/memory-prices.csv,Stanford dataset; underlying source: epoch.ai,research_dataset,Logic spend — Logic quarterly spend (4 designers) — Epoch AI quarterly estimate (production-volume-weighted across Nvidia/AMD/Google/Amazon),true
stanford_memory_prices_b483967150315e78d126,2016-04-01,2026-08-04T05:05:14Z,stanford_memory_prices,historical_research,DDR3,McCallum DRAM (historical),8.0,GB,,3.1,USD,USD/GB,3.1,,,,https://dam.stanford.edu/assets/memory-prices/memory-prices.csv,Stanford dataset; underlying source: mccallum,research_dataset,"McCallum DRAM (historical) — 2x 8GB DIMM DDR3L-1600 @ $49.99 + free shipping — Historical, John C. McCallum (jcmit.net) via Internet Archive",false
stanford_memory_prices_b4889442f3e50e6df400,1991-07-02,2026-08-04T05:05:14Z,stanford_memory_prices,historical_research,DRAM,McCallum DRAM (historical),,unknown,,44000.0,USD,USD/GB,44000.0,,,,https://dam.stanford.edu/assets/memory-prices/memory-prices.csv,Stanford dataset; underlying source: mccallum,research_dataset,"McCallum DRAM (historical) — 4Mx9-80 SIMM @ $175 — Historical, John C. McCallum (jcmit.net) via Internet Archive",false
stanford_memory_prices_b491e11ee5974ee0d333,2022-01-30,2026-08-04T05:05:14Z,stanford_memory_prices,historical_research,DDR4,McCallum DRAM (historical),16.0,GB,,2.9,USD,USD/GB,2.9,,,,https://dam.stanford.edu/assets/memory-prices/memory-prices.csv,Stanford dataset; underlying source: mccallum,research_dataset,"McCallum DRAM (historical) — 2x 16GB DIMM DDR4-2666 @ $93.99 + free shipping — Historical, John C. McCallum (jcmit.net) via Internet Archive",false
stanford_memory_prices_b4fa31cf72bd53cc2483,1997-04-02,2026-08-04T05:05:14Z,stanford_memory_prices,historical_research,DRAM,McCallum DRAM (historical),,unknown,,3000.0,USD,USD/GB,3000.0,,,,https://dam.stanford.edu/assets/memory-prices/memory-prices.csv,Stanford dataset; underlying source: mccallum,research_dataset,"McCallum DRAM (historical) — 2Mx32-60 SIMM EDO [72 pin] @ $24 — Historical, John C. McCallum (jcmit.net) via Internet Archive",false
stanford_memory_prices_b57b946996f266d1c8bb,2017-05-01,2026-08-04T05:05:14Z,stanford_memory_prices,historical_research,DDR4,McCallum DRAM (historical),16.0,GB,,5.7,USD,USD/GB,5.7,,,,https://dam.stanford.edu/assets/memory-prices/memory-prices.csv,Stanford dataset; underlying source: mccallum,research_dataset,"McCallum DRAM (historical) — 2x 16GB DIMM DDR4-2133 @ $185.99 + free shipping — Historical, John C. McCallum (jcmit.net) via Internet Archive",false
stanford_memory_prices_b5eea436c41d799e4a0d,2006-10-02,2026-08-04T05:05:14Z,stanford_memory_prices,historical_research,DRAM,McCallum DRAM (historical),1.0,GB,,88.0,USD,USD/GB,88.0,,,,https://dam.stanford.edu/assets/memory-prices/memory-prices.csv,Stanford dataset; underlying source: mccallum,research_dataset,"McCallum DRAM (historical) — 2x 1GB DIMM DDR2-667 @ $214.99-rebate+shipping — Historical, John C. McCallum (jcmit.net) via Internet Archive",false
stanford_memory_prices_b634cfdd55530c27b106,2026-01-01,2026-08-04T05:05:14Z,stanford_memory_prices,historical_research,NAND,NAND cheapest (Keepa),,unknown,,0.05,USD,USD/GB,0.05,,,,https://dam.stanford.edu/assets/memory-prices/memory-prices.csv,Stanford dataset; underlying source: keepa,research_dataset,"NAND cheapest (Keepa) — LEVEN JPS800 4TB PCIe Gen4 Speed up to 5,000MB/s 3D NAND NVMe M.2 SSD with Thermal Pad and — Cheapest listed $/GB across the consumer Keepa basket; per-drive posting glitches removed",false
stanford_memory_prices_b63c15e8e6cda27f87e6,1996-12-02,2026-08-04T05:05:14Z,stanford_memory_prices,historical_research,DRAM,McCallum DRAM (historical),,unknown,,5250.0,USD,USD/GB,5250.0,,,,https://dam.stanford.edu/assets/memory-prices/memory-prices.csv,Stanford dataset; underlying source: mccallum,research_dataset,"McCallum DRAM (historical) — 2Mx32-70 SIMM [72 pin] @ $42 — Historical, John C. McCallum (jcmit.net) via Internet Archive",false
stanford_memory_prices_b64568fb7eb210e7c2dd,2025-08-01,2026-08-04T05:05:14Z,stanford_memory_prices,historical_research,DDR5,DRAM cheapest (Keepa),48.0,GB,4800,2.32896,USD,USD/GB,2.32896,,,,https://dam.stanford.edu/assets/memory-prices/memory-prices.csv,Stanford dataset; underlying source: keepa,research_dataset,DRAM cheapest (Keepa) — CORSAIR Vengeance SODIMM DDR5 RAM 48GB (2x24GB) 4800MHz CL40 Intel XMP iCUE Compatible Com — Cheapest listed $/GB across the consumer Keepa basket; per-drive posting glitches removed,false
stanford_memory_prices_b650a5812ec2bf1b385e,2025-10-01,2026-08-04T05:05:14Z,stanford_memory_prices,historical_research,HBM,Auxiliary cost share,,unknown,,8.83,% of component cost,percent_share,,,,,https://dam.stanford.edu/assets/memory-prices/memory-prices.csv,Stanford dataset; underlying source: epoch.ai,research_dataset,Auxiliary cost share — Auxiliary share of AI-accelerator BoM — Epoch AI quarterly estimate (production-volume-weighted across Nvidia/AMD/Google/Amazon),true
stanford_memory_prices_b6cd0586e9cb00f288b0,2025-04-01,2026-08-04T05:05:14Z,stanford_memory_prices,historical_research,HBM,Packaging cost share,,unknown,,16.74,% of component cost,percent_share,,,,,https://dam.stanford.edu/assets/memory-prices/memory-prices.csv,Stanford dataset; underlying source: epoch.ai,research_dataset,Packaging cost share — Packaging share of AI-accelerator BoM — Epoch AI quarterly estimate (production-volume-weighted across Nvidia/AMD/Google/Amazon),true
stanford_memory_prices_b70c4a537ed41825d800,2003-09-03,2026-08-04T05:05:14Z,stanford_memory_prices,historical_research,DRAM,McCallum DRAM (historical),,unknown,,143.0,USD,USD/GB,143.0,,,,https://dam.stanford.edu/assets/memory-prices/memory-prices.csv,Stanford dataset; underlying source: mccallum,research_dataset,"McCallum DRAM (historical) — 512MB DIMM SDRAM @ $72.99 — Historical, John C. McCallum (jcmit.net) via Internet Archive",false
stanford_memory_prices_b7bb90dadf0352d0182e,2025-03-01,2026-08-04T05:05:14Z,stanford_memory_prices,historical_research,DDR4,DRAM cheapest (Keepa),32.0,GB,2133,1.7875,USD,USD/GB,1.7875,,,,https://dam.stanford.edu/assets/memory-prices/memory-prices.csv,Stanford dataset; underlying source: keepa,research_dataset,DRAM cheapest (Keepa) — G.Skill 32GB (2 x 16G) Ripjaws Series DDR4 PC4-17000 2133MHz Laptop Memory Model F4-2133C1 — Cheapest listed $/GB across the consumer Keepa basket; per-drive posting glitches removed,false
stanford_memory_prices_b808032ead4bb95512fb,2025-06-01,2026-08-04T05:05:14Z,stanford_memory_prices,historical_research,DDR4,DDR4 (Keepa),8.0,GB,2133,1.92375,USD,USD/GB,1.92375,,,,https://dam.stanford.edu/assets/memory-prices/memory-prices.csv,Stanford dataset; underlying source: keepa,research_dataset,DDR4 (Keepa) — A-Tech 8GB RAM for Intel NUC7i3DNKTC NUC 7 Business Mini PC | DDR4 2133MHz PC4-17000 1.2V — Cheapest listed $/GB across the consumer Keepa basket; per-drive posting glitches removed,false
stanford_memory_prices_b8fcffa9ca78e42abaf7,2017-06-01,2026-08-04T05:05:14Z,stanford_memory_prices,historical_research,NAND,NAND cheapest (Keepa),512.0,GB,,0.41012,USD,USD/GB,0.41012,,,,https://dam.stanford.edu/assets/memory-prices/memory-prices.csv,Stanford dataset; underlying source: keepa,research_dataset,NAND cheapest (Keepa) — Toshiba OCZ RD400 Series Solid State Drive PCIe NVMe M.2 512GB & Add In Card (RVD400-M2228 — Cheapest listed $/GB across the consumer Keepa basket; per-drive posting glitches removed,false
stanford_memory_prices_b93b3b1577bed06756af,2025-08-01,2026-08-04T05:05:14Z,stanford_memory_prices,historical_research,DDR5,DDR5 (Keepa),48.0,GB,4800,2.32896,USD,USD/GB,2.32896,,,,https://dam.stanford.edu/assets/memory-prices/memory-prices.csv,Stanford dataset; underlying source: keepa,research_dataset,DDR5 (Keepa) — CORSAIR Vengeance SODIMM DDR5 RAM 48GB (2x24GB) 4800MHz CL40 Intel XMP iCUE Compatible Com — Cheapest listed $/GB across the consumer Keepa basket; per-drive posting glitches removed,false
stanford_memory_prices_b9a5aac942c032e3c689,2026-07-01,2026-08-04T05:05:14Z,stanford_memory_prices,historical_research,DDR3,DDR3 (Keepa),32.0,GB,,3.44625,USD,USD/GB,3.44625,,,,https://dam.stanford.edu/assets/memory-prices/memory-prices.csv,Stanford dataset; underlying source: keepa,research_dataset,DDR3 (Keepa) — OFFTEK 32GB Replacement Memory RAM Upgrade for SuperMicro X9DRFF-7+ (DDR3-10600) Motherboa — Cheapest listed $/GB across the consumer Keepa basket; per-drive posting glitches removed,false
stanford_memory_prices_ba120d6621fb769fe9ff,2019-04-01,2026-08-04T05:05:14Z,stanford_memory_prices,historical_research,NAND,NAND cheapest (Keepa),8.0,Gb,,0.125,USD,USD/GB,0.125,,,,https://dam.stanford.edu/assets/memory-prices/memory-prices.csv,Stanford dataset; underlying source: keepa,research_dataset,"NAND cheapest (Keepa) — Dataram Internal SSD, PCIe NVMe M.2 2280 Solid State Drive, PCIe Gen3 8Gb/s (1TB) — Cheapest listed $/GB across the consumer Keepa basket; per-drive posting glitches removed",false
stanford_memory_prices_ba7f1ad1be5da37f6155,2026-05-01,2026-08-04T05:05:14Z,stanford_memory_prices,historical_research,DDR3,DDR3 (Keepa),32.0,GB,,3.45094,USD,USD/GB,3.45094,,,,https://dam.stanford.edu/assets/memory-prices/memory-prices.csv,Stanford dataset; underlying source: keepa,research_dataset,DDR3 (Keepa) — OFFTEK 32GB Replacement Memory RAM Upgrade for Gigabyte GA-7PESLX (DDR3-10600 - Reg) Mothe — Cheapest listed $/GB across the consumer Keepa basket; per-drive posting glitches removed,false
stanford_memory_prices_babd99601209988b85a8,2025-12-01,2026-08-04T05:05:14Z,stanford_memory_prices,historical_research,DDR5,DDR5 (Keepa),96.0,GB,,6.84677,USD,USD/GB,6.84677,,,,https://dam.stanford.edu/assets/memory-prices/memory-prices.csv,Stanford dataset; underlying source: keepa,research_dataset,DDR5 (Keepa) — 96GB DDR5 SDRAM Memory Module — Cheapest listed $/GB across the consumer Keepa basket; per-drive posting glitches removed,false
stanford_memory_prices_bad33fa318ca56051d47,2020-01-01,2026-08-04T05:05:14Z,stanford_memory_prices,historical_research,DDR4,McCallum DRAM (historical),8.0,GB,,2.9,USD,USD/GB,2.9,,,,https://dam.stanford.edu/assets/memory-prices/memory-prices.csv,Stanford dataset; underlying source: mccallum,research_dataset,"McCallum DRAM (historical) — 2x 8GB DIMM DDR4-2400 @ $47.99 + free shipping — Historical, John C. McCallum (jcmit.net) via Internet Archive",false
stanford_memory_prices_bb040699914ef9c958ab,1991-03-04,2026-08-04T05:05:14Z,stanford_memory_prices,historical_research,DRAM,McCallum DRAM (historical),,unknown,,45000.0,USD,USD/GB,45000.0,,,,https://dam.stanford.edu/assets/memory-prices/memory-prices.csv,Stanford dataset; underlying source: mccallum,research_dataset,"McCallum DRAM (historical) — 1Mx9-100 SIMM @ $45 — Historical, John C. McCallum (jcmit.net) via Internet Archive",false
stanford_memory_prices_bb0b2470cf301a4efe49,1987-12-03,2026-08-04T05:05:14Z,stanford_memory_prices,historical_research,DRAM,McCallum DRAM (historical),,unknown,,163000.0,USD,USD/GB,163000.0,,,,https://dam.stanford.edu/assets/memory-prices/memory-prices.csv,Stanford dataset; underlying source: mccallum,research_dataset,"McCallum DRAM (historical) — JDR MCT-ATMF 3MB Multifunction — Historical, John C. McCallum (jcmit.net) via Internet Archive",false
stanford_memory_prices_bb65d6aa94ed82c1069f,2022-11-01,2026-08-04T05:05:14Z,stanford_memory_prices,historical_research,NAND,NAND cheapest (Keepa),,unknown,,0.04999,USD,USD/GB,0.04999,,,,https://dam.stanford.edu/assets/memory-prices/memory-prices.csv,Stanford dataset; underlying source: keepa,research_dataset,NAND cheapest (Keepa) — LEVEN JP600 1TB Up to 2100 MB/s PCIe NVMe Internal SSD (Solid State Drive)- Gen3x4 M.2 228 — Cheapest listed $/GB across the consumer Keepa basket; per-drive posting glitches removed,false
stanford_memory_prices_bb949f305279f89dbab1,2025-07-01,2026-08-04T05:05:14Z,stanford_memory_prices,historical_research,DDR4,DDR4 (Keepa),16.0,GB,3000,2.75,USD,USD/GB,2.75,,,,https://dam.stanford.edu/assets/memory-prices/memory-prices.csv,Stanford dataset; underlying source: keepa,research_dataset,DDR4 (Keepa) — G.SKILL Trident Z RGB Series DDR4 RAM (XMP) 16GB (2x8GB) 3000MT/s CL16-18-18-38 1.35V Inte — Cheapest listed $/GB across the consumer Keepa basket; per-drive posting glitches removed,false
stanford_memory_prices_bc1c12e2e091ab15f4ba,2024-11-01,2026-08-04T05:05:14Z,stanford_memory_prices,historical_research,DDR5,DDR5 (Keepa),64.0,GB,5200,2.50813,USD,USD/GB,2.50813,,,,https://dam.stanford.edu/assets/memory-prices/memory-prices.csv,Stanford dataset; underlying source: keepa,research_dataset,DDR5 (Keepa) — 64GB DDR5 5200MT/S Module KIT of 2 — Cheapest listed $/GB across the consumer Keepa basket; per-drive posting glitches removed,false
stanford_memory_prices_bc38c42bda57a0904162,2009-01-30,2026-08-04T05:05:14Z,stanford_memory_prices,historical_research,DRAM,McCallum DRAM (historical),1.0,GB,,10.7,USD,USD/GB,10.7,,,,https://dam.stanford.edu/assets/memory-prices/memory-prices.csv,Stanford dataset; underlying source: mccallum,research_dataset,"McCallum DRAM (historical) — 2x 1GB DIMM DDR2-800 @ $21.99 + free shipping — Historical, John C. McCallum (jcmit.net) via Internet Archive",false
stanford_memory_prices_bc9b1743d6f93dafcc86,2025-08-01,2026-08-04T05:05:14Z,stanford_memory_prices,historical_research,NAND,NAND cheapest (Keepa),,unknown,,0.0455,USD,USD/GB,0.0455,,,,https://dam.stanford.edu/assets/memory-prices/memory-prices.csv,Stanford dataset; underlying source: keepa,research_dataset,"NAND cheapest (Keepa) — Ediloca 4TB SSD NVMe M.2 2280 PCIe Gen4 x4 Internal Solid State Drive - Up to 5000MB/s, 4T — Cheapest listed $/GB across the consumer Keepa basket; per-drive posting glitches removed",false
stanford_memory_prices_bca94a4e5eb5a1d7b9eb,2023-05-01,2026-08-04T05:05:14Z,stanford_memory_prices,historical_research,DDR4,McCallum DRAM (historical),32.0,GB,,1.5,USD,USD/GB,1.5,,,,https://dam.stanford.edu/assets/memory-prices/memory-prices.csv,Stanford dataset; underlying source: mccallum,research_dataset,"McCallum DRAM (historical) — 2x 32GB SO-DIMM DDR4-3200 @ $97.99 + free shipping — Historical, John C. McCallum (jcmit.net) via Internet Archive",false
stanford_memory_prices_bd7e4a13b34ab5d3ad7c,2022-01-01,2026-08-04T05:05:14Z,stanford_memory_prices,historical_research,DDR4,McCallum DRAM (historical),16.0,GB,,2.8,USD,USD/GB,2.8,,,,https://dam.stanford.edu/assets/memory-prices/memory-prices.csv,Stanford dataset; underlying source: mccallum,research_dataset,"McCallum DRAM (historical) — 2x 16GB DIMM DDR4-2666 @ $92.99 + free shipping — Historical, John C. McCallum (jcmit.net) via Internet Archive",false
stanford_memory_prices_bdffc983f3619b10d838,2015-01-01,2026-08-04T05:05:14Z,stanford_memory_prices,historical_research,DDR3,McCallum DRAM (historical),8.0,GB,,7.8,USD,USD/GB,7.8,,,,https://dam.stanford.edu/assets/memory-prices/memory-prices.csv,Stanford dataset; underlying source: mccallum,research_dataset,"McCallum DRAM (historical) — 1x 8GB DIMM DDR3-1866 @ $63.99 + free shipping — Historical, John C. McCallum (jcmit.net) via Internet Archive",false
stanford_memory_prices_be1171867ad96f9d9838,2024-10-01,2026-08-04T05:05:14Z,stanford_memory_prices,historical_research,HBM,Auxiliary cost share,,unknown,,11.2,% of component cost,percent_share,,,,,https://dam.stanford.edu/assets/memory-prices/memory-prices.csv,Stanford dataset; underlying source: epoch.ai,research_dataset,Auxiliary cost share — Auxiliary share of AI-accelerator BoM — Epoch AI quarterly estimate (production-volume-weighted across Nvidia/AMD/Google/Amazon),true
stanford_memory_prices_be1ecc16819af367f1b9,2022-05-01,2026-08-04T05:05:14Z,stanford_memory_prices,historical_research,NAND,NAND cheapest (Keepa),,unknown,,0.08,USD,USD/GB,0.08,,,,https://dam.stanford.edu/assets/memory-prices/memory-prices.csv,Stanford dataset; underlying source: keepa,research_dataset,NAND cheapest (Keepa) — Crucial P2 2TB 3D NAND NVMe PCIe M.2 SSD Up to 2400MB/s - CT2000P2SSD8 — Cheapest listed $/GB across the consumer Keepa basket; per-drive posting glitches removed,false
stanford_memory_prices_be3c4b3986babf69a79a,1995-10-02,2026-08-04T05:05:14Z,stanford_memory_prices,historical_research,DRAM,McCallum DRAM (historical),,unknown,,33100.0,USD,USD/GB,33100.0,,,,https://dam.stanford.edu/assets/memory-prices/memory-prices.csv,Stanford dataset; underlying source: mccallum,research_dataset,"McCallum DRAM (historical) — 4Mx36-70 SIMM [72 pin] @ $529 — Historical, John C. McCallum (jcmit.net) via Internet Archive",false
stanford_memory_prices_be77a3bedad53494c047,2024-08-01,2026-08-04T05:05:14Z,stanford_memory_prices,historical_research,DDR4,DRAM cheapest (Keepa),64.0,GB,,0.89797,USD,USD/GB,0.89797,,,,https://dam.stanford.edu/assets/memory-prices/memory-prices.csv,Stanford dataset; underlying source: keepa,research_dataset,"DRAM cheapest (Keepa) — FURY Beast 64GB, 4 X 16GGB DDR4 SDRAM Memory KIT — Cheapest listed $/GB across the consumer Keepa basket; per-drive posting glitches removed",false
stanford_memory_prices_bf00927c35322e41d642,1998-06-03,2026-08-04T05:05:14Z,stanford_memory_prices,historical_research,DRAM,McCallum DRAM (historical),,unknown,,970.0,USD,USD/GB,970.0,,,,https://dam.stanford.edu/assets/memory-prices/memory-prices.csv,Stanford dataset; underlying source: mccallum,research_dataset,"McCallum DRAM (historical) — 8Mx32-? SIMM EDO [72 pin] @ $31 — Historical, John C. McCallum (jcmit.net) via Internet Archive",false
stanford_memory_prices_bf26833130b4af4082cd,1990-12-03,2026-08-04T05:05:14Z,stanford_memory_prices,historical_research,DRAM,McCallum DRAM (historical),,unknown,,46000.0,USD,USD/GB,46000.0,,,,https://dam.stanford.edu/assets/memory-prices/memory-prices.csv,Stanford dataset; underlying source: mccallum,research_dataset,"McCallum DRAM (historical) — 1Mx9-80 SIMM @ $45.50 — Historical, John C. McCallum (jcmit.net) via Internet Archive",false
stanford_memory_prices_c07179b8ce9d201f5347,2025-09-01,2026-08-04T05:05:14Z,stanford_memory_prices,historical_research,DDR4,DDR4 (Keepa),8.0,GB,2133,2.11625,USD,USD/GB,2.11625,,,,https://dam.stanford.edu/assets/memory-prices/memory-prices.csv,Stanford dataset; underlying source: keepa,research_dataset,DDR4 (Keepa) — A-Tech 8GB RAM for Intel NUC7i3DNKTC NUC 7 Business Mini PC | DDR4 2133MHz PC4-17000 1.2V — Cheapest listed $/GB across the consumer Keepa basket; per-drive posting glitches removed,false
stanford_memory_prices_c1a377ee18adb9997291,1996-03-03,2026-08-04T05:05:14Z,stanford_memory_prices,historical_research,DRAM,McCallum DRAM (historical),,unknown,,26100.0,USD,USD/GB,26100.0,,,,https://dam.stanford.edu/assets/memory-prices/memory-prices.csv,Stanford dataset; underlying source: mccallum,research_dataset,"McCallum DRAM (historical) — 2Mx36-70 SIMM [72 pin] @ $209 — Historical, John C. McCallum (jcmit.net) via Internet Archive",false
stanford_memory_prices_c1c143ea2c4c4d284d90,2000-07-31,2026-08-04T05:05:14Z,stanford_memory_prices,historical_research,DRAM,McCallum DRAM (historical),,unknown,,840.0,USD,USD/GB,840.0,,,,https://dam.stanford.edu/assets/memory-prices/memory-prices.csv,Stanford dataset; underlying source: mccallum,research_dataset,"McCallum DRAM (historical) — 64 MB DIMM PC-100 @ $53.99 — Historical, John C. McCallum (jcmit.net) via Internet Archive",false
stanford_memory_prices_c3c5c5c443e0ced9bfb1,2008-12-02,2026-08-04T05:05:14Z,stanford_memory_prices,historical_research,DRAM,McCallum DRAM (historical),2.0,GB,,10.0,USD,USD/GB,10.0,,,,https://dam.stanford.edu/assets/memory-prices/memory-prices.csv,Stanford dataset; underlying source: mccallum,research_dataset,"McCallum DRAM (historical) — 2x 2GB DIMM DDR2-800 @ $39.99 + free shipping — Historical, John C. McCallum (jcmit.net) via Internet Archive",false
stanford_memory_prices_c3e77d247da94b779416,2024-09-01,2026-08-04T05:05:14Z,stanford_memory_prices,historical_research,DDR5,DDR5 (Keepa),64.0,GB,4800,2.80797,USD,USD/GB,2.80797,,,,https://dam.stanford.edu/assets/memory-prices/memory-prices.csv,Stanford dataset; underlying source: keepa,research_dataset,DDR5 (Keepa) — 64GB DDR5 4800MT/S Module KIT of 2 — Cheapest listed $/GB across the consumer Keepa basket; per-drive posting glitches removed,false
stanford_memory_prices_c40e9673320faaebb740,2006-07-02,2026-08-04T05:05:14Z,stanford_memory_prices,historical_research,DRAM,McCallum DRAM (historical),1.0,GB,,82.0,USD,USD/GB,82.0,,,,https://dam.stanford.edu/assets/memory-prices/memory-prices.csv,Stanford dataset; underlying source: mccallum,research_dataset,"McCallum DRAM (historical) — 1GB DIMM DDR2-667 @ $83.99 — Historical, John C. McCallum (jcmit.net) via Internet Archive",false
stanford_memory_prices_c4614132ef7cf71536c6,2020-10-01,2026-08-04T05:05:14Z,stanford_memory_prices,historical_research,DDR4,McCallum DRAM (historical),16.0,GB,,2.7,USD,USD/GB,2.7,,,,https://dam.stanford.edu/assets/memory-prices/memory-prices.csv,Stanford dataset; underlying source: mccallum,research_dataset,"McCallum DRAM (historical) — 2x 16GB DIMM DDR4-3000 @ $89.99 + free shipping — Historical, John C. McCallum (jcmit.net) via Internet Archive",false
stanford_memory_prices_c49378ba38789c3a1d1b,2019-06-03,2026-08-04T05:05:14Z,stanford_memory_prices,historical_research,DDR4,McCallum DRAM (historical),8.0,GB,,3.2,USD,USD/GB,3.2,,,,https://dam.stanford.edu/assets/memory-prices/memory-prices.csv,Stanford dataset; underlying source: mccallum,research_dataset,"McCallum DRAM (historical) — 1x 8GB DIMM DDR4-2400 @ $25.99 + free shipping — Historical, John C. McCallum (jcmit.net) via Internet Archive",false
stanford_memory_prices_c50b0d0c39a64f7e2d77,2025-05-01,2026-08-04T05:05:14Z,stanford_memory_prices,historical_research,NAND,NAND cheapest (Keepa),,unknown,,0.045,USD,USD/GB,0.045,,,,https://dam.stanford.edu/assets/memory-prices/memory-prices.csv,Stanford dataset; underlying source: keepa,research_dataset,"NAND cheapest (Keepa) — Colorful 2TB M2 SSD NVMe 2280 Internal Solid State Drive,SLC Cache 3D NAND TLC,Up to 3200M — Cheapest listed $/GB across the consumer Keepa basket; per-drive posting glitches removed",false
stanford_memory_prices_c5261947395aff074768,2017-12-01,2026-08-04T05:05:14Z,stanford_memory_prices,historical_research,NAND,NAND cheapest (Keepa),512.0,GB,,0.31248,USD,USD/GB,0.31248,,,,https://dam.stanford.edu/assets/memory-prices/memory-prices.csv,Stanford dataset; underlying source: keepa,research_dataset,NAND cheapest (Keepa) — ADATA SX7000 PCIe 512GB 3D NAND NVMe Gen3x4 M.2 2280 Solid State Drive (ASX7000NP-512GT-C) — Cheapest listed $/GB across the consumer Keepa basket; per-drive posting glitches removed,false
stanford_memory_prices_c5834b076ac879322d7a,2015-10-31,2026-08-04T05:05:14Z,stanford_memory_prices,historical_research,DDR3,McCallum DRAM (historical),8.0,GB,,3.8,USD,USD/GB,3.8,,,,https://dam.stanford.edu/assets/memory-prices/memory-prices.csv,Stanford dataset; underlying source: mccallum,research_dataset,"McCallum DRAM (historical) — 2x 8GB DIMM DDR3-1600 @ $62.99 + free shipping — Historical, John C. McCallum (jcmit.net) via Internet Archive",false
stanford_memory_prices_c6405d2488e2c13b3829,2024-01-01,2026-08-04T05:05:14Z,stanford_memory_prices,historical_research,HBM,Auxiliary cost share,,unknown,,15.08,% of component cost,percent_share,,,,,https://dam.stanford.edu/assets/memory-prices/memory-prices.csv,Stanford dataset; underlying source: epoch.ai,research_dataset,Auxiliary cost share — Auxiliary share of AI-accelerator BoM — Epoch AI quarterly estimate (production-volume-weighted across Nvidia/AMD/Google/Amazon),true
stanford_memory_prices_c64362122a3a506f6d17,1990-05-01,2026-08-04T05:05:14Z,stanford_memory_prices,historical_research,DRAM,McCallum DRAM (historical),,unknown,,98000.0,USD,USD/GB,98000.0,,,,https://dam.stanford.edu/assets/memory-prices/memory-prices.csv,Stanford dataset; underlying source: mccallum,research_dataset,"McCallum DRAM (historical) — Bocaram AT 8MB - $149+72*8.50 — Historical, John C. McCallum (jcmit.net) via Internet Archive",false
stanford_memory_prices_c6a87f4a5f0e542097ee,2026-03-01,2026-08-04T05:05:14Z,stanford_memory_prices,historical_research,DDR5,DDR5 (Keepa),64.0,GB,4800,13.28125,USD,USD/GB,13.28125,,,,https://dam.stanford.edu/assets/memory-prices/memory-prices.csv,Stanford dataset; underlying source: keepa,research_dataset,DDR5 (Keepa) — Adamanta 64GB (2x32GB) Compatible with MSI Stealth GS66 12UH-095 DDR5 4800MHz PC5-38400 SO — Cheapest listed $/GB across the consumer Keepa basket; per-drive posting glitches removed,false
stanford_memory_prices_c6ada0870d3aeda0b734,2024-07-01,2026-08-04T05:05:14Z,stanford_memory_prices,historical_research,HBM,Packaging cost share,,unknown,,17.96,% of component cost,percent_share,,,,,https://dam.stanford.edu/assets/memory-prices/memory-prices.csv,Stanford dataset; underlying source: epoch.ai,research_dataset,Packaging cost share — Packaging share of AI-accelerator BoM — Epoch AI quarterly estimate (production-volume-weighted across Nvidia/AMD/Google/Amazon),true
stanford_memory_prices_c6e203a7b30b438c4e95,2025-02-01,2026-08-04T05:05:14Z,stanford_memory_prices,historical_research,DDR3,DDR3 (Keepa),8.0,GB,,3.7475,USD,USD/GB,3.7475,,,,https://dam.stanford.edu/assets/memory-prices/memory-prices.csv,Stanford dataset; underlying source: keepa,research_dataset,DDR3 (Keepa) — PASOUL Laptop Memory DDR3-1600 (PC3L-12800) RAM 8GB SODIMM 204Pin 1.35V (Low Voltage) 16-C — Cheapest listed $/GB across the consumer Keepa basket; per-drive posting glitches removed,false
stanford_memory_prices_c7288481cec2a0eb7939,2015-01-30,2026-08-04T05:05:14Z,stanford_memory_prices,historical_research,DDR3,McCallum DRAM (historical),4.0,GB,,7.3,USD,USD/GB,7.3,,,,https://dam.stanford.edu/assets/memory-prices/memory-prices.csv,Stanford dataset; underlying source: mccallum,research_dataset,"McCallum DRAM (historical) — 2x 4GB DIMM DDR3-1600 @ $59.99 + free shipping — Historical, John C. McCallum (jcmit.net) via Internet Archive",false
stanford_memory_prices_c9abb66b7416ba344227,1995-06-03,2026-08-04T05:05:14Z,stanford_memory_prices,historical_research,DRAM,McCallum DRAM (historical),,unknown,,31100.0,USD,USD/GB,31100.0,,,,https://dam.stanford.edu/assets/memory-prices/memory-prices.csv,Stanford dataset; underlying source: mccallum,research_dataset,"McCallum DRAM (historical) — 4Mx36-70 SIMM [72 pin] @ $498 — Historical, John C. McCallum (jcmit.net) via Internet Archive",false
stanford_memory_prices_ca07e584f633d22b9c93,2025-01-01,2026-08-04T05:05:14Z,stanford_memory_prices,historical_research,HBM,Logic spend,,unknown,,1.4082,USD,usd_billion,,,,,https://dam.stanford.edu/assets/memory-prices/memory-prices.csv,Stanford dataset; underlying source: epoch.ai,research_dataset,Logic spend — Logic quarterly spend (4 designers) — Epoch AI quarterly estimate (production-volume-weighted across Nvidia/AMD/Google/Amazon),true
stanford_memory_prices_caa4f5be4e7100dd8a17,1993-10-31,2026-08-04T05:05:14Z,stanford_memory_prices,historical_research,DRAM,McCallum DRAM (historical),,unknown,,39800.0,USD,USD/GB,39800.0,,,,https://dam.stanford.edu/assets/memory-prices/memory-prices.csv,Stanford dataset; underlying source: mccallum,research_dataset,"McCallum DRAM (historical) — 4Mx9-70 SIMM @ $159 — Historical, John C. McCallum (jcmit.net) via Internet Archive",false
stanford_memory_prices_cae02b86ea2b0e545561,2014-08-01,2026-08-04T05:05:14Z,stanford_memory_prices,historical_research,DDR3,McCallum DRAM (historical),4.0,GB,,8.5,USD,USD/GB,8.5,,,,https://dam.stanford.edu/assets/memory-prices/memory-prices.csv,Stanford dataset; underlying source: mccallum,research_dataset,"McCallum DRAM (historical) — 2x 4GB DIMM DDR3-1600 @ $69.99 + free shipping — Historical, John C. McCallum (jcmit.net) via Internet Archive",false
stanford_memory_prices_cb34a323cbda9da93b17,1997-08-01,2026-08-04T05:05:14Z,stanford_memory_prices,historical_research,DRAM,McCallum DRAM (historical),,unknown,,4130.0,USD,USD/GB,4130.0,,,,https://dam.stanford.edu/assets/memory-prices/memory-prices.csv,Stanford dataset; underlying source: mccallum,research_dataset,"McCallum DRAM (historical) — 2Mx32-? SIMM FPM [72 pin] @ $33 — Historical, John C. McCallum (jcmit.net) via Internet Archive",false
stanford_memory_prices_cb7f9fc82269bb121627,2019-04-02,2026-08-04T05:05:14Z,stanford_memory_prices,historical_research,DDR3,McCallum DRAM (historical),8.0,GB,,3.7,USD,USD/GB,3.7,,,,https://dam.stanford.edu/assets/memory-prices/memory-prices.csv,Stanford dataset; underlying source: mccallum,research_dataset,"McCallum DRAM (historical) — 2x 8GB DIMM DDR3-1600 @ $59.99 + $0.99 shipping — Historical, John C. McCallum (jcmit.net) via Internet Archive",false
stanford_memory_prices_cb8bf494c84e15c322cc,2022-09-03,2026-08-04T05:05:14Z,stanford_memory_prices,historical_research,DDR4,McCallum DRAM (historical),32.0,GB,,2.2,USD,USD/GB,2.2,,,,https://dam.stanford.edu/assets/memory-prices/memory-prices.csv,Stanford dataset; underlying source: mccallum,research_dataset,"McCallum DRAM (historical) — 1x 32GB SO-DIMM DDR4-2666 @ $72.99 + free shipping — Historical, John C. McCallum (jcmit.net) via Internet Archive",false
stanford_memory_prices_cbcf550dfca3978323ff,1976-03-03,2026-08-04T05:05:14Z,stanford_memory_prices,historical_research,DRAM,McCallum DRAM (historical),,unknown,,48960000.0,USD,USD/GB,48960000.0,,,,https://dam.stanford.edu/assets/memory-prices/memory-prices.csv,Stanford dataset; underlying source: mccallum,research_dataset,"McCallum DRAM (historical) — Altair 16K Static RAM Board — Historical, John C. McCallum (jcmit.net) via Internet Archive",false
stanford_memory_prices_cbe3cd4a2fe38f0074d1,2021-06-01,2026-08-04T05:05:14Z,stanford_memory_prices,historical_research,HBM,HBM $/TBps,16.0,GB,,209.0,USD,usd_per_tbps,,,,,https://dam.stanford.edu/assets/memory-prices/memory-prices.csv,Stanford dataset; underlying source: manual,research_dataset,HBM $/TBps — HBM2e: $6/GB x 16GB / 0.46 TB/s — Derived; bandwidth Rambus/Wikipedia + approx $/GB,true
stanford_memory_prices_cc023c99d58e50089c77,2024-07-01,2026-08-04T05:05:14Z,stanford_memory_prices,historical_research,HBM,HBM cost share,,unknown,,55.9,% of component cost,percent_share,,,,,https://dam.stanford.edu/assets/memory-prices/memory-prices.csv,Stanford dataset; underlying source: epoch.ai,research_dataset,HBM cost share — HBM share of AI-accelerator BoM — Epoch AI quarterly estimate (production-volume-weighted across Nvidia/AMD/Google/Amazon),true
stanford_memory_prices_cc448b9033a6700b8da6,2024-01-01,2026-08-04T05:05:14Z,stanford_memory_prices,historical_research,HBM,Auxiliary spend,,unknown,,0.4875,USD,usd_billion,,,,,https://dam.stanford.edu/assets/memory-prices/memory-prices.csv,Stanford dataset; underlying source: epoch.ai,research_dataset,Auxiliary spend — Auxiliary quarterly spend (4 designers) — Epoch AI quarterly estimate (production-volume-weighted across Nvidia/AMD/Google/Amazon),true
stanford_memory_prices_cc8893cedcee97291327,2018-08-01,2026-08-04T05:05:14Z,stanford_memory_prices,historical_research,DDR3,McCallum DRAM (historical),8.0,GB,,6.2,USD,USD/GB,6.2,,,,https://dam.stanford.edu/assets/memory-prices/memory-prices.csv,Stanford dataset; underlying source: mccallum,research_dataset,"McCallum DRAM (historical) — 2x 8GB DIMM DDR3-1600 @ $99.99 + $0.99 shipping — Historical, John C. McCallum (jcmit.net) via Internet Archive",false
stanford_memory_prices_cce5d257afa383bb5282,2022-12-01,2026-08-04T05:05:14Z,stanford_memory_prices,historical_research,HBM,HBM $/TBps,24.0,GB,,264.0,USD,usd_per_tbps,,,,,https://dam.stanford.edu/assets/memory-prices/memory-prices.csv,Stanford dataset; underlying source: semianalysis,research_dataset,HBM $/TBps — HBM3: $9/GB x 24GB / 0.819 TB/s — Derived; SemiAnalysis $/GB + Rambus BW,true
stanford_memory_prices_cd31f99ab188fdb25db2,2025-07-01,2026-08-04T05:05:14Z,stanford_memory_prices,historical_research,HBM,Packaging spend,,unknown,,2.2416,USD,usd_billion,,,,,https://dam.stanford.edu/assets/memory-prices/memory-prices.csv,Stanford dataset; underlying source: epoch.ai,research_dataset,Packaging spend — Packaging quarterly spend (4 designers) — Epoch AI quarterly estimate (production-volume-weighted across Nvidia/AMD/Google/Amazon),true
stanford_memory_prices_cd5774892f36c25ce837,1994-06-03,2026-08-04T05:05:14Z,stanford_memory_prices,historical_research,DRAM,McCallum DRAM (historical),,unknown,,37300.0,USD,USD/GB,37300.0,,,,https://dam.stanford.edu/assets/memory-prices/memory-prices.csv,Stanford dataset; underlying source: mccallum,research_dataset,"McCallum DRAM (historical) — 4Mx9-80 SIMM @ $149 — Historical, John C. McCallum (jcmit.net) via Internet Archive",false
stanford_memory_prices_cd5df19997329daf3c48,2024-04-01,2026-08-04T05:05:14Z,stanford_memory_prices,historical_research,HBM,Logic cost share,,unknown,,13.61,% of component cost,percent_share,,,,,https://dam.stanford.edu/assets/memory-prices/memory-prices.csv,Stanford dataset; underlying source: epoch.ai,research_dataset,Logic cost share — Logic share of AI-accelerator BoM — Epoch AI quarterly estimate (production-volume-weighted across Nvidia/AMD/Google/Amazon),true
stanford_memory_prices_ce214094b2d60688f18a,2022-09-01,2026-08-04T05:05:14Z,stanford_memory_prices,historical_research,NAND,NAND cheapest (Keepa),,unknown,,0.05699,USD,USD/GB,0.05699,,,,https://dam.stanford.edu/assets/memory-prices/memory-prices.csv,Stanford dataset; underlying source: keepa,research_dataset,NAND cheapest (Keepa) — LEVEN JP600 1TB Up to 2100 MB/s PCIe NVMe Internal SSD (Solid State Drive)- Gen3x4 M.2 228 — Cheapest listed $/GB across the consumer Keepa basket; per-drive posting glitches removed,false
stanford_memory_prices_ce341a363f358724a0d0,1993-01-30,2026-08-04T05:05:14Z,stanford_memory_prices,historical_research,DRAM,McCallum DRAM (historical),,unknown,,27500.0,USD,USD/GB,27500.0,,,,https://dam.stanford.edu/assets/memory-prices/memory-prices.csv,Stanford dataset; underlying source: mccallum,research_dataset,"McCallum DRAM (historical) — 4Mx9-70 SIMM @ $110 — Historical, John C. McCallum (jcmit.net) via Internet Archive",false
stanford_memory_prices_ce5803e85901e265a922,2026-02-01,2026-08-04T05:05:14Z,stanford_memory_prices,historical_research,DDR3,DRAM cheapest (Keepa),2.0,GB,1600,5.375,USD,USD/GB,5.375,,,,https://dam.stanford.edu/assets/memory-prices/memory-prices.csv,Stanford dataset; underlying source: keepa,research_dataset,"DRAM cheapest (Keepa) — HYNIX HMT325S6EFR8A-PB 1600 MHZ, 2 GB, DDR3, RAM Stick — Cheapest listed $/GB across the consumer Keepa basket; per-drive posting glitches removed",false
stanford_memory_prices_ce99d2b3ccb748d771c1,2025-08-01,2026-08-04T05:05:14Z,stanford_memory_prices,historical_research,DDR3,DDR3 (Keepa),2.0,GB,1600,2.415,USD,USD/GB,2.415,,,,https://dam.stanford.edu/assets/memory-prices/memory-prices.csv,Stanford dataset; underlying source: keepa,research_dataset,"DDR3 (Keepa) — HYNIX HMT325S6EFR8A-PB 1600 MHZ, 2 GB, DDR3, RAM Stick — Cheapest listed $/GB across the consumer Keepa basket; per-drive posting glitches removed",false
stanford_memory_prices_d179c182b34f05e7af04,2010-05-01,2026-08-04T05:05:14Z,stanford_memory_prices,historical_research,DRAM,McCallum DRAM (historical),2.0,GB,,24.2,USD,USD/GB,24.2,,,,https://dam.stanford.edu/assets/memory-prices/memory-prices.csv,Stanford dataset; underlying source: mccallum,research_dataset,"McCallum DRAM (historical) — 2x 2GB DIMM DDR2-800 @ $92.99 + 5.99 shipping — Historical, John C. McCallum (jcmit.net) via Internet Archive",false
stanford_memory_prices_d2236f8f8aada373ed4e,1982-01-01,2026-08-04T05:05:14Z,stanford_memory_prices,historical_research,DRAM,McCallum DRAM (historical),,unknown,,3520000.0,USD,USD/GB,3520000.0,,,,https://dam.stanford.edu/assets/memory-prices/memory-prices.csv,Stanford dataset; underlying source: mccallum,research_dataset,"McCallum DRAM (historical) — Historical, John C. McCallum (jcmit.net) via Internet Archive",false
stanford_memory_prices_d2996ea103ad6d11e25f,1999-03-04,2026-08-04T05:05:14Z,stanford_memory_prices,historical_research,DRAM,McCallum DRAM (historical),,unknown,,1250.0,USD,USD/GB,1250.0,,,,https://dam.stanford.edu/assets/memory-prices/memory-prices.csv,Stanford dataset; underlying source: mccallum,research_dataset,"McCallum DRAM (historical) — 64 MB DIMM PC-100 @ $79.99 — Historical, John C. McCallum (jcmit.net) via Internet Archive",false
stanford_memory_prices_d304f666f2b971abd0f4,1988-04-30,2026-08-04T05:05:14Z,stanford_memory_prices,historical_research,DRAM,McCallum DRAM (historical),,unknown,,199000.0,USD,USD/GB,199000.0,,,,https://dam.stanford.edu/assets/memory-prices/memory-prices.csv,Stanford dataset; underlying source: mccallum,research_dataset,"McCallum DRAM (historical) — JDR MCT-ATMF 3MB Multifunc $169.90+426.60 — Historical, John C. McCallum (jcmit.net) via Internet Archive",false
stanford_memory_prices_d41f841c5a6f9d7981ee,1993-09-03,2026-08-04T05:05:14Z,stanford_memory_prices,historical_research,DRAM,McCallum DRAM (historical),,unknown,,30000.0,USD,USD/GB,30000.0,,,,https://dam.stanford.edu/assets/memory-prices/memory-prices.csv,Stanford dataset; underlying source: mccallum,research_dataset,"McCallum DRAM (historical) — 1Mx9-100 SIMM @ $30 — Historical, John C. McCallum (jcmit.net) via Internet Archive",false
stanford_memory_prices_d423fe2c2efb363916eb,1986-07-02,2026-08-04T05:05:14Z,stanford_memory_prices,historical_research,DRAM,McCallum DRAM (historical),,unknown,,190000.0,USD,USD/GB,190000.0,,,,https://dam.stanford.edu/assets/memory-prices/memory-prices.csv,Stanford dataset; underlying source: mccallum,research_dataset,"McCallum DRAM (historical) — JDR AT Multifuntion $199.95+49.95+318.60 — Historical, John C. McCallum (jcmit.net) via Internet Archive",false
stanford_memory_prices_d471aaf9efddc899bfe4,2025-10-01,2026-08-04T05:05:14Z,stanford_memory_prices,historical_research,HBM,Packaging cost share,,unknown,,14.82,% of component cost,percent_share,,,,,https://dam.stanford.edu/assets/memory-prices/memory-prices.csv,Stanford dataset; underlying source: epoch.ai,research_dataset,Packaging cost share — Packaging share of AI-accelerator BoM — Epoch AI quarterly estimate (production-volume-weighted across Nvidia/AMD/Google/Amazon),true
stanford_memory_prices_d50f80baf0a04cecdbee,2012-01-30,2026-08-04T05:05:14Z,stanford_memory_prices,historical_research,DDR3,McCallum DRAM (historical),4.0,GB,,4.9,USD,USD/GB,4.9,,,,https://dam.stanford.edu/assets/memory-prices/memory-prices.csv,Stanford dataset; underlying source: mccallum,research_dataset,"McCallum DRAM (historical) — 2x 4GB DIMM DDR3-1600 @ $39.99 + free shipping — Historical, John C. McCallum (jcmit.net) via Internet Archive",false
stanford_memory_prices_d6c217c8fd9d3bb4d26e,2025-02-01,2026-08-04T05:05:14Z,stanford_memory_prices,historical_research,DDR4,DDR4 (Keepa),32.0,GB,2133,1.85813,USD,USD/GB,1.85813,,,,https://dam.stanford.edu/assets/memory-prices/memory-prices.csv,Stanford dataset; underlying source: keepa,research_dataset,DDR4 (Keepa) — G.Skill 32GB (2 x 16G) Ripjaws Series DDR4 PC4-17000 2133MHz Laptop Memory Model F4-2133C1 — Cheapest listed $/GB across the consumer Keepa basket; per-drive posting glitches removed,false
stanford_memory_prices_d6cf834aebbbb1fd0521,2025-01-01,2026-08-04T05:05:14Z,stanford_memory_prices,historical_research,HBM,Packaging cost share,,unknown,,17.2,% of component cost,percent_share,,,,,https://dam.stanford.edu/assets/memory-prices/memory-prices.csv,Stanford dataset; underlying source: epoch.ai,research_dataset,Packaging cost share — Packaging share of AI-accelerator BoM — Epoch AI quarterly estimate (production-volume-weighted across Nvidia/AMD/Google/Amazon),true
stanford_memory_prices_d6fd6851f241009d0628,2025-01-01,2026-08-04T05:05:14Z,stanford_memory_prices,historical_research,HBM,HBM spend,,unknown,,5.5342,USD,usd_billion,,,,,https://dam.stanford.edu/assets/memory-prices/memory-prices.csv,Stanford dataset; underlying source: epoch.ai,research_dataset,HBM spend — HBM quarterly spend (4 designers) — Epoch AI quarterly estimate (production-volume-weighted across Nvidia/AMD/Google/Amazon),true
stanford_memory_prices_d725ff161896734874aa,1999-02-17,2026-08-04T05:05:14Z,stanford_memory_prices,historical_research,DRAM,McCallum DRAM (historical),,unknown,,840.0,USD,USD/GB,840.0,,,,https://dam.stanford.edu/assets/memory-prices/memory-prices.csv,Stanford dataset; underlying source: mccallum,research_dataset,"McCallum DRAM (historical) — 8Mx32-? SIMM FPM [72 pin] @ $27 — Historical, John C. McCallum (jcmit.net) via Internet Archive",false
stanford_memory_prices_d748a13e3bb208ead0bf,2017-12-03,2026-08-04T05:05:14Z,stanford_memory_prices,historical_research,DDR3,McCallum DRAM (historical),8.0,GB,,7.1,USD,USD/GB,7.1,,,,https://dam.stanford.edu/assets/memory-prices/memory-prices.csv,Stanford dataset; underlying source: mccallum,research_dataset,"McCallum DRAM (historical) — 2x 8GB DIMM DDR3-1600 @ $115.99 + free shipping — Historical, John C. McCallum (jcmit.net) via Internet Archive",false
stanford_memory_prices_d7709938fd44e4f68300,2025-07-01,2026-08-04T05:05:14Z,stanford_memory_prices,historical_research,HBM,Auxiliary cost share,,unknown,,9.71,% of component cost,percent_share,,,,,https://dam.stanford.edu/assets/memory-prices/memory-prices.csv,Stanford dataset; underlying source: epoch.ai,research_dataset,Auxiliary cost share — Auxiliary share of AI-accelerator BoM — Epoch AI quarterly estimate (production-volume-weighted across Nvidia/AMD/Google/Amazon),true
stanford_memory_prices_d7e004697a8065b698fd,2020-03-01,2026-08-04T05:05:14Z,stanford_memory_prices,historical_research,NAND,NAND cheapest (Keepa),,unknown,,0.12999,USD,USD/GB,0.12999,,,,https://dam.stanford.edu/assets/memory-prices/memory-prices.csv,Stanford dataset; underlying source: keepa,research_dataset,"NAND cheapest (Keepa) — Silicon Power 2TB w/DRAM Cache NVMe M.2 PCIe Gen3x4 2280 SSD R/W up to 3,400/3,000MB/s (SU — Cheapest listed $/GB across the consumer Keepa basket; per-drive posting glitches removed",false
stanford_memory_prices_d80109246d517572d776,1986-12-03,2026-08-04T05:05:14Z,stanford_memory_prices,historical_research,DRAM,McCallum DRAM (historical),,unknown,,190000.0,USD,USD/GB,190000.0,,,,https://dam.stanford.edu/assets/memory-prices/memory-prices.csv,Stanford dataset; underlying source: mccallum,research_dataset,"McCallum DRAM (historical) — JDR AT Multifuntion $199.95+49.95+318.60 — Historical, John C. McCallum (jcmit.net) via Internet Archive",false
stanford_memory_prices_d8b1be525b7b6d9e02b7,2017-09-01,2026-08-04T05:05:14Z,stanford_memory_prices,historical_research,NAND,NAND cheapest (Keepa),256.0,GB,,0.36711,USD,USD/GB,0.36711,,,,https://dam.stanford.edu/assets/memory-prices/memory-prices.csv,Stanford dataset; underlying source: keepa,research_dataset,NAND cheapest (Keepa) — SK Hynix 256GB M.2 SSD (Solid State Drive) NVMe PCIe Model: HFS256GD9MND-5510A BA - OEM — Cheapest listed $/GB across the consumer Keepa basket; per-drive posting glitches removed,false
stanford_memory_prices_d8c99a98b428a0d34735,1998-10-31,2026-08-04T05:05:14Z,stanford_memory_prices,historical_research,DRAM,McCallum DRAM (historical),,unknown,,840.0,USD,USD/GB,840.0,,,,https://dam.stanford.edu/assets/memory-prices/memory-prices.csv,Stanford dataset; underlying source: mccallum,research_dataset,"McCallum DRAM (historical) — 8Mx32-? SIMM FPM [72 pin] @ $27 — Historical, John C. McCallum (jcmit.net) via Internet Archive",false
stanford_memory_prices_d8d057e497cec0644455,2025-08-01,2026-08-04T05:05:14Z,stanford_memory_prices,historical_research,DDR4,DDR4 (Keepa),16.0,GB,,3.05875,USD,USD/GB,3.05875,,,,https://dam.stanford.edu/assets/memory-prices/memory-prices.csv,Stanford dataset; underlying source: keepa,research_dataset,DDR4 (Keepa) — G.Skill Ripjaws V 16GB DDR4 K2 16GVK 4000 (2x8GB) C18 — Cheapest listed $/GB across the consumer Keepa basket; per-drive posting glitches removed,false
stanford_memory_prices_d9f403cc6cf63b3b790b,2020-05-01,2026-08-04T05:05:14Z,stanford_memory_prices,historical_research,NAND,NAND cheapest (Keepa),,unknown,,0.12499,USD,USD/GB,0.12499,,,,https://dam.stanford.edu/assets/memory-prices/memory-prices.csv,Stanford dataset; underlying source: keepa,research_dataset,NAND cheapest (Keepa) — XPG Gammix S5 1TB PCIe 3D NAND PCIe Gen3x4 M.2 2280 NVMe 1.3 R/W up to 2100/1500MB/s SSD ( — Cheapest listed $/GB across the consumer Keepa basket; per-drive posting glitches removed,false
stanford_memory_prices_d9fdd9f57644f6221d6b,2025-04-01,2026-08-04T05:05:14Z,stanford_memory_prices,historical_research,HBM,Logic spend,,unknown,,1.5063,USD,usd_billion,,,,,https://dam.stanford.edu/assets/memory-prices/memory-prices.csv,Stanford dataset; underlying source: epoch.ai,research_dataset,Logic spend — Logic quarterly spend (4 designers) — Epoch AI quarterly estimate (production-volume-weighted across Nvidia/AMD/Google/Amazon),true
stanford_memory_prices_da3bc22b89225bc71e98,2012-04-01,2026-08-04T05:05:14Z,stanford_memory_prices,historical_research,DDR3,McCallum DRAM (historical),4.0,GB,,5.0,USD,USD/GB,5.0,,,,https://dam.stanford.edu/assets/memory-prices/memory-prices.csv,Stanford dataset; underlying source: mccallum,research_dataset,"McCallum DRAM (historical) — 2x 4GB DIMM DDR3-1333 @ $40.99 + free shipping — Historical, John C. McCallum (jcmit.net) via Internet Archive",false
stanford_memory_prices_da8b91b4c3c83f4b5083,2012-04-30,2026-08-04T05:05:14Z,stanford_memory_prices,historical_research,DDR3,McCallum DRAM (historical),4.0,GB,,4.9,USD,USD/GB,4.9,,,,https://dam.stanford.edu/assets/memory-prices/memory-prices.csv,Stanford dataset; underlying source: mccallum,research_dataset,"McCallum DRAM (historical) — 2x 4GB DIMM DDR3-1333 @ $39.99 + free shipping — Historical, John C. McCallum (jcmit.net) via Internet Archive",false
stanford_memory_prices_daa4961ffa8465f38d1d,2025-07-01,2026-08-04T05:05:14Z,stanford_memory_prices,historical_research,HBM,HBM spend,,unknown,,8.7238,USD,usd_billion,,,,,https://dam.stanford.edu/assets/memory-prices/memory-prices.csv,Stanford dataset; underlying source: epoch.ai,research_dataset,HBM spend — HBM quarterly spend (4 designers) — Epoch AI quarterly estimate (production-volume-weighted across Nvidia/AMD/Google/Amazon),true
stanford_memory_prices_dab8b3fed5a616ca9388,2018-11-01,2026-08-04T05:05:14Z,stanford_memory_prices,historical_research,NAND,NAND cheapest (Keepa),512.0,GB,,0.166,USD,USD/GB,0.166,,,,https://dam.stanford.edu/assets/memory-prices/memory-prices.csv,Stanford dataset; underlying source: keepa,research_dataset,NAND cheapest (Keepa) — ADATA XPG SX6000 PCIe 512GB 3D NAND PCIe Gen3x4 M.2 2280 NVMe 1.2 R/W up to 1000/800MB/s S — Cheapest listed $/GB across the consumer Keepa basket; per-drive posting glitches removed,false
stanford_memory_prices_db81fd49c94dcce7950d,2025-01-01,2026-08-04T05:05:14Z,stanford_memory_prices,historical_research,DDR5,DDR5 (Keepa),48.0,GB,4800,2.75563,USD,USD/GB,2.75563,,,,https://dam.stanford.edu/assets/memory-prices/memory-prices.csv,Stanford dataset; underlying source: keepa,research_dataset,DDR5 (Keepa) — CORSAIR Vengeance SODIMM DDR5 RAM 48GB (2x24GB) 4800MHz CL40 Intel XMP iCUE Compatible Com — Cheapest listed $/GB across the consumer Keepa basket; per-drive posting glitches removed,false
stanford_memory_prices_dc0812b0ca77aa9dcf1e,2024-08-01,2026-08-04T05:05:14Z,stanford_memory_prices,historical_research,DDR5,DDR5 (Keepa),64.0,GB,4800,2.82406,USD,USD/GB,2.82406,,,,https://dam.stanford.edu/assets/memory-prices/memory-prices.csv,Stanford dataset; underlying source: keepa,research_dataset,DDR5 (Keepa) — 64GB DDR5 4800MT/S Module KIT of 2 — Cheapest listed $/GB across the consumer Keepa basket; per-drive posting glitches removed,false
stanford_memory_prices_dc289ce6cc7d639b9c8f,2024-04-01,2026-08-04T05:05:14Z,stanford_memory_prices,historical_research,NAND,NAND cheapest (Keepa),,unknown,,0.04799,USD,USD/GB,0.04799,,,,https://dam.stanford.edu/assets/memory-prices/memory-prices.csv,Stanford dataset; underlying source: keepa,research_dataset,"NAND cheapest (Keepa) — Silicon Power 4TB UD90 NVMe 4.0 Gen4 PCIe M.2 SSD R/W up to 5,000/4,500 MB/s (SP04KGBP44UD — Cheapest listed $/GB across the consumer Keepa basket; per-drive posting glitches removed",false
stanford_memory_prices_dc4f059c0ee6e73bc1ba,2020-10-30,2026-08-04T05:05:14Z,stanford_memory_prices,historical_research,DDR4,McCallum DRAM (historical),16.0,GB,,2.9,USD,USD/GB,2.9,,,,https://dam.stanford.edu/assets/memory-prices/memory-prices.csv,Stanford dataset; underlying source: mccallum,research_dataset,"McCallum DRAM (historical) — 2x 16GB DIMM DDR4-3200 @ $94.99 + free shipping — Historical, John C. McCallum (jcmit.net) via Internet Archive",false
stanford_memory_prices_dc9829b6467c5406d782,1999-07-02,2026-08-04T05:05:14Z,stanford_memory_prices,historical_research,DRAM,McCallum DRAM (historical),,unknown,,780.0,USD,USD/GB,780.0,,,,https://dam.stanford.edu/assets/memory-prices/memory-prices.csv,Stanford dataset; underlying source: mccallum,research_dataset,"McCallum DRAM (historical) — 128 MB DIMM PC-100 @ $99.99 — Historical, John C. McCallum (jcmit.net) via Internet Archive",false
stanford_memory_prices_dca24edf2445fd73932b,1985-07-02,2026-08-04T05:05:14Z,stanford_memory_prices,historical_research,DRAM,McCallum DRAM (historical),,unknown,,420000.0,USD,USD/GB,420000.0,,,,https://dam.stanford.edu/assets/memory-prices/memory-prices.csv,Stanford dataset; underlying source: mccallum,research_dataset,"McCallum DRAM (historical) — IBM 512K $119+7*13 — Historical, John C. McCallum (jcmit.net) via Internet Archive",false
stanford_memory_prices_dcce0d003c2ab3f97a48,2025-01-01,2026-08-04T05:05:14Z,stanford_memory_prices,historical_research,HBM,Packaging spend,,unknown,,1.6949,USD,usd_billion,,,,,https://dam.stanford.edu/assets/memory-prices/memory-prices.csv,Stanford dataset; underlying source: epoch.ai,research_dataset,Packaging spend — Packaging quarterly spend (4 designers) — Epoch AI quarterly estimate (production-volume-weighted across Nvidia/AMD/Google/Amazon),true
stanford_memory_prices_dd2b015b3d47e7a238b6,2019-01-01,2026-08-04T05:05:14Z,stanford_memory_prices,historical_research,DDR3,McCallum DRAM (historical),8.0,GB,,4.3,USD,USD/GB,4.3,,,,https://dam.stanford.edu/assets/memory-prices/memory-prices.csv,Stanford dataset; underlying source: mccallum,research_dataset,"McCallum DRAM (historical) — 2x 8GB DIMM DDR3L-1600 @ $69.99 + free shipping — Historical, John C. McCallum (jcmit.net) via Internet Archive",false
stanford_memory_prices_dd41f26fedf78a224770,2001-06-03,2026-08-04T05:05:14Z,stanford_memory_prices,historical_research,DRAM,McCallum DRAM (historical),,unknown,,300.0,USD,USD/GB,300.0,,,,https://dam.stanford.edu/assets/memory-prices/memory-prices.csv,Stanford dataset; underlying source: mccallum,research_dataset,"McCallum DRAM (historical) — 128 MB DIMM PC-133 @ $39 — Historical, John C. McCallum (jcmit.net) via Internet Archive",false
stanford_memory_prices_de89949c07b21fde7d5a,2022-12-03,2026-08-04T05:05:14Z,stanford_memory_prices,historical_research,DDR4,McCallum DRAM (historical),16.0,GB,,2.1,USD,USD/GB,2.1,,,,https://dam.stanford.edu/assets/memory-prices/memory-prices.csv,Stanford dataset; underlying source: mccallum,research_dataset,"McCallum DRAM (historical) — 2x 16GB DIMM DDR4-2400 @ $68.99 + free shipping — Historical, John C. McCallum (jcmit.net) via Internet Archive",false
stanford_memory_prices_dea3730781da5fa34136,2002-08-01,2026-08-04T05:05:14Z,stanford_memory_prices,historical_research,DRAM,McCallum DRAM (historical),,unknown,,193.0,USD,USD/GB,193.0,,,,https://dam.stanford.edu/assets/memory-prices/memory-prices.csv,Stanford dataset; underlying source: mccallum,research_dataset,"McCallum DRAM (historical) — 256 MB DIMM PC-133 @ $49.49 — Historical, John C. McCallum (jcmit.net) via Internet Archive",false
stanford_memory_prices_deba30ff06fb47623c5c,2010-12-03,2026-08-04T05:05:14Z,stanford_memory_prices,historical_research,DDR3,McCallum DRAM (historical),4.0,GB,,12.2,USD,USD/GB,12.2,,,,https://dam.stanford.edu/assets/memory-prices/memory-prices.csv,Stanford dataset; underlying source: mccallum,research_dataset,"McCallum DRAM (historical) — 2x 4GB DIMM DDR3-1333 @ $99.99 + free shipping — Historical, John C. McCallum (jcmit.net) via Internet Archive",false
stanford_memory_prices_ded48ce3536d75314659,2024-10-01,2026-08-04T05:05:14Z,stanford_memory_prices,historical_research,HBM,Logic spend,,unknown,,1.2289,USD,usd_billion,,,,,https://dam.stanford.edu/assets/memory-prices/memory-prices.csv,Stanford dataset; underlying source: epoch.ai,research_dataset,Logic spend — Logic quarterly spend (4 designers) — Epoch AI quarterly estimate (production-volume-weighted across Nvidia/AMD/Google/Amazon),true
stanford_memory_prices_defca0af05e983736eb6,2020-04-30,2026-08-04T05:05:14Z,stanford_memory_prices,historical_research,DDR4,McCallum DRAM (historical),16.0,GB,,3.5,USD,USD/GB,3.5,,,,https://dam.stanford.edu/assets/memory-prices/memory-prices.csv,Stanford dataset; underlying source: mccallum,research_dataset,"McCallum DRAM (historical) — 2x 16GB DIMM DDR4-2666 @ $114.99 + free shipping — Historical, John C. McCallum (jcmit.net) via Internet Archive",false
stanford_memory_prices_deff21edfbc877918046,2024-04-01,2026-08-04T05:05:14Z,stanford_memory_prices,historical_research,HBM,Auxiliary spend,,unknown,,0.6061,USD,usd_billion,,,,,https://dam.stanford.edu/assets/memory-prices/memory-prices.csv,Stanford dataset; underlying source: epoch.ai,research_dataset,Auxiliary spend — Auxiliary quarterly spend (4 designers) — Epoch AI quarterly estimate (production-volume-weighted across Nvidia/AMD/Google/Amazon),true
stanford_memory_prices_df7a818c1abd253d6b92,2025-05-01,2026-08-04T05:05:14Z,stanford_memory_prices,historical_research,DDR3,DDR3 (Keepa),16.0,GB,1333,1.49875,USD,USD/GB,1.49875,,,,https://dam.stanford.edu/assets/memory-prices/memory-prices.csv,Stanford dataset; underlying source: keepa,research_dataset,DDR3 (Keepa) — A-Tech 16GB Kit (2x8GB) RAM for Acer TravelMate 5760ZG | DDR3 1333MHz PC3-10600 SODIMM 204 — Cheapest listed $/GB across the consumer Keepa basket; per-drive posting glitches removed,false
stanford_memory_prices_df817d156a50f1bc947d,1989-08-01,2026-08-04T05:05:14Z,stanford_memory_prices,historical_research,DRAM,McCallum DRAM (historical),,unknown,,188000.0,USD,USD/GB,188000.0,,,,https://dam.stanford.edu/assets/memory-prices/memory-prices.csv,Stanford dataset; underlying source: mccallum,research_dataset,"McCallum DRAM (historical) — Everex RAM II 4M-EMS $249+36*14. — Historical, John C. McCallum (jcmit.net) via Internet Archive",false
stanford_memory_prices_df96d43043374925ba6f,2023-06-03,2026-08-04T05:05:14Z,stanford_memory_prices,historical_research,DDR4,McCallum DRAM (historical),32.0,GB,,1.43,USD,USD/GB,1.43,,,,https://dam.stanford.edu/assets/memory-prices/memory-prices.csv,Stanford dataset; underlying source: mccallum,research_dataset,"McCallum DRAM (historical) — 2x 32GB DIMM DDR4-2666 @ $93.99 + free shipping — Historical, John C. McCallum (jcmit.net) via Internet Archive",false
stanford_memory_prices_e00287d5faf26cee8892,1997-12-03,2026-08-04T05:05:14Z,stanford_memory_prices,historical_research,DRAM,McCallum DRAM (historical),,unknown,,2160.0,USD,USD/GB,2160.0,,,,https://dam.stanford.edu/assets/memory-prices/memory-prices.csv,Stanford dataset; underlying source: mccallum,research_dataset,"McCallum DRAM (historical) — 8Mx32-? SIMM EDO [72 pin] @ $69 — Historical, John C. McCallum (jcmit.net) via Internet Archive",false
stanford_memory_prices_e0a9fcc2a6d418f0fc3a,2008-10-30,2026-08-04T05:05:14Z,stanford_memory_prices,historical_research,DRAM,McCallum DRAM (historical),2.0,GB,,11.0,USD,USD/GB,11.0,,,,https://dam.stanford.edu/assets/memory-prices/memory-prices.csv,Stanford dataset; underlying source: mccallum,research_dataset,"McCallum DRAM (historical) — 2x 2GB DIMM DDR2-800 @ $49.99 + free shipping — Historical, John C. McCallum (jcmit.net) via Internet Archive",false
stanford_memory_prices_e0e00070a9b40397a36d,2024-02-01,2026-08-04T05:05:14Z,stanford_memory_prices,historical_research,NAND,NAND cheapest (Keepa),,unknown,,0.04125,USD,USD/GB,0.04125,,,,https://dam.stanford.edu/assets/memory-prices/memory-prices.csv,Stanford dataset; underlying source: keepa,research_dataset,"NAND cheapest (Keepa) — Crucial P3 PCIe Gen3 NVMe 4TB SSD, Up to 3,500MB/s Read, Laptop & Desktop (PC) Compatible, — Cheapest listed $/GB across the consumer Keepa basket; per-drive posting glitches removed",false
stanford_memory_prices_e0e62a8040d40e94f111,2015-10-02,2026-08-04T05:05:14Z,stanford_memory_prices,historical_research,DDR3,McCallum DRAM (historical),8.0,GB,,4.2,USD,USD/GB,4.2,,,,https://dam.stanford.edu/assets/memory-prices/memory-prices.csv,Stanford dataset; underlying source: mccallum,research_dataset,"McCallum DRAM (historical) — 2x 8GB DIMM DDR3-1600 @ $68.99 + free shipping — Historical, John C. McCallum (jcmit.net) via Internet Archive",false
stanford_memory_prices_e11c73bfc730fbe79d50,2012-06-01,2026-08-04T05:05:14Z,stanford_memory_prices,historical_research,NAND,NAND SSD (anchor),,unknown,,1.0,USD,USD/GB,1.0,,,,https://dam.stanford.edu/assets/memory-prices/memory-prices.csv,Stanford dataset; underlying source: manual,research_dataset,NAND SSD (anchor) — ~$1/GB — Approximate (general SSD price-history),false
stanford_memory_prices_e16adc6d02a743e2dd9a,1987-07-02,2026-08-04T05:05:14Z,stanford_memory_prices,historical_research,DRAM,McCallum DRAM (historical),,unknown,,154000.0,USD,USD/GB,154000.0,,,,https://dam.stanford.edu/assets/memory-prices/memory-prices.csv,Stanford dataset; underlying source: mccallum,research_dataset,"McCallum DRAM (historical) — JDR MCT-ATRAM 4MB $149.95+39.95+4*36*2.95 — Historical, John C. McCallum (jcmit.net) via Internet Archive",false
stanford_memory_prices_e1b2f07cd965a3d2875f,2019-07-02,2026-08-04T05:05:14Z,stanford_memory_prices,historical_research,DDR4,McCallum DRAM (historical),8.0,GB,,2.7,USD,USD/GB,2.7,,,,https://dam.stanford.edu/assets/memory-prices/memory-prices.csv,Stanford dataset; underlying source: mccallum,research_dataset,"McCallum DRAM (historical) — 2x 8GB DIMM DDR4-2400 @ $44.99 + free shipping — Historical, John C. McCallum (jcmit.net) via Internet Archive",false
stanford_memory_prices_e1cebdd72ef87440d420,2025-03-01,2026-08-04T05:05:14Z,stanford_memory_prices,historical_research,DDR3,DDR3 (Keepa),8.0,Gb,1333,2.27188,USD,USD/GB,2.27188,,,,https://dam.stanford.edu/assets/memory-prices/memory-prices.csv,Stanford dataset; underlying source: keepa,research_dataset,DDR3 (Keepa) — AddOn Add-onputer Peripherals L Addon Cisco Ucs-mr-2x082rx-b Compatible 2x8gb Ddr3-1333mhz — Cheapest listed $/GB across the consumer Keepa basket; per-drive posting glitches removed,false
stanford_memory_prices_e2ca72060aea13048753,2025-04-01,2026-08-04T05:05:14Z,stanford_memory_prices,historical_research,DDR4,DDR4 (Keepa),32.0,GB,2133,1.75344,USD,USD/GB,1.75344,,,,https://dam.stanford.edu/assets/memory-prices/memory-prices.csv,Stanford dataset; underlying source: keepa,research_dataset,DDR4 (Keepa) — G.Skill 32GB (2 x 16G) Ripjaws Series DDR4 PC4-17000 2133MHz Laptop Memory Model F4-2133C1 — Cheapest listed $/GB across the consumer Keepa basket; per-drive posting glitches removed,false
stanford_memory_prices_e331cac903ba43ae0a2e,2023-05-01,2026-08-04T05:05:14Z,stanford_memory_prices,historical_research,NAND,NAND cheapest (Keepa),,unknown,,0.03999,USD,USD/GB,0.03999,,,,https://dam.stanford.edu/assets/memory-prices/memory-prices.csv,Stanford dataset; underlying source: keepa,research_dataset,"NAND cheapest (Keepa) — Silicon Power 2TB w/DRAM Cache NVMe M.2 PCIe Gen3x4 2280 SSD R/W up to 3,400/3,000MB/s (SU — Cheapest listed $/GB across the consumer Keepa basket; per-drive posting glitches removed",false
stanford_memory_prices_e5524335a55aacd26925,2018-09-03,2026-08-04T05:05:14Z,stanford_memory_prices,historical_research,DDR3,McCallum DRAM (historical),8.0,GB,,5.5,USD,USD/GB,5.5,,,,https://dam.stanford.edu/assets/memory-prices/memory-prices.csv,Stanford dataset; underlying source: mccallum,research_dataset,"McCallum DRAM (historical) — 2x 8GB DIMM DDR3-1600 @ $89.99 + free shipping — Historical, John C. McCallum (jcmit.net) via Internet Archive",false
stanford_memory_prices_e728981481ca5b778280,1997-03-04,2026-08-04T05:05:14Z,stanford_memory_prices,historical_research,DRAM,McCallum DRAM (historical),,unknown,,3000.0,USD,USD/GB,3000.0,,,,https://dam.stanford.edu/assets/memory-prices/memory-prices.csv,Stanford dataset; underlying source: mccallum,research_dataset,"McCallum DRAM (historical) — 2Mx32-60 SIMM EDO [72 pin] @ $24 — Historical, John C. McCallum (jcmit.net) via Internet Archive",false
stanford_memory_prices_e7870b2ccdee4003f872,2019-10-02,2026-08-04T05:05:14Z,stanford_memory_prices,historical_research,DDR4,McCallum DRAM (historical),16.0,GB,,3.1,USD,USD/GB,3.1,,,,https://dam.stanford.edu/assets/memory-prices/memory-prices.csv,Stanford dataset; underlying source: mccallum,research_dataset,"McCallum DRAM (historical) — 2x 16GB DIMM DDR4-2666 @ $99.99 + free shipping — Historical, John C. McCallum (jcmit.net) via Internet Archive",false
stanford_memory_prices_e78e49cbbe7d2e5a36a3,1985-09-03,2026-08-04T05:05:14Z,stanford_memory_prices,historical_research,DRAM,McCallum DRAM (historical),,unknown,,300000.0,USD,USD/GB,300000.0,,,,https://dam.stanford.edu/assets/memory-prices/memory-prices.csv,Stanford dataset; underlying source: mccallum,research_dataset,"McCallum DRAM (historical) — 2MB J-RAM-2 A&T $599 — Historical, John C. McCallum (jcmit.net) via Internet Archive",false
stanford_memory_prices_e7c9e3bf8d40ff35a454,2024-12-01,2026-08-04T05:05:14Z,stanford_memory_prices,historical_research,DDR4,DRAM cheapest (Keepa),32.0,GB,2133,1.83281,USD,USD/GB,1.83281,,,,https://dam.stanford.edu/assets/memory-prices/memory-prices.csv,Stanford dataset; underlying source: keepa,research_dataset,DRAM cheapest (Keepa) — G.Skill 32GB (2 x 16G) Ripjaws Series DDR4 PC4-17000 2133MHz Laptop Memory Model F4-2133C1 — Cheapest listed $/GB across the consumer Keepa basket; per-drive posting glitches removed,false
stanford_memory_prices_e88942e9ec01d6116f81,2019-09-03,2026-08-04T05:05:14Z,stanford_memory_prices,historical_research,DDR4,McCallum DRAM (historical),8.0,GB,,3.3,USD,USD/GB,3.3,,,,https://dam.stanford.edu/assets/memory-prices/memory-prices.csv,Stanford dataset; underlying source: mccallum,research_dataset,"McCallum DRAM (historical) — 2x 8GB DIMM DDR4-2666 @ $53.99 + free shipping — Historical, John C. McCallum (jcmit.net) via Internet Archive",false
stanford_memory_prices_e90764016e6ef0e66ec8,2021-09-01,2026-08-04T05:05:14Z,stanford_memory_prices,historical_research,NAND,NAND cheapest (Keepa),500.0,GB,,0.09142,USD,USD/GB,0.09142,,,,https://dam.stanford.edu/assets/memory-prices/memory-prices.csv,Stanford dataset; underlying source: keepa,research_dataset,NAND cheapest (Keepa) — Mushkin Helix-LT – 500GB PCIe NVMe 1.3 – M.2 (2280) Internal Solid State Drive (SSD) – Gen — Cheapest listed $/GB across the consumer Keepa basket; per-drive posting glitches removed,false
stanford_memory_prices_e937d0d9874bb5ecb145,2018-09-01,2026-08-04T05:05:14Z,stanford_memory_prices,historical_research,NAND,NAND cheapest (Keepa),512.0,GB,,0.17771,USD,USD/GB,0.17771,,,,https://dam.stanford.edu/assets/memory-prices/memory-prices.csv,Stanford dataset; underlying source: keepa,research_dataset,NAND cheapest (Keepa) — ADATA XPG SX6000 PCIe 512GB 3D NAND PCIe Gen3x4 M.2 2280 NVMe 1.2 R/W up to 1000/800MB/s S — Cheapest listed $/GB across the consumer Keepa basket; per-drive posting glitches removed,false
stanford_memory_prices_e99cd90974dc3e564244,2018-07-02,2026-08-04T05:05:14Z,stanford_memory_prices,historical_research,DDR3,McCallum DRAM (historical),8.0,GB,,6.8,USD,USD/GB,6.8,,,,https://dam.stanford.edu/assets/memory-prices/memory-prices.csv,Stanford dataset; underlying source: mccallum,research_dataset,"McCallum DRAM (historical) — 2x 8GB DIMM DDR3-1600 @ $109.99 + $0.99 shipping — Historical, John C. McCallum (jcmit.net) via Internet Archive",false
stanford_memory_prices_ea95d0974f2f65589f74,2018-03-04,2026-08-04T05:05:14Z,stanford_memory_prices,historical_research,DDR3,McCallum DRAM (historical),8.0,GB,,7.0,USD,USD/GB,7.0,,,,https://dam.stanford.edu/assets/memory-prices/memory-prices.csv,Stanford dataset; underlying source: mccallum,research_dataset,"McCallum DRAM (historical) — 2x 8GB DIMM DDR3-1600 @ $113.99 + free shipping — Historical, John C. McCallum (jcmit.net) via Internet Archive",false
stanford_memory_prices_eb9c6934e5e10bbb7d90,2022-10-01,2026-08-04T05:05:14Z,stanford_memory_prices,historical_research,NAND,NAND cheapest (Keepa),,unknown,,0.05599,USD,USD/GB,0.05599,,,,https://dam.stanford.edu/assets/memory-prices/memory-prices.csv,Stanford dataset; underlying source: keepa,research_dataset,NAND cheapest (Keepa) — LEVEN JP600 1TB Up to 2100 MB/s PCIe NVMe Internal SSD (Solid State Drive)- Gen3x4 M.2 228 — Cheapest listed $/GB across the consumer Keepa basket; per-drive posting glitches removed,false
stanford_memory_prices_ec09872d47315fbcddfa,1992-10-30,2026-08-04T05:05:14Z,stanford_memory_prices,historical_research,DRAM,McCallum DRAM (historical),,unknown,,26300.0,USD,USD/GB,26300.0,,,,https://dam.stanford.edu/assets/memory-prices/memory-prices.csv,Stanford dataset; underlying source: mccallum,research_dataset,"McCallum DRAM (historical) — 4Mx9-80 SIMM @ $105 — Historical, John C. McCallum (jcmit.net) via Internet Archive",false
stanford_memory_prices_ecfa96da64219a66716b,1993-01-01,2026-08-04T05:05:14Z,stanford_memory_prices,historical_research,DRAM,McCallum DRAM (historical),,unknown,,33100.0,USD,USD/GB,33100.0,,,,https://dam.stanford.edu/assets/memory-prices/memory-prices.csv,Stanford dataset; underlying source: mccallum,research_dataset,"McCallum DRAM (historical) — 4Mx36-?? SIMM @ $526 — Historical, John C. McCallum (jcmit.net) via Internet Archive",false
stanford_memory_prices_ed927d9a1588454944aa,2006-09-03,2026-08-04T05:05:14Z,stanford_memory_prices,historical_research,DRAM,McCallum DRAM (historical),1.0,GB,,73.0,USD,USD/GB,73.0,,,,https://dam.stanford.edu/assets/memory-prices/memory-prices.csv,Stanford dataset; underlying source: mccallum,research_dataset,"McCallum DRAM (historical) — 2x 1GB DIMM DDR2-667 @ $179.99-rebate+shipping — Historical, John C. McCallum (jcmit.net) via Internet Archive",false
stanford_memory_prices_edafd194db425b594607,2009-12-03,2026-08-04T05:05:14Z,stanford_memory_prices,historical_research,DRAM,McCallum DRAM (historical),2.0,GB,,20.5,USD,USD/GB,20.5,,,,https://dam.stanford.edu/assets/memory-prices/memory-prices.csv,Stanford dataset; underlying source: mccallum,research_dataset,"McCallum DRAM (historical) — 2GB DIMM DDR2-800 @ $41.99 + free shipping — Historical, John C. McCallum (jcmit.net) via Internet Archive",false
stanford_memory_prices_eec1c0a1bb06e0b3aad7,1990-10-31,2026-08-04T05:05:14Z,stanford_memory_prices,historical_research,DRAM,McCallum DRAM (historical),,unknown,,51000.0,USD,USD/GB,51000.0,,,,https://dam.stanford.edu/assets/memory-prices/memory-prices.csv,Stanford dataset; underlying source: mccallum,research_dataset,"McCallum DRAM (historical) — 1Mx9-80 SIMM @ $51 — Historical, John C. McCallum (jcmit.net) via Internet Archive",false
stanford_memory_prices_eee9f684c792da214fc3,2026-03-01,2026-08-04T05:05:14Z,stanford_memory_prices,historical_research,DDR3,DRAM cheapest (Keepa),16.0,GB,1333,4.71687,USD,USD/GB,4.71687,,,,https://dam.stanford.edu/assets/memory-prices/memory-prices.csv,Stanford dataset; underlying source: keepa,research_dataset,DRAM cheapest (Keepa) — A-Tech 16GB Kit (2x8GB) RAM for Acer TravelMate 5760ZG | DDR3 1333MHz PC3-10600 SODIMM 204 — Cheapest listed $/GB across the consumer Keepa basket; per-drive posting glitches removed,false
stanford_memory_prices_eeee0868de8088816e53,2018-10-31,2026-08-04T05:05:14Z,stanford_memory_prices,historical_research,DDR3,McCallum DRAM (historical),8.0,GB,,5.1,USD,USD/GB,5.1,,,,https://dam.stanford.edu/assets/memory-prices/memory-prices.csv,Stanford dataset; underlying source: mccallum,research_dataset,"McCallum DRAM (historical) — 2x 8GB DIMM DDR3L-1600 @ $82.99 + free shipping — Historical, John C. McCallum (jcmit.net) via Internet Archive",false
stanford_memory_prices_eef68f3a7b9522cfc94f,2026-03-01,2026-08-04T05:05:14Z,stanford_memory_prices,historical_research,DDR4,DDR4 (Keepa),32.0,GB,,7.21781,USD,USD/GB,7.21781,,,,https://dam.stanford.edu/assets/memory-prices/memory-prices.csv,Stanford dataset; underlying source: keepa,research_dataset,"DDR4 (Keepa) — parts-quick 32GB Memory for HP ProBook 455 G5, 470 G5 Compatible RAM Upgrade DDR4-2666 SOD — Cheapest listed $/GB across the consumer Keepa basket; per-drive posting glitches removed",false
stanford_memory_prices_ef2a4c483845cacc03e5,1993-03-04,2026-08-04T05:05:14Z,stanford_memory_prices,historical_research,DRAM,McCallum DRAM (historical),,unknown,,27500.0,USD,USD/GB,27500.0,,,,https://dam.stanford.edu/assets/memory-prices/memory-prices.csv,Stanford dataset; underlying source: mccallum,research_dataset,"McCallum DRAM (historical) — 4Mx9-70 SIMM @ $110 — Historical, John C. McCallum (jcmit.net) via Internet Archive",false
stanford_memory_prices_ef357373d463a19aefce,2024-12-01,2026-08-04T05:05:14Z,stanford_memory_prices,historical_research,DDR5,DDR5 (Keepa),32.0,GB,5600,1.83719,USD,USD/GB,1.83719,,,,https://dam.stanford.edu/assets/memory-prices/memory-prices.csv,Stanford dataset; underlying source: keepa,research_dataset,DDR5 (Keepa) — 32GB DDR5 5600MT/S SODIMM KIT of 2 — Cheapest listed $/GB across the consumer Keepa basket; per-drive posting glitches removed,false
stanford_memory_prices_ef40de96ead0f849562e,2010-10-02,2026-08-04T05:05:14Z,stanford_memory_prices,historical_research,DDR3,McCallum DRAM (historical),2.0,GB,,17.1,USD,USD/GB,17.1,,,,https://dam.stanford.edu/assets/memory-prices/memory-prices.csv,Stanford dataset; underlying source: mccallum,research_dataset,"McCallum DRAM (historical) — 2x 2GB DIMM DDR3-1066 @ $69.99 + free shipping — Historical, John C. McCallum (jcmit.net) via Internet Archive",false
stanford_memory_prices_ef962ae7a7b09121b57c,1986-10-02,2026-08-04T05:05:14Z,stanford_memory_prices,historical_research,DRAM,McCallum DRAM (historical),,unknown,,190000.0,USD,USD/GB,190000.0,,,,https://dam.stanford.edu/assets/memory-prices/memory-prices.csv,Stanford dataset; underlying source: mccallum,research_dataset,"McCallum DRAM (historical) — JDR AT Multifuntion $199.95+49.95+318.60 — Historical, John C. McCallum (jcmit.net) via Internet Archive",false
stanford_memory_prices_f034908ea5dcd43d9665,2021-04-01,2026-08-04T05:05:14Z,stanford_memory_prices,historical_research,NAND,NAND cheapest (Keepa),,unknown,,0.104,USD,USD/GB,0.104,,,,https://dam.stanford.edu/assets/memory-prices/memory-prices.csv,Stanford dataset; underlying source: keepa,research_dataset,NAND cheapest (Keepa) — Crucial P2 2TB 3D NAND NVMe PCIe M.2 SSD Up to 2400MB/s - CT2000P2SSD8 — Cheapest listed $/GB across the consumer Keepa basket; per-drive posting glitches removed,false
stanford_memory_prices_f03a2c60e1b378eee482,2001-04-02,2026-08-04T05:05:14Z,stanford_memory_prices,historical_research,DRAM,McCallum DRAM (historical),,unknown,,380.0,USD,USD/GB,380.0,,,,https://dam.stanford.edu/assets/memory-prices/memory-prices.csv,Stanford dataset; underlying source: mccallum,research_dataset,"McCallum DRAM (historical) — 128 MB DIMM PC-133 @ $49 — Historical, John C. McCallum (jcmit.net) via Internet Archive",false
stanford_memory_prices_f065f4e4d7338e7fdb81,1976-01-01,2026-08-04T05:05:14Z,stanford_memory_prices,historical_research,DRAM,McCallum DRAM (historical),,unknown,,40704000.0,USD,USD/GB,40704000.0,,,,https://dam.stanford.edu/assets/memory-prices/memory-prices.csv,Stanford dataset; underlying source: mccallum,research_dataset,"McCallum DRAM (historical) — Altair 4K Static(2102) RAM Board — Historical, John C. McCallum (jcmit.net) via Internet Archive",false
stanford_memory_prices_f0b2cf287010c9d2d358,1987-08-01,2026-08-04T05:05:14Z,stanford_memory_prices,historical_research,DRAM,McCallum DRAM (historical),,unknown,,154000.0,USD,USD/GB,154000.0,,,,https://dam.stanford.edu/assets/memory-prices/memory-prices.csv,Stanford dataset; underlying source: mccallum,research_dataset,"McCallum DRAM (historical) — JDR MCT-ATRAM 4MB $149.95+39.95+4*36*2.95 — Historical, John C. McCallum (jcmit.net) via Internet Archive",false
stanford_memory_prices_f0c7153dc303e78078cf,1985-01-01,2026-08-04T05:05:14Z,stanford_memory_prices,historical_research,DRAM,McCallum DRAM (historical),,unknown,,880000.0,USD,USD/GB,880000.0,,,,https://dam.stanford.edu/assets/memory-prices/memory-prices.csv,Stanford dataset; underlying source: mccallum,research_dataset,"McCallum DRAM (historical) — IBM 512K $199.95+8*29.97 — Historical, John C. McCallum (jcmit.net) via Internet Archive",false
stanford_memory_prices_f1d147446c50080f3e33,2025-05-01,2026-08-04T05:05:14Z,stanford_memory_prices,historical_research,DDR4,DDR4 (Keepa),8.0,GB,2133,1.74875,USD,USD/GB,1.74875,,,,https://dam.stanford.edu/assets/memory-prices/memory-prices.csv,Stanford dataset; underlying source: keepa,research_dataset,DDR4 (Keepa) — A-Tech 8GB RAM for Intel NUC7i3DNKTC NUC 7 Business Mini PC | DDR4 2133MHz PC4-17000 1.2V — Cheapest listed $/GB across the consumer Keepa basket; per-drive posting glitches removed,false
stanford_memory_prices_f1d84df3684ac34c2213,2026-04-01,2026-08-04T05:05:14Z,stanford_memory_prices,historical_research,NAND,NAND cheapest (Keepa),,unknown,,0.096,USD,USD/GB,0.096,,,,https://dam.stanford.edu/assets/memory-prices/memory-prices.csv,Stanford dataset; underlying source: keepa,research_dataset,NAND cheapest (Keepa) — SAMSUNG 1TB M.2 2230 30mm PM991a NVMe PCIe Gen3 x4 TLC SSD (MZ9LQ1T0HBLB) for Xbox Surface — Cheapest listed $/GB across the consumer Keepa basket; per-drive posting glitches removed,false
stanford_memory_prices_f20a0522440a7efd0e57,2002-10-02,2026-08-04T05:05:14Z,stanford_memory_prices,historical_research,DRAM,McCallum DRAM (historical),,unknown,,193.0,USD,USD/GB,193.0,,,,https://dam.stanford.edu/assets/memory-prices/memory-prices.csv,Stanford dataset; underlying source: mccallum,research_dataset,"McCallum DRAM (historical) — 256 MB DIMM PC-133 @ $49.49 — Historical, John C. McCallum (jcmit.net) via Internet Archive",false
stanford_memory_prices_f22118c93999ff496c59,1983-09-03,2026-08-04T05:05:14Z,stanford_memory_prices,historical_research,DRAM,McCallum DRAM (historical),,unknown,,1980000.0,USD,USD/GB,1980000.0,,,,https://dam.stanford.edu/assets/memory-prices/memory-prices.csv,Stanford dataset; underlying source: mccallum,research_dataset,"McCallum DRAM (historical) — California Digital — Historical, John C. McCallum (jcmit.net) via Internet Archive",false
stanford_memory_prices_f2c4568d0765d8bd419e,1998-10-02,2026-08-04T05:05:14Z,stanford_memory_prices,historical_research,DRAM,McCallum DRAM (historical),,unknown,,1160.0,USD,USD/GB,1160.0,,,,https://dam.stanford.edu/assets/memory-prices/memory-prices.csv,Stanford dataset; underlying source: mccallum,research_dataset,"McCallum DRAM (historical) — 8Mx32-? SIMM EDO [72 pin] @ $37 — Historical, John C. McCallum (jcmit.net) via Internet Archive",false
stanford_memory_prices_f2d86783f7f1981ada8b,2026-01-01,2026-08-04T05:05:14Z,stanford_memory_prices,historical_research,DDR3,DDR3 (Keepa),2.0,GB,1600,2.85,USD,USD/GB,2.85,,,,https://dam.stanford.edu/assets/memory-prices/memory-prices.csv,Stanford dataset; underlying source: keepa,research_dataset,"DDR3 (Keepa) — HYNIX HMT325S6EFR8A-PB 1600 MHZ, 2 GB, DDR3, RAM Stick — Cheapest listed $/GB across the consumer Keepa basket; per-drive posting glitches removed",false
stanford_memory_prices_f377846f7517248e894e,2024-03-01,2026-08-04T05:05:14Z,stanford_memory_prices,historical_research,NAND,NAND cheapest (Keepa),,unknown,,0.0475,USD,USD/GB,0.0475,,,,https://dam.stanford.edu/assets/memory-prices/memory-prices.csv,Stanford dataset; underlying source: keepa,research_dataset,"NAND cheapest (Keepa) — LEVEN JPS800 4TB PCIe Gen4 Speed up to 5,000MB/s 3D NAND NVMe M.2 SSD with Thermal Pad and — Cheapest listed $/GB across the consumer Keepa basket; per-drive posting glitches removed",false
stanford_memory_prices_f406e8f24be952fedec1,2025-10-01,2026-08-04T05:05:14Z,stanford_memory_prices,historical_research,DDR4,DRAM cheapest (Keepa),8.0,GB,2133,2.44375,USD,USD/GB,2.44375,,,,https://dam.stanford.edu/assets/memory-prices/memory-prices.csv,Stanford dataset; underlying source: keepa,research_dataset,DRAM cheapest (Keepa) — A-Tech 8GB RAM for Intel NUC7i3DNKTC NUC 7 Business Mini PC | DDR4 2133MHz PC4-17000 1.2V — Cheapest listed $/GB across the consumer Keepa basket; per-drive posting glitches removed,false
stanford_memory_prices_f407feddcff659c59c2f,2017-06-03,2026-08-04T05:05:14Z,stanford_memory_prices,historical_research,DDR3,McCallum DRAM (historical),8.0,GB,,5.5,USD,USD/GB,5.5,,,,https://dam.stanford.edu/assets/memory-prices/memory-prices.csv,Stanford dataset; underlying source: mccallum,research_dataset,"McCallum DRAM (historical) — 2x 8GB DIMM DDR3-1600 @ $89.99 + free shipping — Historical, John C. McCallum (jcmit.net) via Internet Archive",false
stanford_memory_prices_f53385884127e02aaa44,1975-04-02,2026-08-04T05:05:14Z,stanford_memory_prices,historical_research,DRAM,McCallum DRAM (historical),,unknown,,67584000.0,USD,USD/GB,67584000.0,,,,https://dam.stanford.edu/assets/memory-prices/memory-prices.csv,Stanford dataset; underlying source: mccallum,research_dataset,"McCallum DRAM (historical) — Altair 4K DRAM Board — Historical, John C. McCallum (jcmit.net) via Internet Archive",false
stanford_memory_prices_f54ff29092f7bd9178cf,1996-04-01,2026-08-04T05:05:14Z,stanford_memory_prices,historical_research,DRAM,McCallum DRAM (historical),,unknown,,24700.0,USD,USD/GB,24700.0,,,,https://dam.stanford.edu/assets/memory-prices/memory-prices.csv,Stanford dataset; underlying source: mccallum,research_dataset,"McCallum DRAM (historical) — 4Mx36-70 SIMM [72 pin] @ $395 — Historical, John C. McCallum (jcmit.net) via Internet Archive",false
stanford_memory_prices_f5e8c246fee6bdbece1e,1991-05-01,2026-08-04T05:05:14Z,stanford_memory_prices,historical_research,DRAM,McCallum DRAM (historical),,unknown,,45000.0,USD,USD/GB,45000.0,,,,https://dam.stanford.edu/assets/memory-prices/memory-prices.csv,Stanford dataset; underlying source: mccallum,research_dataset,"McCallum DRAM (historical) — 1Mx9-100 SIMM @ $45 — Historical, John C. McCallum (jcmit.net) via Internet Archive",false
stanford_memory_prices_f5eea7130f5212d9220a,2022-12-01,2026-08-04T05:05:14Z,stanford_memory_prices,historical_research,HBM,HBM $/GB,24.0,GB,,9.0,USD,USD/GB,9.0,,,,https://dam.stanford.edu/assets/memory-prices/memory-prices.csv,Stanford dataset; underlying source: semianalysis,research_dataset,HBM $/GB — HBM3 ~$9/GB (~$200 per 24GB stack) — SemiAnalysis / industry reports 2022-23,true
stanford_memory_prices_f6690d8ddbd7e2ef73bd,2021-05-01,2026-08-04T05:05:14Z,stanford_memory_prices,historical_research,DDR4,McCallum DRAM (historical),32.0,GB,,3.5,USD,USD/GB,3.5,,,,https://dam.stanford.edu/assets/memory-prices/memory-prices.csv,Stanford dataset; underlying source: mccallum,research_dataset,"McCallum DRAM (historical) — 2x 32GB DIMM DDR4-2666 @ $229.99 + free shipping — Historical, John C. McCallum (jcmit.net) via Internet Archive",false
stanford_memory_prices_f6861f84dfc67180476e,2025-10-01,2026-08-04T05:05:14Z,stanford_memory_prices,historical_research,DDR4,DDR4 (Keepa),8.0,GB,2133,2.44375,USD,USD/GB,2.44375,,,,https://dam.stanford.edu/assets/memory-prices/memory-prices.csv,Stanford dataset; underlying source: keepa,research_dataset,DDR4 (Keepa) — A-Tech 8GB RAM for Intel NUC7i3DNKTC NUC 7 Business Mini PC | DDR4 2133MHz PC4-17000 1.2V — Cheapest listed $/GB across the consumer Keepa basket; per-drive posting glitches removed,false
stanford_memory_prices_f6f77afda9a4cdf58cb8,1977-01-30,2026-08-04T05:05:14Z,stanford_memory_prices,historical_research,DRAM,McCallum DRAM (historical),,unknown,,36800000.0,USD,USD/GB,36800000.0,,,,https://dam.stanford.edu/assets/memory-prices/memory-prices.csv,Stanford dataset; underlying source: mccallum,research_dataset,"McCallum DRAM (historical) — S-100 16K — Historical, John C. McCallum (jcmit.net) via Internet Archive",false
stanford_memory_prices_f7ec7823c89bbcf76ef2,1989-10-31,2026-08-04T05:05:14Z,stanford_memory_prices,historical_research,DRAM,McCallum DRAM (historical),,unknown,,117000.0,USD,USD/GB,117000.0,,,,https://dam.stanford.edu/assets/memory-prices/memory-prices.csv,Stanford dataset; underlying source: mccallum,research_dataset,"McCallum DRAM (historical) — Everex RAM 10,000 10MB $179+90*11. — Historical, John C. McCallum (jcmit.net) via Internet Archive",false
stanford_memory_prices_f9bb6164c9486154c1f9,2003-03-04,2026-08-04T05:05:14Z,stanford_memory_prices,historical_research,DRAM,McCallum DRAM (historical),,unknown,,176.0,USD,USD/GB,176.0,,,,https://dam.stanford.edu/assets/memory-prices/memory-prices.csv,Stanford dataset; underlying source: mccallum,research_dataset,"McCallum DRAM (historical) — 256MB DIMM DDR-2100 @ $45 — Historical, John C. McCallum (jcmit.net) via Internet Archive",false
stanford_memory_prices_f9c0c843663b9355087a,2024-06-01,2026-08-04T05:05:14Z,stanford_memory_prices,historical_research,HBM,HBM $/GB,,unknown,,15.0,USD,USD/GB,15.0,,,,https://dam.stanford.edu/assets/memory-prices/memory-prices.csv,Stanford dataset; underlying source: manual,research_dataset,HBM $/GB — HBM3e ramp ~$15/GB — Approximate (HBM3e early ramp in 2024),true
stanford_memory_prices_f9cd383475e26b15d1a4,1996-06-02,2026-08-04T05:05:14Z,stanford_memory_prices,historical_research,DRAM,McCallum DRAM (historical),,unknown,,14880.0,USD,USD/GB,14880.0,,,,https://dam.stanford.edu/assets/memory-prices/memory-prices.csv,Stanford dataset; underlying source: mccallum,research_dataset,"McCallum DRAM (historical) — 2Mx36-70 SIMM [72 pin] @ $119 — Historical, John C. McCallum (jcmit.net) via Internet Archive",false
stanford_memory_prices_f9dd38d859f1219e8a40,2013-05-01,2026-08-04T05:05:14Z,stanford_memory_prices,historical_research,DDR3,McCallum DRAM (historical),8.0,GB,,6.7,USD,USD/GB,6.7,,,,https://dam.stanford.edu/assets/memory-prices/memory-prices.csv,Stanford dataset; underlying source: mccallum,research_dataset,"McCallum DRAM (historical) — 2x 8GB DIMM DDR3-1866 @ $109.99 + free shipping — Historical, John C. McCallum (jcmit.net) via Internet Archive",false
stanford_memory_prices_fa15b010a694d4391a58,2026-03-01,2026-08-04T05:05:14Z,stanford_memory_prices,historical_research,HBM,HBM $/TBps,24.0,GB,,312.0,USD,usd_per_tbps,,,,,https://dam.stanford.edu/assets/memory-prices/memory-prices.csv,Stanford dataset; underlying source: trendforce,research_dataset,HBM $/TBps — HBM3e: $16/GB x 24GB / 1.229 TB/s — Derived; TrendForce $/GB + Rambus BW,true
stanford_memory_prices_facd25894c970616f0c0,1988-06-02,2026-08-04T05:05:14Z,stanford_memory_prices,historical_research,DRAM,McCallum DRAM (historical),,unknown,,199000.0,USD,USD/GB,199000.0,,,,https://dam.stanford.edu/assets/memory-prices/memory-prices.csv,Stanford dataset; underlying source: mccallum,research_dataset,"McCallum DRAM (historical) — JDR MCT-ATMF 3MB Multifunc $169.90+426.60 — Historical, John C. McCallum (jcmit.net) via Internet Archive",false
stanford_memory_prices_faf79ee612a92009f45c,1990-09-03,2026-08-04T05:05:14Z,stanford_memory_prices,historical_research,DRAM,McCallum DRAM (historical),,unknown,,72000.0,USD,USD/GB,72000.0,,,,https://dam.stanford.edu/assets/memory-prices/memory-prices.csv,Stanford dataset; underlying source: mccallum,research_dataset,"McCallum DRAM (historical) — Bocaram AT Plus 8MB - $140+72*6.00 — Historical, John C. McCallum (jcmit.net) via Internet Archive",false
stanford_memory_prices_fbd35788e79df9c6c582,2010-01-30,2026-08-04T05:05:14Z,stanford_memory_prices,historical_research,DRAM,McCallum DRAM (historical),2.0,GB,,20.2,USD,USD/GB,20.2,,,,https://dam.stanford.edu/assets/memory-prices/memory-prices.csv,Stanford dataset; underlying source: mccallum,research_dataset,"McCallum DRAM (historical) — 2x 2GB DIMM DDR2-667 @ $79.99 + 2.99 shipping — Historical, John C. McCallum (jcmit.net) via Internet Archive",false
stanford_memory_prices_fdfccafce9702c8749a4,2016-06-01,2026-08-04T05:05:14Z,stanford_memory_prices,historical_research,NAND,NAND SSD (anchor),,unknown,,0.3,USD,USD/GB,0.3,,,,https://dam.stanford.edu/assets/memory-prices/memory-prices.csv,Stanford dataset; underlying source: manual,research_dataset,NAND SSD (anchor) — ~$0.30/GB — Approximate (general SSD price-history),false
stanford_memory_prices_fdfd7ec09b5e4308b967,2016-11-01,2026-08-04T05:05:14Z,stanford_memory_prices,historical_research,NAND,NAND cheapest (Keepa),512.0,GB,,0.39061,USD,USD/GB,0.39061,,,,https://dam.stanford.edu/assets/memory-prices/memory-prices.csv,Stanford dataset; underlying source: keepa,research_dataset,NAND cheapest (Keepa) — Plextor M8Pe 512GB M.2 PCIe NVMe Solid-State Drive with Heatsink (PX-512M8PeG) — Cheapest listed $/GB across the consumer Keepa basket; per-drive posting glitches removed,false
stanford_memory_prices_fea5798069f502d90da5,2025-11-01,2026-08-04T05:05:14Z,stanford_memory_prices,historical_research,NAND,NAND cheapest (Keepa),,unknown,,0.04925,USD,USD/GB,0.04925,,,,https://dam.stanford.edu/assets/memory-prices/memory-prices.csv,Stanford dataset; underlying source: keepa,research_dataset,NAND cheapest (Keepa) — Corsair MP600 CORE XT 2TB M.2 PCIe Gen4 NVMe SSD – Up to 5900MB/s – QLC NAND – M.2 2280 – — Cheapest listed $/GB across the consumer Keepa basket; per-drive posting glitches removed,false
stanford_memory_prices_febf4ee1368e6a3a57b4,2025-10-01,2026-08-04T05:05:14Z,stanford_memory_prices,historical_research,HBM,Logic cost share,,unknown,,12.93,% of component cost,percent_share,,,,,https://dam.stanford.edu/assets/memory-prices/memory-prices.csv,Stanford dataset; underlying source: epoch.ai,research_dataset,Logic cost share — Logic share of AI-accelerator BoM — Epoch AI quarterly estimate (production-volume-weighted across Nvidia/AMD/Google/Amazon),true
stanford_memory_prices_fec505c691fb5ad0697a,2014-01-30,2026-08-04T05:05:14Z,stanford_memory_prices,historical_research,DDR3,McCallum DRAM (historical),4.0,GB,,9.5,USD,USD/GB,9.5,,,,https://dam.stanford.edu/assets/memory-prices/memory-prices.csv,Stanford dataset; underlying source: mccallum,research_dataset,"McCallum DRAM (historical) — 1x 4GB DIMM DDR3-1600 @ $38.99 + free shipping — Historical, John C. McCallum (jcmit.net) via Internet Archive",false
stanford_memory_prices_ff826bc81bd2e6e4d58d,1997-10-02,2026-08-04T05:05:14Z,stanford_memory_prices,historical_research,DRAM,McCallum DRAM (historical),,unknown,,3410.0,USD,USD/GB,3410.0,,,,https://dam.stanford.edu/assets/memory-prices/memory-prices.csv,Stanford dataset; underlying source: mccallum,research_dataset,"McCallum DRAM (historical) — ??? — Historical, John C. McCallum (jcmit.net) via Internet Archive",false
stanford_memory_prices_ffd37c1eef4d196a6d4e,1999-10-02,2026-08-04T05:05:14Z,stanford_memory_prices,historical_research,DRAM,McCallum DRAM (historical),,unknown,,1040.0,USD,USD/GB,1040.0,,,,https://dam.stanford.edu/assets/memory-prices/memory-prices.csv,Stanford dataset; underlying source: mccallum,research_dataset,"McCallum DRAM (historical) — 64 MB DIMM PC-100 @ $66.49 — Historical, John C. McCallum (jcmit.net) via Internet Archive",false
